"pa","Xkm","Ykm","logrec","fyear","year","fmonth","dep","gra","tem.fal","sal.fal"
0,1834.44343863285,5003.57701185343,0,"2007",2007,"12",0.189438538819672,-1.88012219167487,-1.10005249225524,0.639836327093462
0,1797.99304014189,4946.69247925779,0,"2007",2007,"12",0.140698961389381,0.419919176515071,-1.12033670091228,0.561104500335093
0,1829.18972514333,4962.23925520927,0,"2007",2007,"12",0.517276789530999,-1.13033589326793,-1.60753169914943,0.799870814767995
0,1805.66405154019,4923.07739511739,0,"2007",2007,"12",0.477772106185008,0.280693078907486,-1.32679776903693,0.64779126900812
0,1832.48162659432,4935.49163752723,0,"2007",2007,"12",0.780983940052758,-2.0355980155271,-1.78703529253938,0.798656927139537
1,1821.55388409728,5059.30824572414,5.61485208780008,"2007",2007,"12",-0.933625207457796,-0.186654577344166,-2.1750904778281,-1.44782259570833
0,1870.65413142506,4926.45263966649,0,"2007",2007,"11",1.30429365888582,-1.77861924354495,-1.64973344978501,0.862954691537489
0,1903.24059720902,4921.53227703884,0,"2007",2007,"11",1.42332096518064,-1.87065007512559,-1.72120136584334,0.881973673069956
0,1846.90051239593,4885.67271147258,0,"2007",2007,"12",1.35739420201428,-0.618669973864976,-1.66377882696763,0.786527593567713
0,1852.8457532523,4857.2294934543,0,"2007",2007,"12",-0.406724113742984,0.891822845712567,-1.33449503091119,-0.424194362558429
0,1871.37622835367,4851.10716171655,0,"2007",2007,"12",0.450580386620077,0.606374812144269,-1.05404309212018,0.149254419853937
0,1851.99183504098,5067.09911378499,0,"2007",2007,"12",-1.02033045784978,-0.771979721651394,-1.54744669105183,-0.402872887958795
0,1927.21302820742,4923.05917232173,0,"2007",2007,"11",1.94252639537212,-1.99692810019196,-1.57625645010565,0.915531986720018
0,1970.54527629037,4851.38358393449,0,"2007",2007,"12",3.03352464048295,-1.56855433738134,-1.44057164915743,0.997187800725135
1,1789.24693301977,5041.12058270346,3.09265286554298,"2007",2007,"12",-0.652474487712263,0.501608311773789,-1.10729198868219,-0.882845070515839
0,1825.25261923337,5028.1057313548,0,"2007",2007,"12",-0.0139852698819804,-0.741804054898747,-1.4788861570931,0.364598172394839
0,1861.81184002284,4943.87692441841,0,"2007",2007,"11",0.73403992774298,-2.12640912453914,-1.51352892335867,0.814348255575303
0,1817.55759900808,4906.10953133085,0,"2007",2007,"12",0.836649688046281,-0.676493219994538,-1.55213028393437,0.714749896245271
0,1805.4397657243,5027.13315027497,0,"2007",2007,"12",-0.0804250446644715,-0.83525099203112,-1.51358935007042,0.224614206267546
0,1832.41407554929,5031.61718368578,0,"2007",2007,"12",0.319496402175602,-1.2340587129661,-1.49529058055687,0.364372146420235
0,1799.70428432637,4956.64241687609,0,"2007",2007,"12",0.102476880475924,0.629822890916343,-1.19900029183472,0.581895836328101
0,1805.09955932578,5018.72814692385,0,"2007",2007,"12",-0.0532334718839772,-0.57890186404386,-1.40812125041737,0.333097022292164
0,1857.02362986735,4954.82791171352,0,"2007",2007,"11",0.684017650023863,-2.10601421016777,-1.48515980188077,0.812499477615841
0,1788.51731372294,4929.4186678625,0,"2007",2007,"12",-0.0601595935190578,0.915397950971477,-0.739538389667058,0.157462498136536
0,1795.06175644055,4929.54548424362,0,"2007",2007,"12",0.13274666973761,0.896108951383498,-0.963764701955326,0.441984667468808
0,2004.70363750316,4664.83678152308,0,"2007",2007,"12",-0.905407538052832,0.36379201442348,-1.49634218190523,0.597629134524724
0,2035.34076679881,4674.37158323258,0,"2007",2007,"12",2.01537923124542,0.569464730102393,-1.29838069648902,0.769554324326918
0,2054.06864110865,4670.91766299846,0,"2007",2007,"12",-0.602452209993146,0.758768056490191,-0.376620518990768,0.713986342877563
0,1808.30416729821,5026.38171060052,0,"2007",2007,"12",0.0942680096238721,-0.479002253485249,-1.50825939349156,0.264498111742899
0,1865.61436463366,5055.56609594968,0,"2007",2007,"12",-0.649909233919049,0.86278754267583,-2.31629130711266,0.131860944060712
0,1774.14367648971,5034.50643034111,0,"2008",2008,"11",-0.777145313209636,-0.0299378048145394,-1.68332157129613,-1.57398495079822
0,1834.43095180554,5002.81513266623,0,"2008",2008,"11",0.213038834574704,-1.88957348314903,-0.0398478007925882,0.516272779943085
1,1765.61172498922,4943.18568869218,7.71540276919456,"2008",2008,"10",-0.92592949500631,0.476854991513696,-0.652602100798402,-2.30654947573854
0,1796.76773803085,4946.2465030986,0,"2008",2008,"10",0.0873419369169375,0.485408159633117,0.13740885285124,0.470601491657821
0,1823.50230048161,4962.2106793585,0,"2008",2008,"10",0.390040710240413,-0.803881503478333,0.0754565583011046,0.627408688311997
1,1776.57809218846,4908.01590212813,7.38172563971049,"2008",2008,"10",-1.05419169538544,0.408713583733889,-1.4145246523337,-2.07151278074047
1,1778.6557053374,4909.92165684106,5.16201830118712,"2008",2008,"10",-0.99519105385415,0.847306643930284,-0.571578557542542,-1.49376957751744
0,1806.02550888612,4923.5953447774,0,"2008",2008,"10",0.420823657902666,0.223662708292943,0.16945574473127,0.608642970383613
0,1831.11705743443,4931.24535693075,0,"2008",2008,"10",0.659391331036578,-1.96553335197039,-0.417519192329816,0.737551754639647
0,1822.46326702058,5060.11634027237,0,"2008",2008,"11",-0.918233758090745,-0.13905231266687,-1.41602941336392,-1.07083760800091
0,1800.95706738716,4895.21459960425,0,"2008",2008,"10",-0.638622146585805,1.12069196227821,0.0484422810633644,-0.545409938797766
0,1870.83592556724,4927.00165081128,0,"2008",2008,"11",1.32122426542161,-1.80251436717214,-0.660267581149447,0.856415370204973
0,1901.75953877695,4921.10632571589,0,"2008",2008,"11",1.33661569032459,-1.84373752554314,-0.820070225366521,0.906004451137847
0,1847.03728675761,4874.65251300674,0,"2008",2008,"10",-0.895146547344058,0.598007903552993,-0.596160067213921,0.661446182481151
0,1826.26899901281,4877.01036469877,0,"2008",2008,"10",-0.520620961379529,0.841834469138321,-0.449372920851635,-0.471416505302117
0,1847.19977659157,4885.07582465747,0,"2008",2008,"10",1.27504989285638,-0.606572370265823,-1.08647890109671,0.751934895265525
0,1842.29504305351,4854.48784845494,0,"2008",2008,"10",-0.925929470542235,0.286028101758526,-1.39727376703132,-0.589565435278879
0,1851.78623463671,4857.93453822909,0,"2008",2008,"10",-0.446228846017116,0.939444213170854,-0.505994666404097,-0.221049032831762
0,1871.10784131574,4853.02358311635,0,"2008",2008,"10",0.661956535901646,0.711814087112398,-0.536462936575922,0.520519696219328
0,1852.14279609492,5067.42342282012,0,"2008",2008,"11",-1.05162644159222,-0.715454135714767,-0.835635621266066,-0.451511005728196
0,1927.59217710211,4882.10469981576,0,"2008",2008,"10",2.00357913229604,-1.17900112609385,-0.880494091176851,0.951578576427775
1,1872.03877616462,4835.56324012239,3.42552725310549,"2008",2008,"10",-0.954147164411274,0.117842847933737,-1.07160384727312,-0.15752773627306
0,1939.83025528909,4889.51060094597,0,"2008",2008,"11",1.98305729766294,-1.43580437800894,-0.839328236984822,0.955643117825392
0,1940.6333364035,4888.33684075408,0,"2008",2008,"11",2.09361925176172,-1.42368489371028,-0.779019730204625,0.954543824548075
0,1884.48805882266,4808.81429331887,0,"2008",2008,"10",-0.977234350693886,0.257710890907401,-1.47093642029014,0.127879996829298
0,1897.61977414531,4809.87188376223,0,"2008",2008,"10",-0.407750185903378,0.910673861514414,-0.416402448151871,0.251785909258654
0,1921.38412325647,4823.76612986479,0,"2008",2008,"10",2.44736642389286,0.437033980767433,-1.56773189288158,0.918971071440103
0,1970.46930607877,4851.69454499319,0,"2008",2008,"11",2.96298043027443,-1.56840222942701,-0.739419731677749,0.988900363423278
0,1899.07961249314,4786.88466732439,0,"2008",2008,"10",-0.861798394816747,0.537227767089917,-0.845960887530547,0.254586777330572
0,1915.42561820445,4814.77226322087,0,"2008",2008,"10",2.10105848286922,1.04070603900368,-1.42638612428602,0.841101915028894
1,1766.23182588689,4999.518333903,7.27743406263565,"2008",2008,"11",-0.884885581099359,0.531887379712978,-0.260458877704344,-1.64411238585725
1,1765.24639610996,5030.4708163817,6.4490467983795,"2008",2008,"11",-1.09010510170596,-0.393596977421529,-2.3190328119643,-1.70782090135746
0,1789.30161084405,5041.06743731508,0,"2008",2008,"11",-0.618100214096407,0.489702290895049,-0.504349589252325,-0.7440749374872
1,1785.74535282236,4979.19747725894,6.07507217725524,"2008",2008,"11",-0.410315439696592,1.35675583338132,0.668708450725114,-0.310448822086938
1,1770.99454533212,4944.07653343042,4.23515262169885,"2008",2008,"10",-0.723275228192917,1.03752666581669,0.281229915386024,-0.890768494212597
0,1788.70279127517,4885.61296114363,0,"2008",2008,"10",-1.22862826832979,0.0707237657376948,-2.18775154084206,-1.83742021450561
0,1885.02472054795,4836.09294299287,0,"2008",2008,"10",-0.253835545448427,0.620789441665216,-0.190814827289508,0.202217867735875
0,1775.84803147761,5005.88285684588,0,"2008",2008,"11",-0.338488627055539,-0.748065680360868,-0.121061980915001,-0.279379820560417
0,1908.29469829534,4779.34933415701,0,"2008",2008,"10",-0.359010559544941,0.984212187134376,-0.147629940326467,0.392099126250728
0,1818.84107243444,5028.01947062027,0,"2008",2008,"11",-0.0152678723145143,-0.538567156350387,-0.631859603971696,0.217862600467189
0,1861.74979080623,4943.79916766181,0,"2008",2008,"11",0.518302910619539,-2.12691536254504,-0.125583808632644,0.766381672155004
0,1816.7128167698,4906.1985199546,0,"2008",2008,"10",0.733783348542694,-0.606369438372462,-0.30169714637552,0.671592104044944
1,1770.67744627532,5031.55523945401,5.41572713647739,"2008",2008,"11",-0.846406920985621,-0.177546808784156,-1.63932325855141,-1.46842731258737
0,1804.84079880358,5027.06704215003,0,"2008",2008,"11",-0.09222519254199,-0.928078711179269,-0.764226337239087,0.127205735990834
0,1793.30611877963,4998.53890893347,0,"2008",2008,"11",-0.09222519254199,-0.940554041568223,0.240606629641968,0.247269015998058
0,1832.50257321787,5028.948204756,0,"2008",2008,"11",0.33360532250234,-1.09888870056249,-0.351042375137629,0.285832982494049
0,1798.55838441562,4956.81188372831,0,"2008",2008,"10",0.064254701706175,0.742138101254613,0.117274804921277,0.471657461017952
0,1804.11786887951,5018.6993981848,0,"2008",2008,"11",-0.0332245999388493,-0.697753657152563,-0.381433979354568,0.250627823780701
0,1855.24235592731,4956.60520898949,0,"2008",2008,"11",0.595260230847015,-2.05781604774147,-0.0447227972012646,0.699010281681444
0,1787.5785409972,4928.11566191514,0,"2008",2008,"10",-0.0588769910865288,0.917360568209923,0.509595021826758,0.248314433844045
0,1797.25159343503,4929.31131075739,0,"2008",2008,"10",0.102733361819913,0.802486962701429,0.252676638799621,0.473151849879966
1,1787.57390559102,4901.31141017454,4.57935340851218,"2008",2008,"10",-0.887450810428497,0.850866966923272,-0.688763079484421,-1.30710793041111
1,1783.90316047426,4900.42809639039,6.91357012704577,"2008",2008,"10",-1.21580206052391,0.356149880592593,-1.28277276260065,-1.72907345030408
0,1800.88591445087,4887.41949699476,0,"2008",2008,"10",-0.897711801137271,0.656317664548098,-1.21214850310393,-1.26085429124629
0,1878.15824805833,4837.89324067473,0,"2008",2008,"10",-0.625795975476043,0.411335959367422,-0.796419678517147,-0.0800739877929755
0,1903.82539404983,4810.87187483848,0,"2008",2008,"10",0.63886939854718,1.24988805439581,-0.261893837867416,0.516306997385584
0,1905.91601889137,4757.63776013119,0,"2008",2008,"10",-1.00545206902699,-0.149357402414896,-0.754779349184553,0.285386974263129
0,1930.73053784731,4735.26699318653,0,"2008",2008,"10",1.3904858731976,0.844106848616301,-0.880151185269358,0.74257781071479
0,1929.32630770417,4727.8200839654,0,"2008",2008,"10",-0.359010559544941,0.345163899584002,0.0478685932075266,0.514815880310843
0,1960.90979325796,4693.51341313971,0,"2008",2008,"10",-0.841276413399199,-0.297983958409412,-0.0677505667515931,0.507483068756555
0,2022.0455616648,4698.39902279204,0,"2008",2008,"10",3.12972129076729,0.758130713549893,-2.18489756935763,1.01772310118313
0,1986.31596980016,4677.20354717928,0,"2008",2008,"10",-0.674535552906335,0.318726264267126,-0.0478610483696583,0.5198525242534
0,1999.01422143631,4704.18217609471,0,"2008",2008,"10",-0.792536811504832,0.578066729533686,-2.17121518804757,1.01345344598495
0,2034.27507110953,4674.32803283451,0,"2008",2008,"10",1.99075310797072,0.56410309745772,-0.788329590744299,0.852729392777813
0,2051.8388016398,4670.81761285937,0,"2008",2008,"10",-0.605273994058495,0.728076071332804,0.559585441063773,0.781148502551437
1,1774.91975326966,4968.81826500463,7.56489400830451,"2008",2008,"11",-1.03880022155431,1.93621199965854,-0.28807343194493,-2.1589275766237
0,1807.83223731249,5028.27029933567,0,"2008",2008,"10",0.0334717540439276,-0.654390163458761,-0.769718128679189,0.141994760011382
0,1862.53227995252,5070.17480402051,0,"2008",2008,"11",-0.566795333944757,0.233148834640031,-1.32164376082466,-0.098921663993923
1,1776.32085702063,5034.91708864792,3.68620043080624,"2009",2009,"11",-0.766884346964932,0.084036006878223,-0.730738787521637,-0.998092034192245
0,1834.37256531765,5003.42474963261,0,"2009",2009,"12",0.200212614536792,-1.88011728231683,0.298878575025974,0.728181373908773
1,1765.39702113661,4943.25106105814,8.64837897636597,"2009",2009,"11",-1.02340874772318,0.459496908923459,-0.148426917776004,-2.14409869132758
0,1798.45199173456,4947.65988691644,0,"2009",2009,"11",0.112994376992763,0.418510416136369,-0.0887028146613192,0.747995863265163
0,1823.3633995126,4963.13176188675,0,"2009",2009,"11",0.387475407519053,-0.735263253720136,-0.0363051076718234,0.792333652830241
1,1775.55882127517,4910.06863203377,6.7380264389293,"2009",2009,"11",-1.07471362787483,0.525242376973079,-0.544142716289302,-1.88290714666327
0,1784.14235216542,4912.123885874,0,"2009",2009,"11",-0.697622739188946,1.28772347403831,0.742705210730718,-0.538196465686303
0,1805.84830820194,4922.26963984345,0,"2009",2009,"11",0.390040612384122,0.270311221434772,-0.00792261611599512,0.762518781916339
0,1830.94656402493,4931.19954677621,0,"2009",2009,"11",0.664521838623005,-1.96361911663494,-0.154612292171084,0.817907487596711
0,1822.63504914035,5060.06952362272,0,"2009",2009,"11",-0.949016681288922,-0.174576357586198,-0.922381093219348,-0.766600320764078
0,1801.1229689033,4895.09233486181,0,"2009",2009,"11",-0.61296970650998,1.11854444984602,0.58963013183472,-0.256759773570308
0,1872.40689619793,4926.77558833524,0,"2009",2009,"12",1.22117970998337,-1.8106665579298,-0.412995465387427,0.856262877650614
0,1900.85592385773,4922.35162308821,0,"2009",2009,"12",1.29813703021085,-1.88111121187008,-0.92875043105792,0.861061308210777
0,1849.48901602671,4872.4238315885,0,"2009",2009,"11",-0.890016064221711,0.777874873311072,0.0157877243701819,0.652194958427157
0,1826.41297649318,4877.35152571086,0,"2009",2009,"11",-0.435967879772417,0.874283565291135,0.483534556188682,-0.13192963575054
0,1846.69602165572,4885.99611949516,0,"2009",2009,"11",1.30070233293221,-0.637056945161829,-0.557192829984285,0.801609806086023
1,1837.73892374418,4857.05780308968,3.89709416003888,"2009",2009,"11",-0.946451427495708,0.333675653780561,-0.96890554917878,-0.912411776360906
0,1853.45335089288,4856.4263049922,0,"2009",2009,"11",-0.45648981226182,0.833560936920058,0.251737655092575,-0.138359134088449
0,1872.3502814255,4850.30723466805,0,"2009",2009,"11",0.27973513962933,0.616534659652509,0.0787054407657318,0.357694792015657
0,1849.51387110068,5063.91340587206,0,"2009",2009,"11",-0.90027703046641,-1.2236066550084,-0.126870193659927,0.316937991857792
0,1930.154538093,4879.66813193402,0,"2009",2009,"11",1.95227425214439,-1.17257422861734,-0.589244588990888,0.886783009587924
1,1871.94662175079,4835.52098078489,3.99285545432151,"2009",2009,"11",-1.03469583505643,0.117842847933737,-0.693992772095157,-0.437772679854823
0,1884.63439911696,4846.15662145041,0,"2009",2009,"12",1.15448340492875,0.888454810614276,-0.294166720073592,0.634181179021457
1,1880.44510735308,4816.7942051749,5.59688031174377,"2009",2009,"11",-1.13371424494205,-0.00491773743942876,-1.23976129751255,-0.322559097497554
0,1895.49535724962,4814.65145974475,0,"2009",2009,"11",-0.587317315362306,0.776293812544937,-0.00709420562491714,-0.0164443768971647
0,1921.08251557088,4822.74356163099,0,"2009",2009,"11",2.24471210815132,0.516448514745061,-1.78431460946405,0.867076952716554
0,1878.07306066765,4853.91679675811,0,"2009",2009,"12",1.43666024576283,1.04728547263079,-0.580197797221028,0.728418905668798
0,1900.73684318408,4786.23900508925,0,"2009",2009,"11",-0.848972150314759,0.639978069573692,-0.564592372400319,-0.0721296519222585
0,1916.5471083042,4815.49190856419,0,"2009",2009,"11",1.77014206460484,0.938713291468887,-1.45571439494029,0.822446365450535
1,1766.20165697734,4999.92511806,8.65587047646979,"2009",2009,"11",-0.872059361061446,0.532889043346667,0.164610630620958,-1.18120437369885
1,1765.44816036491,5030.64625648961,7.4036408499665,"2009",2009,"11",-1.14397521118675,-0.388493578135524,-1.49094414363514,-1.25980156640857
0,1790.02013875185,5041.34181712628,0,"2009",2009,"11",-0.648883112830509,0.522701612315964,0.1771311103441,-0.209853158361178
1,1785.27159717755,4979.76999059278,8.2433902036862,"2009",2009,"11",-0.430837421114141,1.39076831017568,0.773290710117237,0.119451054725541
1,1775.84817616549,4944.61551368404,6.39163592364524,"2009",2009,"11",-0.469316081227878,1.25615214583977,0.725865289794905,-0.0688815305225177
1,1789.12877787313,4885.35340566988,4.08960994988053,"2009",2009,"11",-1.22862826832979,0.0758969174168858,-1.75641400989918,-1.90910871018187
0,1885.15999383077,4836.32361856139,0,"2009",2009,"11",-0.323097153224417,0.626821961637781,0.214662783375786,0.12115470165209
1,1776.51399235562,5005.05852321596,4.21891198620944,"2009",2009,"11",-0.36927152578964,-0.802329423008527,0.432727069537178,0.24878753429167
0,1908.45623354055,4779.15463117122,0,"2009",2009,"11",-0.402619678316956,0.971471013645205,-0.0689450920255789,0.162658932536784
0,1819.32239594772,5028.08096289993,0,"2009",2009,"11",-0.0742684649176501,-0.548384189420289,0.0529841871299975,0.690966410769598
0,1861.65526671538,4943.58959214597,0,"2009",2009,"12",0.456737113151335,-2.12967949339458,0.141916532215401,0.828536470382887
0,1817.0024352523,4905.45169619378,0,"2009",2009,"11",0.751740076167034,-0.531884231283947,-0.126982840341429,0.757243597412687
1,1770.46677488586,5031.2864853469,6.59605071644432,"2009",2009,"11",-0.882320327306145,-0.175261643815787,-0.828010146604146,-1.00874555538339
0,1805.39699813477,5027.20531423307,0,"2009",2009,"11",-0.143530072693641,-0.844563011620769,-0.071286505136999,0.622873336717901
1,1793.17856708616,4997.88362470842,4.00208693147523,"2009",2009,"11",-0.0973556512002666,-0.920404404197514,0.224023957832945,0.6806248545002
0,1834.31339875801,4995.28965110854,0,"2009",2009,"12",0.0822114293305099,-1.99386823278972,0.325082162062605,0.721680550607098
0,1799.59348261528,4956.74859183313,0,"2009",2009,"11",0.043732769216772,0.639776302750104,-0.114202050661187,0.755759814594536
1,1805.60887072926,5019.30951066356,4.99402440007139,"2009",2009,"11",-0.0665727035380141,-0.504645212532227,0.0308888266002917,0.697990574630898
0,1855.2595949294,4956.77329544255,0,"2009",2009,"12",0.536259638243879,-2.05707059792069,0.0683442402388179,0.804078006093124
0,1792.27887661544,4929.38265506351,0,"2009",2009,"11",-0.0203983799009367,0.956636639619155,0.283074109123664,0.635345208246328
0,1797.28601837595,4928.84906945039,0,"2009",2009,"11",0.0386022616303498,0.804855838716299,0.0736873171504624,0.725190633112235
0,1788.28352467404,4901.8619437355,0,"2009",2009,"11",-0.969538638242395,0.940730855027391,0.208792087877572,-1.01757301936028
1,1781.35370342457,4892.97354845057,6.16521171110792,"2009",2009,"11",-1.1952800913384,-0.372499910413009,-2.04633154566283,-2.17972060304014
0,1800.52236099321,4887.18027889377,0,"2009",2009,"11",-0.928494724335449,0.627857257014795,-0.271325986413255,-1.18702479247239
0,1877.83846971022,4837.81946252008,0,"2009",2009,"11",-0.710449008155005,0.386463532823672,-0.301181184498882,-0.318644104045736
0,1904.97681789556,4792.7326849829,0,"2009",2009,"11",0.495215675408782,1.07642530657598,0.111127153661001,0.136376419546787
0,1935.64877977774,4758.99589378739,0,"2009",2009,"11",-0.936190461251009,1.72491228586362,-1.7592471944553,0.92169167166298
0,1930.82105517226,4736.0160541926,0,"2009",2009,"11",1.42896443545504,0.899893152134102,-0.84337069339525,0.634209643571202
0,1928.77778234653,4728.25073651735,0,"2009",2009,"11",-0.423141659734505,0.308673602070486,-0.130571416874601,0.225019771571733
0,1958.67011045309,4695.65348202164,0,"2009",2009,"11",-0.874624590390585,-0.453288024887158,0.0460421139519258,0.251747956525632
0,2022.60008067923,4697.82594354513,0,"2009",2009,"11",2.94245859564132,0.757796379803809,-2.33765683098357,0.942937658858344
0,1986.71530720783,4677.6404069752,0,"2009",2009,"11",-0.689927026737456,0.318726264267126,-0.16141021012174,0.283883860634861
0,2003.26718495922,4666.09294568294,0,"2009",2009,"11",-0.902842308723694,0.363715615516424,-0.123129801111836,0.329475371839197
0,2032.89050831082,4674.27916991394,0,"2009",2009,"11",1.88557794708977,0.538694983177317,-0.691498660148704,0.67040259123206
0,2053.36122465239,4670.89946595776,0,"2009",2009,"11",-0.671970348041267,0.752239475526426,0.504621004367704,0.530269486132329
1,1775.52230668302,4970.77316101591,8.13833240590673,"2009",2009,"11",-1.10806180486623,1.96436796871874,0.133809037786043,-1.82111907944162
0,1807.37875038752,5028.71215449299,0,"2009",2009,"11",-0.00244160334845101,-0.720426117673548,-0.0713075882746624,0.629718897344355
0,1854.42103683335,5056.42599200153,0,"2009",2009,"11",-0.497533726168767,-0.509832285158009,-0.379204335912467,0.582155398122756
1,1842.01635418785,5037.99966544955,3.64517215164224,"2010",2010,"11",-0.654013620416932,-1.6497493527842,-1.2286468539786,0.280390273390883
1,1834.35564152843,5002.99683250148,3.29561403460193,"2010",2010,"11",0.00268890423797137,-1.88050385910262,-0.777781400791802,0.523223555796999
1,1765.7712354191,4943.17369208843,6.38207241480923,"2010",2010,"11",-0.872059361061446,0.492874967163998,-1.04689977661848,-2.65094626200346
0,1797.20680946929,4946.78616240149,0,"2010",2010,"11",0.205343122123214,0.466655479607025,-0.659556399873061,0.414402027989271
0,1829.35762528397,4961.80233449029,0,"2010",2010,"11",0.305387579705155,-1.15263149258316,-0.740647112959855,0.623381963322951
1,1770.05131479452,4909.89451778469,6.91133389008104,"2010",2010,"11",-1.0721483985457,-0.0284191263856044,-3.17645378752642,-3.05506221894972
1,1784.79083375422,4913.7473035521,5.09674196678476,"2010",2010,"11",-0.479576998544432,1.28455157186213,0.306996314814763,-0.582462384989717
0,1805.30166544087,4922.57798244996,0,"2010",2010,"11",0.508041993302986,0.32759507949835,-0.713456486601716,0.395869506702674
0,1836.67513933652,4937.63852237864,0,"2010",2010,"11",0.567042585906127,-2.12616162359076,-0.69296749272464,0.599498379331606
1,1822.7380370908,5060.09341473725,5.37061964644073,"2010",2010,"11",-0.869494131732308,-0.177720995029053,-1.76596064046296,-1.32486822809353
0,1801.73606832495,4893.37653819933,0,"2010",2010,"11",-0.595012978885645,1.08296086023856,-0.520945398818013,-0.999317809314636
0,1871.31136205474,4926.13718453844,0,"2010",2010,"11",1.12113525240143,-1.77889023004799,-0.875778525106305,0.752265709317596
0,1901.85289631676,4921.53952657281,0,"2010",2010,"11",1.13396147243934,-1.86159053819854,-1.15365372696039,0.758183281998161
1,1822.66557303701,4870.65390771797,5.461308402146,"2010",2010,"11",-0.78740632838248,0.107945040471342,-1.63624172276551,-1.48743426121314
0,1826.09692962762,4877.78132317777,0,"2010",2010,"11",-0.36927152578964,0.864842156454608,-0.0864287281974983,-0.216214149107758
0,1846.15745997948,4886.56188202085,0,"2010",2010,"11",1.38176394180127,-0.623208153919513,-1.1309975898185,0.609610492426268
1,1837.04490064506,4857.48661279462,5.79653821760921,"2010",2010,"11",-0.836145954740922,0.323669687686155,-1.76616019845878,-1.31461218362128
0,1851.51811293173,4858.68152493968,0,"2010",2010,"11",-0.292314205562165,0.978546962016983,-0.404130668140087,-0.521361429460141
0,1871.46096802271,4852.24471367733,0,"2010",2010,"11",0.63117368609569,0.687078760020827,-0.520250613601541,0.369439736017932
0,1849.97416429833,5064.06925070672,0,"2010",2010,"11",-0.797667294627184,-1.19263632671699,-1.18614034455605,-0.199555434953703
0,1929.26933641355,4888.10746784948,0,"2010",2010,"11",1.77270717161362,-1.3989482295962,-1.10543130595627,0.816933403802799
1,1871.98400346244,4835.82018312548,4.69565264108319,"2010",2010,"11",-0.890016064221711,0.122006966510353,-1.18692105953042,-0.803418361570582
0,1939.82645746201,4925.44189670074,0,"2010",2010,"11",1.82657745234292,-2.22885069858109,0.142193575097912,0.763790525650788
1,1882.22069566248,4813.18015973012,5.69542591904808,"2010",2010,"11",-1.19784536959569,0.101679897440512,-1.63895595893101,-0.660200415435454
0,1896.24547509948,4812.26187044113,0,"2010",2010,"11",-0.687361772944247,0.832713551684134,-0.470425949643921,-0.336399330457856
0,1921.3436566208,4823.76359406551,0,"2010",2010,"11",2.23958169842119,0.440924101843599,-1.70834101781087,0.745302527936701
0,1970.31495365966,4853.1164044895,0,"2010",2010,"11",2.71671704468902,-1.5715298653934,-0.523383114823358,0.911630789304853
0,1900.70863029066,4786.25592077769,0,"2010",2010,"11",-0.682231314285971,0.639497087737082,-0.933181792948768,-0.373050982702155
0,1917.22627350914,4815.0321192499,0,"2010",2010,"11",1.77014196674855,0.907068310403856,-1.51515289994878,0.678796088973137
1,1765.92468841153,5000.2659302917,7.67970258362926,"2010",2010,"11",-0.789971533247548,0.525756795600168,-1.13644314936452,-2.07606674516915
1,1766.2485722625,5031.81153211012,6.91433478278687,"2010",2010,"11",-1.0824093647904,-0.419848197262064,-2.64655235015719,-2.0484851781088
1,1790.10620611571,5041.4571272669,3.2650316162447,"2010",2010,"11",-0.528316673831019,0.544430222318979,-0.74187745633575,-0.754551309571184
1,1784.57600190334,4979.40508989907,6.91433478278687,"2010",2010,"11",-0.389793507207189,1.43247304510355,-0.0329915121715953,-0.474458913073584
1,1776.07698831645,4944.53253554012,5.70176312349905,"2010",2010,"11",-0.333358119469116,1.25470451236635,0.325444739757146,-0.359603364221234
1,1789.86314481088,4884.77354905548,5.39259093748164,"2010",2010,"11",-1.09010510170596,0.065743772229774,-2.76617584263824,-2.32780415134691
0,1886.0031452127,4835.51771969842,0,"2010",2010,"11",-0.148660531351917,0.630632182052942,-0.240729382079233,-0.120887571637649
0,1776.4365804179,5005.63021241972,0,"2010",2010,"11",-0.241009325410514,-0.856868862124416,-0.656661981289452,-0.353537279660794
0,1908.29523991343,4779.79528174893,0,"2010",2010,"11",-0.258966004106703,1.01979325193699,-0.47660259457452,-0.152462691398877
0,1818.81589006739,5027.99963397867,0,"2010",2010,"11",0.036037056765287,-0.538308057105332,-1.11865531197632,0.33864267454819
0,1861.94295912679,4944.1442664849,0,"2010",2010,"11",0.438780287670704,-2.12768556059215,-0.419040872142411,0.647609357632659
0,1817.72482352507,4905.41246859333,0,"2010",2010,"11",0.867176056508248,-0.605942963757465,-0.642365714769429,0.506170454945472
1,1770.17223079504,5031.14398891944,6.42382613435086,"2010",2010,"11",-0.759188610049371,-0.180203607377574,-2.03934864786371,-1.78440820784669
1,1804.4747643593,5027.32773461921,4.02004768602484,"2010",2010,"11",-0.0999209049934754,-1.01108339978293,-1.1107900238843,0.216685665858915
1,1794.24208447182,4997.91416750142,3.37727464888998,"2010",2010,"11",-0.0947904463351988,-0.845767988709478,-0.495441074986595,0.289989043053844
0,1834.0795251041,4995.48160355007,0,"2010",2010,"11",0.148907734385141,-1.97315543620274,-0.697170808247704,0.555172313671061
0,1798.45017799041,4956.86253421418,0,"2010",2010,"11",0.189951697220238,0.749276601369984,-0.744216261643097,0.439573360208025
0,1804.84483934408,5018.84576657542,0,"2010",2010,"11",0.0103845188331651,-0.60620877835572,-0.949351967072048,0.353112290330888
0,1855.54558656651,4954.95055501127,0,"2010",2010,"11",0.390040710240413,-2.08554327893428,-0.420665894177342,0.651915493259532
0,1791.2959586863,4929.96927092513,0,"2010",2010,"11",0.0924723466470631,0.947206648483425,-0.385741618656598,0.25026065653607
0,1796.56255384121,4928.68616246783,0,"2010",2010,"11",0.233560767064102,0.855999078169772,-0.683501616966648,0.332462677258977
0,1787.93457492608,4901.60547236679,0,"2010",2010,"11",-0.764319093171723,0.898359276767551,-1.04409862913867,-1.63668270213316
1,1782.21308898343,4891.93463856535,4.82085698861294,"2010",2010,"11",-1.08497459411954,-0.282167969641279,-3.0645211738981,-2.62145842440962
1,1801.01599050516,4887.4996477228,3.73823584966194,"2010",2010,"11",-0.805363031542745,0.669564969454582,-1.42148273243385,-1.61461302430136
0,1876.66221720179,4839.05320345225,0,"2010",2010,"11",-0.548838606320417,0.372013871503456,-0.629315688194673,-0.582324151975084
0,1903.97281210303,4813.16602544321,0,"2010",2010,"11",0.531129130657452,1.27433164042345,-0.870498244581409,0.363029513960427
0,1906.05117412888,4762.04874928446,0,"2010",2010,"11",-0.789971582175694,-0.230474324257899,-1.01456481241282,-0.317548082555778
0,1930.52398283253,4737.26135917959,0,"2010",2010,"11",1.66496700158019,0.965477509319385,-0.598501608101937,0.538373067163003
0,1929.27846289142,4727.70561281318,0,"2010",2010,"11",-0.25640079924164,0.31442225637741,-0.0224341745768224,0.0648637369978956
0,1958.62520093393,4695.07413525612,0,"2010",2010,"11",-0.774580108344568,-0.448696995314214,0.0067190131069567,0.0771752000643775
0,2021.93414754702,4698.40933416904,0,"2010",2010,"11",3.10663405555653,0.758029865307872,-2.00105400337999,0.909312428069092
1,1987.2578118332,4677.00817288534,3.34450384890553,"2010",2010,"11",-0.610404501644917,0.318726264267126,-0.242433753377604,0.143297612990278
0,2003.8514244603,4665.68791477701,0,"2010",2010,"11",-0.784841050125196,0.363779811162074,-0.368804250645627,0.201455813937435
0,2035.67908893288,4674.30414688766,0,"2010",2010,"11",1.93944803210648,0.571955615635732,-0.610045613304496,0.635890824224813
0,2054.34856104173,4671.07005435105,0,"2010",2010,"11",-0.574491046396242,0.761906174010808,0.635137648750281,0.437946191310195
1,1775.30934179636,4969.89223188641,7.70348934464283,"2010",2010,"11",-1.01058252768527,1.95693644467389,-0.889983245506598,-2.40309642988193
0,1807.62983797566,5029.46679433763,0,"2010",2010,"11",0.130951006760801,-0.773739505642741,-1.14297444984103,0.241906147594031
0,1853.95183563173,5056.41797004268,0,"2010",2010,"11",-0.356445354679878,-0.571896943251549,-1.4635132392047,0.0653832422958024
0,1775.22201186129,5034.34946491339,0,"2011",2011,"11",-0.748927668268742,0.0249665732621526,-1.01944472241215,-1.40754640293222
0,1834.15039074973,5004.89836616209,0,"2011",2011,"11",0.202777819401854,-1.78092137517525,0.0531472765250573,0.710328484644895
1,1778.70231105257,4969.57494339526,8.27322231073186,"2011",2011,"11",-0.54370814766214,1.83477246371008,0.668799927148617,-1.18583504336377
1,1796.31994900358,4945.31686747397,4.29576927770537,"2011",2011,"11",0.154038241971563,0.507237318604609,-0.258008285303345,0.574226112473735
1,1829.44337102538,4961.93666449314,3.31284656543273,"2011",2011,"11",0.477258947784442,-1.15248254486573,-0.184375845400463,0.898327429380143
1,1770.23951514559,4907.91797644725,6.52918785812121,"2011",2011,"11",-1.21580204829188,-0.217171251103441,-1.78799771163486,-3.06698297607936
1,1784.3216048236,4914.43171210596,4.02004768602484,"2011",2011,"11",-0.571925792603034,1.26626847516101,0.962512253440198,-0.459613996019478
0,1804.67947394825,4922.51174523729,0,"2011",2011,"11",0.477258947784442,0.387776850847617,-0.233889855423942,0.572974353906915
0,1837.06678984837,4937.77025291264,0,"2011",2011,"11",0.741479158850481,-2.13158015711124,-0.176014464691679,1.00622734922739
0,1822.33243413923,5058.86570731003,0,"2011",2011,"11",-0.884885581099359,-0.269055527509451,-0.770206107482209,-0.980603594771775
1,1800.78084030103,4894.6870705607,3.95642836693521,"2011",2011,"11",-0.646317859037296,1.11732384204063,0.962690153303773,-0.647831605207799
0,1871.16261828496,4925.94295748125,0,"2011",2011,"11",1.33918099304595,-1.76900514766811,-0.349130372686069,1.03978397245402
0,1900.93526272424,4922.5795159437,0,"2011",2011,"11",1.35970292553535,-1.88980555097445,-0.301488336192874,1.0600830407786
1,1848.62267062521,4871.80263996274,5.37457837769972,"2011",2011,"11",-0.877189844183798,0.852853213133335,0.024834829773503,0.715748836534632
0,1825.6442900313,4875.27220329758,0,"2011",2011,"11",-0.502664184827043,0.654485377066117,0.803574058521083,-0.531071467157166
0,1845.55538396564,4886.80875115924,0,"2011",2011,"11",1.35970292553535,-0.589508610373752,-0.801690724279214,0.860367880151498
1,1835.89536411499,4858.15230348419,6.86565155162968,"2011",2011,"11",-1.01314778147849,0.3130076385192,-0.559875116193926,-1.24662965053981
0,1851.50832388839,4858.86665770328,0,"2011",2011,"11",-0.341053831920606,0.988275521234623,0.741513089979834,-0.239693912748145
0,1871.22341128728,4851.67434541656,0,"2011",2011,"11",0.695304688428956,0.637930284528165,0.319461989996231,0.352516170679719
0,1830.55023650869,5062.89762730199,0,"2011",2011,"11",-0.864363648609956,-0.97349324919192,-0.963916407617651,-0.441595036283785
0,1929.21564669209,4883.1582696538,0,"2011",2011,"11",2.02666636750681,-1.21838581464432,0.18723315090318,1.1256837944799
1,1872.19282297262,4834.97754535215,6.20099009712225,"2011",2011,"11",-0.9438861737025,0.115001530605213,-0.15427827254474,-0.668294090221083
0,1940.36799801936,4890.69956250046,0,"2011",2011,"11",2.07027563306326,-1.43225723587976,0.317641568512625,1.11300570946687
1,1881.86118299242,4813.30837682245,5.22704864743929,"2011",2011,"11",-1.0362349677611,0.0884140253122789,-0.62744532929597,-0.348314743668199
0,1896.58600168703,4812.00321566092,0,"2011",2011,"11",-0.50009897996198,0.850564083314986,0.48420729994312,-0.174025178576782
0,1921.57428118094,4823.10892627186,0,"2011",2011,"11",2.46275784879583,0.475998513136873,-1.26900265104436,0.961347506296728
0,1879.6185571649,4868.56681562001,0,"2011",2011,"11",2.13440673325283,0.690423930125549,-1.76722777188111,0.869193662793278
0,1901.58212048402,4784.59827136502,0,"2011",2011,"11",-0.769449600758145,0.654210044565581,0.138731427694043,-0.0750701980481932
0,1918.13690564428,4814.99560587649,0,"2011",2011,"11",1.95997006245218,0.860883472837405,-1.2081063022467,0.914948063564948
1,1766.19784699462,4999.70238723609,8.84517538786254,"2011",2011,"11",-0.85666788723032,0.533763235728875,0.0801467026380303,-1.39285711389546
1,1764.23785938906,5028.64777645499,6.88769344084764,"2011",2011,"11",-1.1388447280644,-0.363615048608103,-1.58013098484277,-1.4300263447184
0,1789.31247584791,5040.54839414886,0,"2011",2011,"11",-0.618100165168257,0.421681569042298,0.384098870734549,-0.461131332834306
1,1786.1943498246,4979.18043803243,8.4400531030021,"2011",2011,"11",-0.392358712072257,1.32068589343209,0.6742084779473,0.12127362203314
1,1774.4944208042,4944.35390735787,7.7006225126966,"2011",2011,"11",-0.425706864599567,1.22208106692134,0.760100541661826,-0.421316907398105
1,1789.66891829342,4884.93195088055,5.25970933797967,"2011",2011,"11",-1.18245387130049,0.064530100747173,-1.45900615225934,-2.2059407066869
1,1886.55780087147,4834.56522565999,3.29561403460193,"2011",2011,"11",-0.220487392921116,0.60375365531549,0.501194942234906,0.0251701404853864
0,1775.20504494472,5004.66773661716,0,"2011",2011,"11",-0.297444713148592,-0.490718022213084,0.24119277571544,0.0505164042666674
0,1908.37948079822,4779.29867232298,0,"2011",2011,"11",-0.305140425600077,0.983478387750451,0.527707423373601,0.108541279880182
0,1819.7233884743,5028.43542700871,0,"2011",2011,"11",-0.0075721109348783,-0.56230258625849,-0.32627357983132,0.6317867759952
0,1861.8552559822,4944.28794074597,0,"2011",2011,"11",0.677348058660918,-2.12963605132912,0.171309666913913,1.03268105848931
0,1817.52559993615,4904.56773780987,0,"2011",2011,"11",0.838958313711063,-0.490360906996848,0.00978101649837533,0.751310947245484
1,1771.01080946007,5031.4026325653,5.86542645891962,"2011",2011,"11",-0.854102633437111,-0.180435675986226,-0.898616993636213,-1.23446207340943
0,1804.50499867554,5027.51478218187,0,"2011",2011,"11",-0.15379103893834,-1.01693970989,-0.369782670855144,0.448048470866327
0,1793.86562535768,4998.37918699446,0,"2011",2011,"11",-0.09222519254199,-0.892839695627378,-0.172902698125839,0.479875918136993
0,1834.33674030421,4995.34657444526,0,"2011",2011,"11",0.328474814915918,-1.99426043521965,0.0216010946429928,0.740534661323167
1,1798.64397219668,4955.53561569242,3.33059109100191,"2011",2011,"11",0.130951006760801,0.69698633913592,-0.261023905792043,0.651901506368716
0,1804.76374137659,5018.0809610241,0,"2011",2011,"11",-0.0383550585971259,-0.624875992518837,-0.322521768702378,0.566091013225154
0,1855.57388897032,4955.63923323754,0,"2011",2011,"11",0.590129723260592,-2.07914594884917,0.026808455390383,0.967354235181989
0,1791.16420294741,4929.94481584039,0,"2011",2011,"11",0.0257759926642914,0.947965298212237,0.0714396107447487,0.353444267685117
0,1796.94487119837,4928.46242920093,0,"2011",2011,"11",0.202777917258151,0.834870162808439,-0.128527659333107,0.488997388558555
1,1854.46751456718,4904.27155481013,6.64229468530373,"2011",2011,"11",-0.854102657901182,-0.512760435000841,-0.950504134406036,1.00747916232392
1,1782.48302296402,4893.11470926119,7.56481826767166,"2011",2011,"11",-1.13371424494205,-0.266033695358542,-1.49342420015648,-2.43965606310763
1,1800.27167876029,4887.98512161578,6.37700914377464,"2011",2011,"11",-0.838711208534131,0.719732651563815,-0.0367009827845389,-1.42845043382205
1,1876.78130367403,4838.85561617429,3.98761978596663,"2011",2011,"11",-0.605273994058495,0.371283025661569,0.400531550249026,-0.436042676863643
1,1904.09295072368,4811.61250239877,3.28223180618448,"2011",2011,"11",0.692739483563893,1.26393911120894,-0.132433214741682,0.452912164495415
0,1898.39826285625,4891.42791670886,0,"2011",2011,"11",-0.87462461485466,-0.695853280956233,-0.855254473978871,1.05703722489532
0,1930.52167586376,4737.29838648023,0,"2011",2011,"11",1.71370667686677,0.968294792324316,-0.0547579060583908,0.75461030847007
0,1929.33531879802,4728.11799593335,0,"2011",2011,"11",-0.261531306828063,0.357062452530995,0.602835145606864,0.29496267782545
0,1958.82134268201,4695.03120049494,0,"2011",2011,"11",-0.831015447154494,-0.447223112822676,0.790565675499182,0.380785612849158
0,2021.542175511,4698.28702118985,0,"2011",2011,"11",3.14511271567027,0.757643108787956,-0.772021313357671,1.10495167783761
0,1986.66610874878,4676.94867168377,0,"2011",2011,"11",-0.638622146585805,0.318726264267126,0.665103129650464,0.507019892730516
1,2000.0466594242,4703.45574299057,3.32705218128267,"2011",2011,"11",-0.815624022251519,0.523535088470187,-0.732949154122449,1.10175435093618
0,2035.90953630351,4674.37752335221,0,"2011",2011,"11",1.98818770739307,0.572785910813503,0.171095176480919,0.868760832594671
0,2053.74876104041,4671.09752826293,0,"2011",2011,"11",-0.582186807775878,0.75652213171829,1.42431660254814,0.662564752038872
1,1775.11060110463,4970.21758447018,8.56376307264021,"2011",2011,"11",-1.12601853249056,1.96054413259083,0.280867581628714,-2.13863377042376
1,1806.23108547722,5028.35932842675,3.90870589490491,"2011",2011,"11",0.0668199065712378,-0.825430376502737,-0.416156071651313,0.484861385872727
0,1854.22597337457,5056.41493040006,0,"2011",2011,"11",-0.441098338430694,-0.522712870824119,-0.644282102281245,0.588877557837155
0,1776.43578481655,5034.97779452448,0,"2012",2012,"12",-0.697622788117092,0.0808899723956332,-0.0455827917425194,-1.18168232729767
0,1833.97563038674,5004.72207457508,0,"2012",2012,"11",0.171994871739607,-1.78338855264536,0.923444188863817,0.83761066347755
1,1779.99482710289,4971.11518387841,7.51382711566286,"2012",2012,"12",-0.548838606320417,1.77951479073527,1.49435861896533,-0.712237284057808
0,1797.73109855077,4946.62475103648,0,"2012",2012,"11",0.159168749557986,0.439981634419771,0.940788432390447,0.792316203297811
0,1829.6488311823,4962.05856437294,0,"2012",2012,"11",0.484954758092229,-1.17479831539561,1.31198695220176,1.00371728851912
1,1770.36993719572,4907.66373392753,4.02004768602484,"2012",2012,"11",-1.22862826832979,-0.242754584017979,-1.54060747802999,-2.49329524413245
1,1784.21205205812,4915.113244138,6.20108809759711,"2012",2012,"11",-0.571925792603034,1.2501295240839,1.97129508516691,-0.245924568211218
0,1806.19869547446,4922.17476926532,0,"2012",2012,"11",0.479824250505801,0.215753357413179,0.942023137594453,0.882007835982657
0,1836.28328136325,4937.76670209723,0,"2012",2012,"11",0.792784039002132,-2.12068127080475,0.886998291610739,1.06256297377855
1,1822.7707274314,5059.96514758048,5.25970933797967,"2012",2012,"12",-0.846406920985621,-0.19436296853121,-0.0792734597764107,-0.924533530292087
1,1800.85088672377,4894.61606830611,6.7110436684988,"2012",2012,"11",-0.63092643413432,1.11811765964497,1.05309891624814,-0.625008434754333
0,1870.47313535798,4926.59092891562,0,"2012",2012,"11",1.28531081017294,-1.78592075235341,0.789513435267832,1.16440417058681
0,1902.33138788497,4920.91856429808,0,"2012",2012,"11",1.3494420082188,-1.84542872675076,0.439949205771811,1.20970183893587
1,1848.96810947056,4872.37778463934,6.60577914869926,"2012",2012,"11",-0.879755097977007,0.784756832190777,1.00269134709596,0.898295447658986
1,1826.71091283515,4876.47544035779,4.01985475401346,"2012",2012,"11",-0.510359946206679,0.842607745215027,1.17074200514491,-0.261310720684004
0,1846.74484826356,4885.83160463551,0,"2012",2012,"11",1.34687670549744,-0.627576244637881,0.23835874899547,1.03751048923442
1,1837.00373128344,4857.50308698207,6.52892633704218,"2012",2012,"11",-0.931059978128657,0.326242551337059,-0.202997831610235,-0.912011936684531
0,1852.45842806531,4858.19291682041,0,"2012",2012,"11",-0.343619085713815,0.959498185460607,1.15557066063771,-0.0746672683503997
0,1871.7201656948,4852.66773463433,0,"2012",2012,"11",0.710696211188228,0.724043736357199,0.929387943532209,0.853160814290208
0,1849.65881708357,5063.88438686473,0,"2012",2012,"12",-0.833580700947708,-1.22041320478438,0.490769348113995,0.184911339690872
0,1928.0785366402,4882.26636182544,0,"2012",2012,"11",2.06001442217782,-1.18431006612721,1.23507359275784,1.27778384344036
1,1871.02039192103,4836.15669899916,5.86532848839794,"2012",2012,"12",-0.964408130655973,0.11973176909739,0.293447535547161,-0.471330857180512
0,1885.86028990945,4845.24287140961,0,"2012",2012,"12",1.13909198002577,0.866413665198315,0.718534421488788,0.94572382206391
1,1896.56007141255,4811.98311439441,3.32705218128267,"2012",2012,"12",-0.477011793679369,0.848640470712876,1.01250507720032,0.00770824798379613
0,1921.35714549917,4823.76443930471,0,"2012",2012,"12",2.50380190948722,0.440924101843599,-0.322187795540335,1.21607837067224
0,1879.52379771531,4849.48593636859,0,"2012",2012,"12",1.09291760746054,0.910754123719849,0.758094681495703,0.945208915444829
1,1901.36773419308,4784.77140288943,3.36228856037662,"2012",2012,"12",-0.725840433057985,0.646751911346299,0.554879440813515,-0.0212766977210341
0,1918.9007006533,4815.35896657979,0,"2012",2012,"12",2.11131930232948,0.812724586250106,-0.0500398715764454,1.18503547073798
1,1765.71644588943,5000.22012723138,8.22512567057304,"2012",2012,"12",-0.882320327306145,0.512801785309505,0.673786989436067,-1.54010617466758
1,1766.03564275324,5031.28316161063,5.70980293019832,"2012",2012,"12",-1.1388447280644,-0.402757154200824,-1.14958828237952,-1.5443163287779
0,1791.01119966484,5041.36913813189,0,"2012",2012,"12",-0.551403860113631,0.485316688174388,0.846963556463259,-0.311746194822082
1,1786.32748035783,4979.44611876089,7.79589155116555,"2012",2012,"12",-0.341053831920606,1.31061759074661,1.6873421606963,0.11405087885759
1,1774.56695988536,4945.76659397991,6.8933192425882,"2012",2012,"11",-0.484707555059005,1.30116407817804,1.64577239889044,-0.231534156946772
1,1789.36581006769,4885.43800342665,5.79653821760921,"2012",2012,"11",-1.15936670948195,0.0845077306902564,-1.16059176355978,-1.78108748912153
1,1776.62062158006,5005.32287472445,3.36228856037662,"2012",2012,"12",-0.300009966941801,-0.847659805783081,0.856603289698101,0.0134957216766827
0,1908.15007213654,4779.48931288366,0,"2012",2012,"12",-0.297444713148592,0.988908848876885,0.92640102050438,0.199024875952677
0,1818.61812584234,5028.02675955047,0,"2012",2012,"11",0.00781936289624797,-0.533529255828074,0.435859396518102,0.690428928817982
0,1861.6256669669,4944.83227459714,0,"2012",2012,"11",0.63886939854718,-2.14081104624156,1.09722696869751,1.1245514834155
0,1817.28182536708,4905.74357984945,0,"2012",2012,"11",0.823566888808082,-0.616509733247436,0.941292092866126,0.955909223194764
1,1770.70831889771,5031.44526722353,7.56777276777227,"2012",2012,"12",-0.82331973470301,-0.180951663834733,-0.386906244208221,-1.29240397286108
0,1805.14886210891,5027.19329871428,0,"2012",2012,"12",-0.0973556512002666,-0.889790250160164,0.317459632070365,0.545563592321658
1,1792.62040653604,4999.15672693858,3.34450384890553,"2012",2012,"12",-0.115312378824602,-1.02353684366028,0.762266064487018,0.492269039562102
0,1834.15734568046,4996.00553353704,0,"2012",2012,"11",0.284865647215752,-1.991995927331,1.03695814816494,0.883185733950524
1,1798.74070978416,4955.44732676183,3.34450384890553,"2012",2012,"11",0.128385801895738,0.678598173999279,0.994554266577582,0.831643904927449
0,1804.32977978447,5018.65392224127,0,"2012",2012,"12",0.00525406017488854,-0.675524096280723,0.449891270038256,0.594457682008049
0,1855.28402868751,4956.57036391091,0,"2012",2012,"11",0.597825435712083,-2.06064928010497,1.10512042572,1.09878070522842
0,1791.93586771506,4928.73649987855,0,"2012",2012,"11",0.0437327202886266,0.967361945304239,1.22346841160805,0.628438283430964
1,1796.82297657397,4928.51252119672,3.36228856037662,"2012",2012,"11",0.200212614536792,0.840468718590719,1.00720223249092,0.773682692842306
1,1787.68238352657,4901.57585414496,7.977175242844,"2012",2012,"11",-0.854102657901182,0.874190801215607,0.488920078160772,-1.23761612183516
1,1781.45280232849,4894.09061741927,5.24535964037311,"2012",2012,"11",-1.12345327869735,-0.372674753287193,-1.38741043056932,-2.01353452809634
1,1801.02621324961,4888.44626224127,7.48623348191322,"2012",2012,"11",-0.841276413399199,0.778151621581783,0.188053616013477,-1.16705487504131
1,1877.32938577077,4837.51215858998,4.03795592720735,"2012",2012,"12",-0.633491638999383,0.354411485139805,0.615015867373161,-0.332193120668939
0,1904.65095248867,4811.1256913199,0,"2012",2012,"12",0.782523023829282,1.27364642912894,0.727649167173278,0.743100069767093
0,1931.16306717137,4735.59132167913,0,"2012",2012,"12",1.67266261617538,0.885275491102663,0.511782998483963,0.952253218974841
0,1929.11764990872,4727.86291494647,0,"2012",2012,"12",-0.305140425600077,0.306695315860866,1.04266128208739,0.404236284847248
1,1958.98594207273,4694.83745305924,3.36228856037662,"2012",2012,"12",-0.802797777749531,-0.428046098785758,1.18998118714002,0.440428932594333
0,2022.54933186076,4697.3938990721,0,"2012",2012,"12",3.05276397053982,0.753602638633087,-1.23111149018852,1.27980542630061
1,1986.59615408627,4676.75780365314,3.34450384890553,"2012",2012,"12",-0.638622195513956,0.318726264267126,1.25889712007209,0.559086025672888
0,1999.56359932411,4703.64451613476,0,"2012",2012,"12",-0.795102040833971,0.545335973772945,-1.26820785160492,1.27818875438713
1,1775.20695977762,4969.20154212358,8.49617891044225,"2012",2012,"12",-1.03880022155431,1.93874211429096,0.919068967360879,-2.10199247883936
0,1807.19095699813,5029.0741875237,0,"2012",2012,"12",0.0950376493684225,-0.781086787067893,0.313514036124333,0.55406028768805
1,1854.09802965543,5056.37052817878,5.52862198369444,"2012",2012,"12",-0.397489219658679,-0.549200472007109,0.125215272113404,0.384305401656684
1,1774.99075180121,5035.15560105087,5.79663602613737,"2013",2013,"12",-0.766884346964932,0.0566824145762658,-1.11335351271185,-1.92425985744151
0,1833.89412002329,5004.27219720595,0,"2013",2013,"12",0.197647409671723,-1.79516135374561,0.402062865578247,0.550067562022306
1,1780.17877601388,4970.52961765537,7.55294555712242,"2013",2013,"12",-0.536012386282504,1.77233006166542,0.596274224193333,-1.21243267491496
1,1797.71828797777,4946.32730581253,3.34450384890553,"2013",2013,"12",0.156603446836626,0.438233188513089,0.296828213757874,0.613473764373438
0,1829.75983442873,4962.73252499216,0,"2013",2013,"12",0.541390047974005,-1.15957685824094,0.619041631514224,0.801084411570911
1,1769.44736375587,4911.29756200974,6.01887815313056,"2013",2013,"12",-1.17732341264221,0.0275726283507256,-1.85002128229094,-3.15193148049812
1,1785.26192800808,4914.5469134929,7.08228820079085,"2013",2013,"12",-0.584752012640946,1.27291258040372,1.09180386879144,-0.630117512433005
1,1806.1236171883,4922.35678840045,3.98761978596663,"2013",2013,"12",0.443910795257131,0.225173554665578,0.300136872435191,0.802252239704505
0,1836.35623938995,4937.64053793763,0,"2013",2013,"12",0.787653531415704,-2.1201297217221,0.760552696555011,1.00246296705225
1,1823.34635628522,5060.42195679492,4.05320426798319,"2013",2013,"12",-0.884885581099359,-0.201479362267871,-0.81423858884913,-1.62099393659745
1,1800.89003337921,4894.63641263391,8.43870395584183,"2013",2013,"12",-0.679666060492757,1.11779899739952,0.981943936678487,-0.96440320349265
0,1870.57955625737,4925.89116620443,0,"2013",2013,"12",1.34687670549744,-1.75088494188478,0.871370581390767,1.06513129956617
0,1901.4675378405,4921.51578723713,0,"2013",2013,"12",1.35457241794893,-1.85695150383044,0.744487519941804,1.11655032750481
1,1849.19852725163,4872.33424107002,7.35228145709264,"2013",2013,"12",-0.961842901326835,0.78075226224711,0.918974093241678,0.779910267372269
1,1827.45832316436,4915.15339338471,5.50986828641262,"2013",2013,"12",-0.192269699052077,-1.53623952960157,0.547978999572115,1.01030857674033
1,1846.91455432096,4885.91479363693,4.92531371728296,"2013",2013,"12",1.34687670549744,-0.646484567826871,0.334545482288752,0.979302302647541
1,1836.46978114523,4857.95862229755,7.21020809599014,"2013",2013,"11",-0.895146547344058,0.319179900546529,-0.401326471446147,-1.39840006692698
1,1853.10115955395,4858.24558344753,5.95025472931152,"2013",2013,"11",-0.279487985524252,0.962404201761866,1.3518540328451,-0.157545413012918
0,1871.90504969363,4851.52664358203,0,"2013",2013,"11",0.382344997788928,0.662630755803208,1.42170515103451,0.446589762662737
0,1850.0520910631,5064.07362658816,0,"2013",2013,"12",-0.818189227116582,-1.18592314567578,-0.290296570396942,-0.468012401441547
0,1901.91759065951,4920.05673747231,0,"2013",2013,"12",2.05231880758263,-1.81130857645068,0.773498962729416,1.1154121272232
1,1870.96656249352,4836.15371656992,5.01168444650559,"2013",2013,"11",-0.974669121364747,0.118326993382484,-0.036535744419569,-0.878879955099847
0,1886.1774020851,4844.88969351046,0,"2013",2013,"12",1.11857004753637,0.853179076295527,1.01684130361073,0.883409360614387
1,1882.32006079902,4813.81726275659,6.60577914869926,"2013",2013,"12",-1.04136547534752,0.091988368832505,-0.400671035611805,-0.631304535052264
1,1896.54529124778,4812.46525777654,6.93060107960457,"2013",2013,"12",-0.502664233755194,0.852610313845519,1.06185207741057,-0.188226735005992
0,1921.32393434404,4824.07833186808,0,"2013",2013,"12",2.4858450840066,0.431073860455273,-0.0786791940812654,1.16125957399118
0,1880.12485524743,4848.87009341088,0,"2013",2013,"12",1.05187364462545,0.894839515663602,1.0553337462582,0.868443223839769
1,1901.16441898418,4784.29497654725,8.33270996395736,"2013",2013,"12",-0.772014854551359,0.597267346152661,0.316814069881737,-0.374824127844568
0,1917.44759799914,4815.39893037233,0,"2013",2013,"12",2.01897055719902,0.877594070621185,0.147385445837545,1.10722750583806
1,1766.08745621018,5000.14290831296,9.25905826790933,"2013",2013,"12",-0.843841691656483,0.525438680657811,-0.193363621809072,-2.17623614953579
1,1766.04503227404,5031.06097269171,6.86993748264788,"2013",2013,"12",-1.05675692471457,-0.391199480631459,-1.88856488784726,-2.06124727534979
0,1790.18951548574,5041.34964652481,0,"2013",2013,"12",-0.582186807775878,0.520687609869332,-0.0673861827606806,-1.04797074101007
1,1784.73884726344,4979.00420308121,8.36037832125225,"2013",2013,"12",-0.459055066055029,1.42619380268737,0.901587387230488,-0.600028883802828
1,1790.03687478762,4884.16907644638,5.61492191027979,"2013",2013,"12",-1.231193522123,0.0401438596869395,-1.4984175060729,-2.4350383442676
1,1885.25923832893,4835.77208531793,4.70398360504592,"2013",2013,"11",-0.276922731731043,0.623490640198942,1.25170181111366,-0.0012337285495864
1,1776.80244006338,5005.36790246906,5.79653821760921,"2013",2013,"12",-0.292314205562165,-0.893063086068473,0.179831523405536,-0.500392326355721
1,1908.77540754255,4779.28523802678,5.10642448513294,"2013",2013,"12",-0.235878866752238,1.0078024051773,1.18692631019756,0.116692938007951
0,1818.96698191718,5028.11865545866,0,"2013",2013,"12",0.020645534006015,-0.54348160677079,-0.168315199048219,0.427451388157732
0,1861.41637581773,4944.30056255375,0,"2013",2013,"12",0.636304095825821,-2.14051381371767,1.03617194460523,0.978651716825736
1,1817.54278986516,4903.93762985186,3.34450384890553,"2013",2013,"12",0.808175463905107,-0.402606479733502,0.525863607157717,0.88509204083718
1,1771.64616174518,5031.52276832205,7.1159982289612,"2013",2013,"12",-0.83871118407006,-0.1699628015938,-1.17500154796534,-1.8397847352076
1,1803.990337719,5027.60129342126,3.73823584966194,"2013",2013,"12",-0.128138598862514,-1.10275475255874,-0.086669122430325,0.115819279908417
1,1793.58330445586,4998.51458721337,3.34450384890553,"2013",2013,"12",-0.115312378824602,-0.924593886318967,0.211122558666423,0.238883561400788
0,1833.05011012377,5030.48105981255,0,"2013",2013,"12",0.336170527367403,-1.16047093422133,-0.0213857676431883,0.291943908717475
1,1799.05788365379,4954.88685087888,4.70398360504592,"2013",2013,"12",0.148907734385141,0.630949123949859,0.295587375277498,0.624092731855059
0,1805.0112671963,5018.92802937081,0,"2013",2013,"12",-0.0203983309727909,-0.588709795795459,-0.129803990665858,0.38480663947534
0,1855.33987773187,4956.75914936293,0,"2013",2013,"12",0.618347466057777,-2.05852869183422,0.961175652212365,0.882721549123325
0,1791.31092495597,4929.04238798731,0,"2013",2013,"12",0.0488632768031997,0.959072340577963,0.775465270232328,0.453547618300956
1,1796.91977268782,4928.72101813031,4.19917927438629,"2013",2013,"12",0.179690682047389,0.828335581775038,0.494707660794276,0.636001247047121
1,1787.76083020739,4901.00427673383,8.56602037126963,"2013",2013,"12",-0.854102657901182,0.830598658980228,0.558803535443981,-1.58095830198467
1,1781.52817813371,4893.88982688009,4.70398360504592,"2013",2013,"12",-1.1388447280644,-0.363020941659162,-1.82060966645081,-2.71464274459688
1,1801.14820436215,4888.11790518631,8.09638529884619,"2013",2013,"12",-0.859233141023534,0.742896797356741,0.0950976789890656,-1.67745860589381
1,1877.18324636807,4837.94965384924,8.40256339440539,"2013",2013,"11",-0.654013620416932,0.366565402512678,0.36139601963237,-0.73154682756996
0,1904.46511301852,4811.05881335463,0,"2013",2013,"12",0.705565703601806,1.26766365993875,1.05685354427005,0.679644517957112
1,1906.02988813017,4762.17753553138,7.51721649096238,"2013",2013,"12",-0.879755097977007,-0.237614154892154,0.330664210240491,-0.34727104351059
0,1930.54305218667,4737.61567243988,0,"2013",2013,"12",1.7393591169426,1.0041971537916,1.10205515240937,0.952048586854072
1,1929.38103274211,4727.82347424133,4.68969002019393,"2013",2013,"12",-0.284618444182529,0.35967383742436,1.32910097135052,0.13427784062477
1,1958.97622940394,4694.35337750484,7.42006198314125,"2013",2013,"12",-0.833580700947708,-0.423369494820738,0.826753458229251,-0.0634180455698568
1,1986.62190228815,4677.18746560567,5.50986828641262,"2013",2013,"12",-0.62323072168283,0.318726264267126,1.1361860108011,0.184838815071782
1,2001.22118282742,4702.86989411477,6.74375497073024,"2013",2013,"12",-0.820754480909796,0.474477765108554,-0.778005910071217,1.2464224259215
0,2035.14329927301,4674.412471397,0,"2013",2013,"12",2.00101392743098,0.569464730102393,0.74366701998339,0.919657074359817
0,2052.93657545748,4670.64262801787,0,"2013",2013,"12",-0.605273994058495,0.74472302170378,1.7226724463367,0.619681162881523
1,1775.0337664118,4969.54654197859,9.01249317150688,"2013",2013,"12",-1.06958314475249,1.95093164697865,-0.0137232668099393,-2.5625431682279
1,1808.09015758208,5028.61697863417,4.01985475401346,"2013",2013,"12",0.0822114293305099,-0.662950606530755,-0.105967290746602,0.231442153772171
0,1854.51416751409,5056.39412496311,0,"2013",2013,"12",-0.446228846017116,-0.504162407206154,-0.482845816917248,-0.17759424413672
0,1777.69658027651,5035.71976727099,0,"2014",2014,"11",-0.713014261948218,0.197264402560128,1.13936777570691,-1.60069685861016
0,1834.0060005249,5002.64424898304,0,"2014",2014,"11",0.192516902085301,-1.86896100094519,1.91028449248038,0.408463434075059
1,1780.12517942977,4971.45477264955,8.24332580217001,"2014",2014,"11",-0.548838655248568,1.7745841059568,2.34495641165974,-1.08149801812202
0,1797.12575950391,4946.81954360109,0,"2014",2014,"11",0.189951697220238,0.47243798700371,1.9324108794898,0.53905865202104
0,1823.77287623478,4960.77650271835,0,"2014",2014,"11",0.449041302843554,-0.920108680595045,1.29336810232634,0.676163254445375
1,1770.32497755488,4908.1069562905,5.9686362977306,"2014",2014,"11",-1.21580204829188,-0.199299821848431,0.0597668880503116,-3.18764826495497
1,1783.45188584785,4916.06327045067,5.81491184091261,"2014",2014,"11",-0.592447774020582,1.21070664949979,2.64499890645659,-0.60278803658635
0,1806.51752686067,4922.46808296029,0,"2014",2014,"11",0.495215675408782,0.200164347201716,1.73875302583722,0.696044788177182
0,1830.92852982252,4931.03156933262,0,"2014",2014,"11",0.795349243867194,-1.96037518556868,1.06372362695491,0.792860501472968
0,1823.22985891371,5060.15600255108,0,"2014",2014,"11",-0.905407538052832,-0.206081237184221,0.73062431152261,-1.60244685585728
1,1800.46448006343,4895.47033714352,4.41931673410597,"2014",2014,"11",-0.633491687927529,1.1228329910827,2.36217480105165,-0.501934019809575
0,1870.70037856416,4927.9783682825,0,"2014",2014,"11",1.2263102175698,-1.83820798372567,0.767846590961915,0.860447739027177
0,1900.8957714829,4921.70361938979,0,"2014",2014,"11",1.39818158564909,-1.85675197909975,0.589270115479954,0.860017389933971
1,1849.7481574243,4872.34469316097,4.92531371728296,"2014",2014,"11",-0.861798370352672,0.766369195676039,1.30970936349769,0.719263463188791
0,1827.09500370364,4876.56866964805,0,"2014",2014,"11",-0.477011793679369,0.885596241281292,1.99654174169352,-0.477340839676506
0,1846.71534615448,4886.64690481732,0,"2014",2014,"11",1.37509435043833,-0.677951198401777,0.61506709417031,0.876791407326379
1,1836.82217618358,4857.90222181932,5.50986828641262,"2014",2014,"11",-0.928494724335449,0.326727850076563,0.596750656638908,-1.60189869515528
0,1853.39272340953,4857.31422951191,0,"2014",2014,"11",-0.353880051958519,0.900559856547143,1.86815080030387,-0.17083091443183
0,1871.28958212587,4853.38656043241,0,"2014",2014,"11",0.795349243867194,0.754031637975678,1.36321181528155,0.648280946511558
0,1849.95909735262,5064.10555293752,0,"2014",2014,"11",-0.82331973470301,-1.19065236953743,1.31802369918861,-0.413996419576143
0,1927.18560614983,4882.78487479419,0,"2014",2014,"11",2.06514502762054,-1.18617126254995,0.310416557304651,0.888700331491894
0,1872.16038593516,4837.01849366341,0,"2014",2014,"11",-0.915668504297536,0.139388674921724,0.948481686726101,-0.995869209146503
0,1940.25820782898,4890.13430144046,0,"2014",2014,"11",2.08053645252352,-1.43089872868045,0.396359057924587,0.885582808936347
1,1883.0241131223,4812.63140298047,6.4881652164567,"2014",2014,"11",-1.03110448463875,0.138325216000445,0.276426415788382,-1.12581683132063
0,1895.30617420343,4815.10479255849,0,"2014",2014,"11",-0.505229487548403,0.756603925804725,1.38613890849377,-0.344210722703528
0,1921.41994855419,4823.84272186624,0,"2014",2014,"11",2.47045365910362,0.436082056244325,-0.353590867639805,0.990533676010596
0,1969.3724279459,4854.03612067826,0,"2014",2014,"11",2.97067624058221,-1.57388411164001,0.292495280498708,0.926471480300244
1,1898.94615698161,4787.30410835357,4.01985475401346,"2014",2014,"11",-0.800232523956323,0.547332175182945,0.844588096698191,-0.709484620319206
0,1918.88253883999,4816.30569255889,0,"2014",2014,"11",2.05488420816028,0.789488437357546,-0.0901591890195092,0.973352212036224
1,1766.04644420685,5000.80890529419,8.6653475530917,"2014",2014,"11",-0.828450217825356,0.519999733055609,1.69623480162447,-1.76632195835171
1,1765.46700822542,5031.12931622509,7.58576273428437,"2014",2014,"11",-1.13627949873526,-0.431038087489915,0.0122563859419686,-2.06957724588696
0,1790.01158224509,5041.52697527057,0,"2014",2014,"11",-0.63092643413432,0.5456084083077,1.89091350312312,-0.863736123920167
1,1786.55269132285,4979.71592655714,7.94089571178574,"2014",2014,"11",-0.320531899431204,1.28374208430557,2.72030427300022,-0.280312461714928
1,1781.41290520813,4944.33582701881,4.64014612165095,"2014",2014,"11",-0.176878274149102,1.1060288342126,2.60067126116317,-0.0393077903347122
1,1788.47532335739,4887.14253361266,6.64931457558282,"2014",2014,"11",-1.12088802490414,0.125960974791913,0.0123448421915293,-2.71259969517655
0,1882.40325568994,4836.83428092192,0,"2014",2014,"11",-0.0691379573312278,0.568822087404256,1.54814501356766,-0.436513814238921
0,1775.72954468138,5006.19306091263,0,"2014",2014,"11",-0.32822766081084,-0.768154173066236,2.13690330528477,-0.384278993394887
0,1909.21095642873,4779.29278424549,0,"2014",2014,"11",-0.189704445258864,1.05265491675992,1.36140992140376,0.00649750490646987
0,1819.82879751215,5028.42221231405,0,"2014",2014,"11",-0.0280940923524269,-0.565569400013469,1.16844235174676,0.0523328824145757
0,1861.25073389092,4945.12705865358,0,"2014",2014,"11",0.633738890960753,-2.15360257603543,1.19811258740815,0.793245881667046
0,1817.57524012216,4906.29595862198,0,"2014",2014,"11",0.844088919153782,-0.693050355502375,1.41865055287729,0.790023225678692
1,1772.00294090684,5032.03903301047,6.01907395497052,"2014",2014,"11",-0.800232548420393,-0.137114868303184,0.778982808788629,-1.72072254032802
0,1805.98600675384,5026.93692915772,0,"2014",2014,"11",-0.13583436024215,-0.750738998520344,1.1618382999255,-0.0350683719044575
1,1793.82226652699,4997.89476534383,3.34450384890553,"2014",2014,"11",-0.0999209049934754,-0.876537224435148,1.96927458877317,0.0475760217300467
0,1832.35459703258,5030.75996080174,0,"2014",2014,"11",0.320779102464427,-1.17050874191012,1.25871604902583,0.128243437871636
1,1798.30236119997,4956.91135279117,3.34450384890553,"2014",2014,"11",0.148907832241432,0.763313534718774,1.84358763818959,0.507888279617178
0,1805.24933399753,5018.88384639405,0,"2014",2014,"11",-0.0973556512002666,-0.544736863532994,1.39241053208802,0.0193640266931398
0,1855.89683573004,4956.51130889203,0,"2014",2014,"11",0.605521246019865,-2.07271908821588,1.19916047161921,0.735391084464778
1,1790.80539808281,4930.54093346132,3.36228856037662,"2014",2014,"11",0.0309065491788594,0.933053159129803,2.34533433996937,0.284363640981655
0,1796.38737782796,4929.03066989845,0,"2014",2014,"11",0.187386394498879,0.852582538931969,2.10199476951683,0.523060648052941
1,1786.64725686348,4902.36521669563,6.1365010517514,"2014",2014,"11",-0.851537404107973,0.859281000874681,2.04734771245008,-1.3300003536963
1,1782.27967116745,4893.49546887698,6.11733336196569,"2014",2014,"11",-1.11062705865943,-0.284818423658695,0.0581134299156324,-2.79101480383318
0,1800.90826777018,4888.97887659824,0,"2014",2014,"11",-0.83871118407006,0.831687592901232,1.62927453008208,-1.41373084439926
0,1877.89569011568,4837.2840937549,0,"2014",2014,"11",-0.641187400379019,0.376511225195679,1.22039450176154,-0.793810358196713
0,1931.53475955318,4815.20779001772,0,"2014",2014,"11",0.826132191529442,-0.0940526587257987,-0.406925630071305,1.00141127828054
1,1906.44102241196,4763.07508081334,5.61482406849166,"2014",2014,"11",-0.866928877939094,-0.200755697087813,0.884045694021797,-0.625146122471056
0,1930.0655276681,4738.23642103144,0,"2014",2014,"11",1.70344566169393,1.03571346059465,0.675441742760723,0.670384923580518
0,1929.25298664983,4728.78194136024,0,"2014",2014,"11",-0.184573986600587,0.39562334804406,1.39814929244748,0.0239135015025102
0,1959.55744451146,4694.3356993778,0,"2014",2014,"11",-0.854102657901182,-0.389610530729003,1.31868712105999,-0.20810775070466
0,2021.49953309565,4698.30246369677,0,"2014",2014,"11",3.16050433628584,0.757734238867203,-1.05175858605615,1.07097416643611
0,1986.97746002693,4676.65392127992,0,"2014",2014,"11",-0.623230672754684,0.318726264267126,1.39088250991016,-0.139742882009042
0,2001.49556247599,4702.70346506827,0,"2014",2014,"11",-0.813058768458305,0.461470022107777,-1.00284572423966,1.07448291296137
0,2036.53803360689,4674.14593269793,0,"2014",2014,"11",1.93431762237635,0.578044446939433,0.207506974808121,0.705591754540756
0,2053.47533555645,4670.68482462558,0,"2014",2014,"11",-0.595013027813791,0.752429128987582,1.2973107361787,0.466479993895772
1,1775.3813715625,4970.67436696037,9.86059829819424,"2014",2014,"11",-1.10293132174387,1.96540453123133,1.73868395678143,-2.50884032367471
0,1807.84273037971,5029.66279124463,0,"2014",2014,"11",0.069385111436306,-0.758187180939953,1.11195406303605,-0.041941033835927
0,1854.94225780021,5056.4370039017,0,"2014",2014,"11",-0.400054473451893,-0.450253699221036,1.00907776053358,-0.0996476736019758
1,1777.83183205955,5035.91126245884,3.34450384890553,"2015",2015,"11",-0.687361772944247,0.211876515337424,-1.06900842591371,-1.12878030722276
0,1834.45883343428,5004.28334661657,0,"2015",2015,"11",0.197647409671723,-1.84799957674314,-0.00516107357150955,0.661014470143215
1,1780.17625209578,4971.4941029794,8.33415848976993,"2015",2015,"11",-0.541142893868932,1.7745841059568,0.346548350655662,-0.749059796306995
1,1797.76951179914,4947.51708785424,3.34450384890553,"2015",2015,"11",0.182255886912451,0.449190205540007,0.369617310732609,0.693331640358806
0,1823.87053449983,4960.1503296954,0,"2015",2015,"11",0.423388862767728,-0.976010612772798,0.238795884331138,0.945966479624046
1,1770.53903716495,4907.76344746146,4.02004768602484,"2015",2015,"12",-1.18758437888691,-0.208012082892966,-2.55732523609127,-3.51224651182666
1,1784.72432691692,4914.35651353748,8.06269059485534,"2015",2015,"11",-0.56166482635833,1.27397113196439,1.17798129248297,-0.152595553229262
1,1806.94456692856,4921.87587619287,3.34450384890553,"2015",2015,"11",0.497780880273845,0.140024188251093,0.641565392107301,0.759024949288307
0,1831.18963716185,4929.5599001901,0,"2015",2015,"11",0.808175463905107,-1.92347354222439,0.387242465287688,0.979368919872874
1,1822.20475236332,5059.824507589,4.01985475401346,"2015",2015,"11",-0.931059978128657,-0.16225672056337,-0.739907059981816,-0.828518459708553
1,1800.94166338008,4894.67588101296,8.84212285437326,"2015",2015,"12",-0.625795926547893,1.11830807737216,1.02633282761536,-0.507035963174222
0,1870.5843564697,4927.21021172386,0,"2015",2015,"11",1.29044131775936,-1.81239168957178,-0.496150025980664,0.949824353122111
0,1902.98644696032,4920.68023430942,0,"2015",2015,"11",1.33918099304595,-1.83906399234704,-1.03133512414638,0.945256501773895
1,1849.51840730144,4872.62959901732,7.38674588518395,"2015",2015,"12",-0.841276437863269,0.745160439566014,0.522972394604907,0.757925628746134
1,1827.04810860942,4876.97463832446,6.40129207425664,"2015",2015,"12",-0.441098338430694,0.910988526377028,1.17775828167451,0.0551981956086038
0,1847.12799575663,4886.94710341448,0,"2015",2015,"11",1.39818158564909,-0.731208488419414,-0.524258761997195,0.905179506316281
1,1837.37196698852,4857.93009476947,6.40129207425664,"2015",2015,"11",-0.90797276738197,0.340200482643283,-0.661476359321474,-1.27767833971999
1,1852.22228828794,4859.35001468573,4.41931673410597,"2015",2015,"12",-0.243574579203728,1.01455405180862,0.983865882472093,0.0362656437913832
0,1871.17591392429,4851.80169569086,0,"2015",2015,"11",0.520868115484607,0.641118867385138,0.816941447300924,0.437845911028669
0,1850.40742174042,5064.24218607764,0,"2015",2015,"11",-0.874624590390585,-1.14989618229946,-0.313483927101967,0.230048372370391
0,1929.0054683391,4883.29334634703,0,"2015",2015,"11",2.01897075291161,-1.21933675639564,0.248984824588459,1.12195681973988
1,1872.61125059178,4835.4650719356,7.22304865923264,"2015",2015,"11",-0.936190461251009,0.129315919283916,-0.358299882255966,-0.706386237719519
0,1941.46167888663,4890.99596521185,0,"2015",2015,"11",2.03179697294952,-1.41609521337317,-6.45648254314251e-05,1.10526882308926
1,1881.8813990817,4814.38673012535,6.20102932321253,"2015",2015,"12",-1.04136545088345,0.0634125764718704,-1.03162568811557,-0.552856344990357
0,1895.40999223806,4814.72076139566,0,"2015",2015,"12",-0.518055658658169,0.765880653428113,0.428419784524755,-0.0791111007823116
0,1921.89125165815,4822.5897840614,0,"2015",2015,"12",2.45249683362299,0.482075581618726,-0.133395163387026,1.11804547978393
0,1879.18590331426,4849.50386076687,0,"2015",2015,"12",1.05956935707694,0.905844345508403,0.215510668180977,0.753230977462369
1,1902.5124321813,4782.90688920574,4.01985475401346,"2015",2015,"12",-0.695057485395733,0.647222717045725,-0.254817099777843,-0.196159510561484
0,1918.12776942045,4816.01721941556,0,"2015",2015,"12",2.02410116264174,0.831992375655392,0.0621168215372022,1.08418553460707
1,1764.96515621604,5001.54272454292,9.61317121919295,"2015",2015,"11",-0.859233141023534,0.474252971058945,-0.265602117834716,-1.47414021679408
1,1765.58545113589,5030.80043537403,6.15239928328594,"2015",2015,"11",-1.11575754178179,-0.408579216314014,-2.41422100023489,-1.49666683607946
1,1790.37141851545,5041.93327929875,3.34450384890553,"2015",2015,"11",-0.607839247851704,0.595080814723078,-0.124303417489056,-0.40354687614835
1,1787.06355319216,4979.20081746387,8.65976478695692,"2015",2015,"11",-0.556534367700053,1.24125307221403,0.524418384211107,0.386873863768765
1,1781.72781042451,4941.36311579422,6.89312305238092,"2015",2015,"11",-0.179443479014165,1.04027301622849,0.703808564259972,0.231546960026263
1,1790.33611396263,4884.6645205728,4.70417828468088,"2015",2015,"12",-1.16706242193344,0.0613250308753756,-1.88058143544821,-2.46125081374391
0,1885.25497842556,4835.84613921282,0,"2015",2015,"11",-0.292314205562165,0.623775993574472,0.916339485124848,0.147699257542228
0,1776.95383666873,5005.20755270754,0,"2015",2015,"11",-0.320531899431204,-0.917929760089534,-0.28071878557685,0.240318876325024
0,1908.28389960302,4778.8470336954,0,"2015",2015,"12",-0.338488578127393,0.934765227014335,0.437855481774928,0.103133887903561
0,1818.81589006739,5027.99963397867,0,"2015",2015,"11",-0.0127026185213007,-0.538308057105332,-0.52655046420653,0.524259894433162
0,1862.14588690036,4943.83988767735,0,"2015",2015,"11",0.659391331036578,-2.12042479233659,0.249244338845897,1.0278620429339
0,1817.59050324261,4905.98122672277,0,"2015",2015,"11",0.82100168394302,-0.654906595322903,0.554916658649855,0.846813274224856
1,1771.18949180901,5031.50307802331,7.0230523713376,"2015",2015,"11",-0.784841050125196,-0.170639632935573,-1.41550794547783,-1.13289163517916
0,1805.06819470891,5026.96668828968,0,"2015",2015,"11",-0.161486800317976,-0.874176377502245,-0.585338528283961,0.468251530409499
0,1793.58300377007,4998.23625561784,0,"2015",2015,"11",-0.105051412579903,-0.903826736580822,-0.537912097364808,0.51433233740867
0,1834.36640488546,4995.53379200445,0,"2015",2015,"11",0.305387677561452,-1.99808830105709,0.123428955363709,0.705271010323039
0,1799.2722024251,4955.9729396332,0,"2015",2015,"11",0.14377732465501,0.657978448927654,0.167712674549725,0.716589758584309
0,1804.82787237689,5019.1975588917,0,"2015",2015,"11",-0.09222519254199,-0.589643118155277,-0.594463379935097,0.532787508189838
0,1855.79435229836,4955.96709710562,0,"2015",2015,"11",0.549085858281792,-2.07620589767467,0.485982116799666,1.0160325686707
1,1791.07138418705,4930.23747481541,5.10642448513294,"2015",2015,"11",0.0411674664954126,0.942941564284559,0.839525634605652,0.525975428853723
1,1797.56704935081,4928.80626763779,3.34450384890553,"2015",2015,"11",0.233560767064102,0.786555979988459,0.699308342402346,0.66800393488231
1,1788.80933789004,4899.9188614647,7.24113120913294,"2015",2015,"12",-0.851537404107973,0.858196442851454,0.949014584809117,-1.00602764529679
1,1780.92224270345,4895.2549292816,5.79673401049175,"2015",2015,"12",-1.11319228798857,-0.42149137850966,-1.71672381271466,-2.72623450533412
1,1801.22319115398,4888.23264657362,7.01089142314491,"2015",2015,"12",-0.846406920985621,0.758878588831821,0.476798929326415,-1.20309426681693
1,1877.22871590025,4838.10079421428,3.25276679960399,"2015",2015,"11",-0.643752654172233,0.370882427822377,0.173066014244907,-0.436369446623029
0,1931.90446332548,4814.72952872805,0,"2015",2015,"12",0.890263291719005,-0.116735439515057,0.198061554920875,1.18836292389203
1,1906.80674975585,4762.20501605004,3.34450384890553,"2015",2015,"12",-0.87462461485466,-0.0800622061837098,-0.465756452842641,-0.231290954088733
0,1930.66176417591,4737.25135936954,0,"2015",2015,"12",1.71114147200171,0.972474056975796,0.984866826209961,0.91164028657636
0,1929.33548247903,4727.67197553839,0,"2015",2015,"12",-0.312836138051568,0.323158841814878,0.590075229975276,0.250461598807803
0,1959.69656497504,4694.53076779859,0,"2015",2015,"12",-0.859233141023534,-0.382637198341657,0.428984986853348,0.2688190522075
0,2022.74500535957,4696.44026993685,0,"2015",2015,"12",3.10406885069147,0.739230336961951,-1.7915081411663,1.15794261782148
0,1986.11066424885,4676.96613632208,0,"2015",2015,"12",-0.523186166244592,0.318726264267126,0.434520355919055,0.368019780317552
1,2001.48356086322,4702.29315766425,4.45286369845225,"2015",2015,"12",-0.810493514665097,0.456027630523415,-1.63269297768079,1.16365081428968
0,2036.03966657158,4674.12667077107,0,"2015",2015,"12",1.92149140233844,0.574612560204618,0.660298543951738,0.891733005696031
0,2055.35917207196,4670.94449240849,0,"2015",2015,"12",-0.615534960303194,0.767887505913237,1.26782326750745,0.704966297863224
1,1775.17012255313,4970.36852554728,6.08346044168154,"2015",2015,"11",-1.14654046497996,1.96304465253924,-0.226921355723465,-2.20646664649983
1,1808.48822304786,5029.84284785852,4.01985475401346,"2015",2015,"11",-0.0024416522766017,-0.728433391428642,-0.597687322732196,0.461481520805434
0,1853.8608062741,5056.41281405115,0,"2015",2015,"11",-0.407750234831529,-0.577080402570296,-0.659386062060476,0.453288420038186
0,1777.80411726484,5035.94714151681,0,"2016",2016,"11",-0.761753888306655,0.220372938910426,-0.530173958597387,-1.26093761276358
0,1834.05951584815,5005.37630966825,0,"2016",2016,"12",0.125820597030675,-1.76105246184473,0.589781198614056,0.79403334634707
1,1779.78086349855,4970.2711082938,8.36506755940427,"2016",2016,"11",-0.528316673831019,1.78011487543409,1.03498504527052,-0.7211455430052
0,1796.05134015713,4945.97247465123,0,"2016",2016,"11",0.128385801895738,0.516757473259513,0.598057898290734,0.766357297339346
1,1823.70781372728,4960.75466947356,3.34450384890553,"2016",2016,"11",0.413127847594879,-0.92477433600176,0.428819806568639,0.975334124475073
1,1770.10496989251,4909.56292354377,6.40129207425664,"2016",2016,"11",-1.20810633584039,-0.0810999651164537,-1.6951757135185,-2.91753809159515
1,1783.77878462252,4915.2798848106,6.30614786237228,"2016",2016,"11",-0.595013027813791,1.23780780984312,1.70367322878044,-0.218475772098284
1,1806.40566921337,4922.01750643684,3.34450384890553,"2016",2016,"11",0.454171810429976,0.208608133311566,0.918818722714383,0.891402227997127
0,1831.24215092454,4931.66010146132,0,"2016",2016,"12",0.746609568580607,-1.97436594194265,0.6677436212985,1.0760249699471
1,1822.84347936929,5060.32165464833,4.38407379318537,"2016",2016,"11",-0.895146571808133,-0.151371475430082,-0.938694266772626,-1.16842490871999
1,1800.66295541214,4895.21968712714,5.25970933797967,"2016",2016,"11",-0.651448366623718,1.12242059315675,1.41581565495329,-0.356375746022085
0,1870.96609855055,4927.28768605245,0,"2016",2016,"12",1.25196265764563,-1.82464397250435,0.613497672376713,1.16067566901274
0,1901.80390366991,4921.68518487723,0,"2016",2016,"12",1.33661578818088,-1.86398488063524,0.59895561596668,1.19154623663778
1,1849.38850429475,4872.54848064297,5.50986828641262,"2016",2016,"11",-0.887450834892573,0.761368809268632,1.16570560947713,0.953184260588799
0,1826.89150295932,4876.0760808694,0,"2016",2016,"11",-0.515490453793107,0.842394599830737,1.21430011591572,-0.288617821140696
0,1847.48158583872,4885.57336142513,0,"2016",2016,"12",1.37252914557326,-0.656273876775715,0.443608088470482,1.07135213057886
1,1837.31806708769,4857.66750981254,5.87634716586982,"2016",2016,"11",-0.936190461251009,0.332556992769136,-0.683384004422157,-0.993104139880829
0,1852.57977254575,4858.4406996209,0,"2016",2016,"11",-0.333358119469116,0.970426646802699,1.23148546344276,-0.028728829541516
0,1871.71707833658,4851.99900318117,0,"2016",2016,"11",0.605521148163568,0.688590205594222,1.41120811818283,0.749011780495389
0,1850.19650100848,5064.28605424627,0,"2016",2016,"11",-0.869494107268232,-1.17374244593846,-0.0693507768957038,0.0309049020490966
0,1927.18243776428,4882.00380891553,0,"2016",2016,"12",2.07027563306326,-1.1720986003063,0.501373016339262,1.19991857682076
1,1872.12286684511,4836.23644788896,3.84105385857719,"2016",2016,"11",-0.602708740265281,0.12765598438454,-0.238414743971678,-0.368450595246641
0,1941.75457341695,4890.82962933224,0,"2016",2016,"12",1.98562230681542,-1.41390151390314,0.879777073044331,1.21501285859903
1,1882.95629320232,4811.43889162842,4.01985475401346,"2016",2016,"11",-1.061887432301,0.159911090947516,-0.872765582117907,-0.164046590758242
0,1895.19598171022,4815.13548606035,0,"2016",2016,"11",-0.543708098733995,0.74278100704854,0.388771219277024,0.0598029908887666
0,1933.24642092939,4824.854667,0,"2016",2016,"11",2.41914877895197,-0.512500058879293,0.0106108557640683,1.23612774709387
0,1879.95275514,4850.23473661265,0,"2016",2016,"12",1.07239567497114,0.952674580095912,0.92903257940708,0.971157733392309
1,1900.24389382818,4785.59693331058,3.34450384890553,"2016",2016,"11",-0.813058768458305,0.569459551521499,-0.171672616111288,0.0847872859319557
0,1918.22142872597,4815.81859339264,0,"2016",2016,"11",2.01897055719902,0.830747832438781,0.0954701361373543,1.11464587463099
1,1766.58192314692,4999.94105208583,7.38674588518395,"2016",2016,"11",-0.846406920985621,0.536796415436345,0.585036795689967,-1.42656333959768
1,1766.22169581407,5031.82894415422,7.29446113618605,"2016",2016,"11",-1.16706242193344,-0.428257908857963,-1.67374843289763,-1.64397153541277
0,1790.29460376526,5041.33595108352,0,"2016",2016,"11",-0.618100214096407,0.511182852865827,0.411280552731167,-0.410346377279855
1,1785.67784590694,4979.52839312927,7.38674588518395,"2016",2016,"11",-0.443663592223907,1.36688202869423,1.35015663698706,0.142448084322258
1,1781.41492923432,4941.85033550036,3.34450384890553,"2016",2016,"11",-0.338488627055539,1.07239282116325,1.07887868575469,0.379334484286216
1,1790.75271750398,4884.92402043353,6.75021753203002,"2016",2016,"11",-1.1850191250937,0.0728048027792745,-1.60911861471998,-2.14770480079066
0,1885.85095410698,4834.8774039001,0,"2016",2016,"11",-0.284618493110679,0.610593067085658,1.16158690528973,0.303438379223144
1,1776.29830792016,5005.79114400873,4.02004768602484,"2016",2016,"11",-0.348749593300242,-0.840681573538927,0.609829136737302,0.0128682201320644
0,1908.99681753756,4779.00123544013,0,"2016",2016,"11",-0.246139832996941,1.01020761070095,0.742254101282357,0.336555819530791
0,1818.53980933067,5027.7629226315,0,"2016",2016,"11",-0.0383550585971259,-0.528822404627292,0.3197131755431,0.580372955651322
0,1861.68541745777,4945.18848641329,0,"2016",2016,"12",0.631173588239393,-2.14061909408586,0.696434484233926,1.11684058957064
1,1817.97234368887,4905.53582313001,4.01985475401346,"2016",2016,"11",0.823566888808082,-0.650928233000114,0.729125143622289,0.970560177790078
1,1770.51021501836,5031.49240093044,7.04712875002213,"2016",2016,"11",-0.859233141023534,-0.177652135594276,-1.09568441462538,-1.46759842344448
0,1805.42082153149,5026.98376079028,0,"2016",2016,"11",-0.128138598862514,-0.837581548056144,0.16145242888017,0.487361358570098
1,1792.51443885537,4998.31691100731,3.34450384890553,"2016",2016,"11",-0.171747717634529,-0.98718894000737,0.61392379569336,0.560773286397965
0,1834.45390851399,4996.87514449062,0,"2016",2016,"12",0.284865647215752,-2.00650471519228,0.567479769290302,0.834200624958372
0,1798.93347543504,4929.14724550764,0,"2016",2016,"11",0.10016815695485,0.687391651430524,0.82270805134122,0.81076735705123
0,1804.49056387638,5019.12562397382,0,"2016",2016,"11",0.00268880638167489,-0.646888798642851,0.368648845481104,0.554290348867035
0,1855.66400940148,4956.88844870263,0,"2016",2016,"12",0.58499921567417,-2.05929760498018,0.653932481840304,1.0556414804212
0,1791.17001958276,4929.51840232933,0,"2016",2016,"11",-0.0101374136562377,0.951321336793061,1.0012059093711,0.677877443797843
0,1799.55759227048,4929.15742072426,0,"2016",2016,"11",0.151473037106501,0.638108989834155,0.787312948120766,0.832986700976657
1,1788.39022003568,4900.34560388042,6.9471369007259,"2016",2016,"11",-0.602708740265281,0.854506150394208,0.651590336917411,-1.27615341417612
1,1781.74194418287,4892.95307950703,5.32845346580863,"2016",2016,"11",-1.15936668501787,-0.342504831848285,-1.90263445546192,-2.45931627860325
1,1801.07978830357,4888.15188073389,5.87634716586982,"2016",2016,"11",-0.866928877939094,0.744242542040998,-0.0615993087065,-1.37233957197207
0,1877.99106068269,4837.02946480188,0,"2016",2016,"11",-0.602708740265281,0.374810140104745,0.149907755754438,-0.237892330320843
0,1904.27786950068,4811.92085685062,0,"2016",2016,"11",0.741479158850481,1.27125121042891,0.893953810371119,0.737194902613422
0,1906.14863869982,4762.01736665523,0,"2016",2016,"11",-0.905407538052832,-0.202362069317896,-0.14825651026719,0.174384091314087
0,1930.38868229459,4737.01131970099,0,"2016",2016,"11",1.59570529594791,0.929486423346341,0.820204094789242,0.905576119646871
0,1929.7130102827,4727.34226232877,0,"2016",2016,"11",-0.312836138051568,0.340020936326355,0.616991078581334,0.456900336923822
0,1959.46764763855,4694.44137323486,0,"2016",2016,"11",-0.602708740265281,-0.395572495016026,0.533300692659405,0.557480123392672
0,2021.80902864586,4698.23242985643,0,"2016",2016,"11",3.09380783551862,0.757474769397117,-0.708115221794594,1.28426950746075
0,1987.37158578155,4676.36490515945,0,"2016",2016,"11",-0.695057534323883,0.318005439918569,0.536975169910288,0.63945666343888
1,2001.47521327766,4703.37200900362,3.34450384890553,"2016",2016,"11",-0.846406920985621,0.482650851356495,-0.595450419256601,1.29147016607187
0,2035.83937226459,4674.20457519386,0,"2016",2016,"11",1.8830127422247,0.572840356398937,0.518556871203389,0.971928602839981
0,2055.67830006561,4671.30498602823,0,"2016",2016,"11",-0.618100214096407,0.772825242053604,1.39658675897376,0.889090492130737
1,1774.76073605175,4969.75743056053,7.7516701915055,"2016",2016,"11",-1.13627947427119,1.96750745621401,0.477211705797283,-2.18460074648882
0,1808.01530098709,5029.07731346741,0,"2016",2016,"11",0.0206455829341604,-0.706365521160936,0.172576780907946,0.50273941336928
0,1853.82913305255,5056.28099547411,0,"2016",2016,"11",-0.443663592223907,-0.572867690571913,-0.251176651756499,0.355483572726615
0,1777.58167703162,5035.65903722506,0,"2017",2017,"12",-0.74379716068232,0.186599008520293,-1.02405620283292,-1.43793716294561
1,1834.13674892718,5005.15757753536,3.36848734428808,"2017",2017,"11",0.146342529520073,-1.77660931084221,0.0327101076718609,0.729664929519411
0,1797.38849731538,4946.29357625434,0,"2017",2017,"12",0.179690682047389,0.454300395632526,0.192932254054975,0.549488919168508
0,1829.88257510561,4962.14479514086,0,"2017",2017,"11",0.536259638243879,-1.18388634722754,0.051472328690888,0.826663699316277
1,1770.33610412861,4909.12739193718,5.10642448513294,"2017",2017,"11",-1.20297585271804,-0.0829321826470467,-2.5638450657146,-2.88358743611461
1,1783.84885996842,4916.11761845634,6.51239890864754,"2017",2017,"11",-0.556534367700053,1.21261226367162,0.985684625435927,-0.675255726591314
0,1806.49097624406,4922.4668338415,0,"2017",2017,"12",0.466998030467888,0.200164347201716,0.251475806008371,0.614078554260979
0,1822.61398706516,5060.47687331159,0,"2017",2017,"11",-0.90797276738197,-0.137366416274929,-0.833835887974252,-1.0984330619808
1,1800.75225736736,4895.01970059309,7.54322517691034,"2017",2017,"11",-0.636056892792597,1.12013077996268,0.290411656660655,-0.857692442014637
0,1871.3333934308,4931.58080353154,0,"2017",2017,"11",1.2673541804049,-1.90227492575534,-0.897462967733738,0.825205845412764
0,1902.14523727002,4921.55755099969,0,"2017",2017,"11",1.33405048545952,-1.86358045002565,-1.58361684642041,0.804906313584933
1,1823.14642969562,4870.69591212789,7.46804313455629,"2017",2017,"11",-0.882320351770221,0.156224748986793,-1.05768566587939,-1.48614381376122
1,1827.07851310387,4876.90190847786,3.56066228509735,"2017",2017,"11",-0.466750827434665,0.905159917279213,0.337007272565515,-0.596086434602341
1,1846.32644718819,4886.40367832117,4.05320426798319,"2017",2017,"11",1.3289199778731,-0.629120874638736,-0.92655206964872,0.787000366836631
1,1836.83669222045,4858.94235222387,7.33459329649847,"2017",2017,"11",-0.900277054930485,0.34141249908673,-1.24545095681262,-1.29165337031818
0,1852.8646795709,4858.14020218409,0,"2017",2017,"11",-0.338488627055539,0.956989240323244,0.249803407898122,-0.367473512314279
0,1871.12431192888,4852.24452255351,0,"2017",2017,"11",0.57730350322268,0.665663401368153,-0.123946694285651,0.704371241542928
0,1850.43443773271,5064.22513072015,0,"2017",2017,"11",-0.864363624145886,-1.14359522628219,-0.18872872923191,-0.0493157787977293
0,1926.88445512634,4881.83580209664,0,"2017",2017,"11",2.0471883978525,-1.16537702261418,-2.13184598308511,0.933481666359043
1,1874.62284000274,4835.94871341441,5.61482406849166,"2017",2017,"11",-0.949016681288922,0.196228803441476,-0.720606719463482,-0.637980253563123
0,1939.61116306631,4891.98798827239,0,"2017",2017,"11",2.02666636750681,-1.44625121796133,-1.93728932565551,0.926435436109856
1,1883.60971341588,4814.48484261091,6.08346044168154,"2017",2017,"11",-1.03110448463875,0.108539110006895,-1.53568587220558,-0.507259671632745
0,1897.38691507792,4812.9049070216,0,"2017",2017,"11",-0.410315439696592,0.921318846061695,-0.0404419445191723,-0.0515618880633095
0,1928.10981901096,4822.14618791659,0,"2017",2017,"11",2.4576274390657,-0.0378596230401943,-2.08041316360249,1.02510891569204
0,1879.56987748023,4849.86002955194,0,"2017",2017,"11",1.07752608470127,0.927977115939809,-0.396424961394839,0.800003994688862
1,1900.93163059017,4784.3184168588,3.34450384890553,"2017",2017,"11",-0.782275845260133,0.57077784922587,-1.00686363012039,-0.21822248122926
0,1916.57160559539,4815.7536058436,0,"2017",2017,"11",1.93431762237635,0.935527701112673,-1.50057382317545,1.02230649352115
1,1766.74247441303,4999.55828391756,8.71119295513966,"2017",2017,"12",-0.843841691656483,0.550916488133611,-0.557427009628439,-1.92584444766255
1,1765.67265061472,5031.21218592286,6.8062038920599,"2017",2017,"12",-1.17732338817814,-0.409495483183248,-2.13707104669836,-1.80770216123179
0,1790.52158210728,5041.79178595777,0,"2017",2017,"12",-0.654013620416932,0.578450950347617,0.0237315021376719,-0.529249708707985
1,1785.86707483551,4979.12870674181,8.27865606890029,"2017",2017,"11",-0.407750234831529,1.35596387551299,0.494534552552797,-0.211623831486518
1,1781.67349646487,4942.30675796889,6.63968305585063,"2017",2017,"11",-0.199965411503568,1.06486238741679,0.845851586483405,-0.0565500186704698
1,1790.73009986084,4884.83027728819,5.39259093748164,"2017",2017,"11",-1.15423620189552,0.0692500974793388,-2.16827966605757,-2.22303688607155
1,1886.25591865867,4836.05239378248,3.5209666072376,"2017",2017,"11",-0.16148675138983,0.643802695867116,0.26808109427401,0.123873965895098
1,1775.89860417043,5005.62535209336,4.07113396228979,"2017",2017,"12",-0.353880051958519,-0.733538649719963,-0.0011979664245229,-0.129121078978372
0,1909.22119918761,4779.3491393102,0,"2017",2017,"11",-0.187139240393801,1.05265491675992,0.110324861866797,0.119618188528137
0,1819.57598742317,5028.50220315851,0,"2017",2017,"11",-0.0383550585971259,-0.563428058444272,-0.251013864378928,0.624757613569847
0,1861.41844355645,4944.2635337886,0,"2017",2017,"11",0.651695520728796,-2.1396781306387,0.0110134391478407,0.831921734201355
1,1817.52485075272,4905.95948611676,3.28223180618448,"2017",2017,"12",0.81843638122166,-0.651252251763465,-0.129908343484901,0.714530141196383
1,1770.22985481808,5031.62875816967,7.52135618014131,"2017",2017,"12",-0.902842259795548,-0.159661087510996,-1.46031522343958,-1.59624379246734
0,1804.81251940165,5027.38117440922,0,"2017",2017,"11",-0.146095326486849,-0.952065656019305,-0.508916684731535,0.466237608984552
1,1793.92408693599,4998.25200575544,4.05320426798319,"2017",2017,"11",-0.0999209049934754,-0.882086681320506,-0.183538008481657,0.453355764327362
0,1834.77328266982,4997.05902908376,0,"2017",2017,"11",0.27203942717784,-2.03047728074756,0.117721209867886,0.754737999058784
0,1798.04244508918,4955.37790377833,0,"2017",2017,"12",0.105298566684976,0.745697042987762,0.139316528322694,0.533216412243581
0,1804.83654264461,5018.47419766126,0,"2017",2017,"11",-0.0896599387487764,-0.607693882682467,-0.401305179219586,0.540315890831618
0,1856.41718199705,4956.44719843621,0,"2017",2017,"11",0.579868805944039,-2.07736047734079,-0.110923849276812,0.846047403341152
1,1791.45093464445,4929.77215650054,3.37727464888998,"2017",2017,"12",0.0309065491788594,0.949375407399187,0.79613499248213,0.33818048914668
0,1797.15537318834,4928.50915075545,0,"2017",2017,"12",0.197647409671723,0.819527355858267,0.473733127485284,0.516512656484054
1,1787.55490625988,4901.44041981564,6.4881652164567,"2017",2017,"11",-0.892581318014919,0.861397692855112,-0.483557242130861,-1.60178813600852
1,1781.55215598737,4894.57709950268,5.28777500638464,"2017",2017,"11",-1.13371424494205,-0.372383900216809,-2.28537488958604,-2.45780603066096
1,1801.26894570099,4888.40170756484,6.64151039895332,"2017",2017,"11",-0.86436359968181,0.774183533406529,-0.690412843713944,-1.52338610541284
0,1877.88131890794,4837.06041402997,0,"2017",2017,"11",-0.669405045319907,0.370382079493677,-0.466205976699713,-0.545179495910277
0,1904.49422802881,4812.15678280554,0,"2017",2017,"11",0.741479158850481,1.27803577197749,-0.408598690296696,0.724964116369518
1,1906.38286292379,4761.75257361951,4.01985475401346,"2017",2017,"11",-0.892581318014919,-0.165129420076672,-0.959518656778433,-0.166129356041468
0,1930.31062232081,4737.82421828765,0,"2017",2017,"11",1.67522801675303,1.00554338743208,-0.867676124316532,0.850603912493346
0,1929.58077707972,4727.2597273547,0,"2017",2017,"11",-0.359010559544941,0.304998252902591,-0.143426467986623,0.182759866873824
0,1959.10646604311,4694.47347459197,0,"2017",2017,"11",-0.877189844183798,-0.418607779768826,-0.273324470385144,0.165226631231849
0,2021.60961013317,4698.12447039649,0,"2017",2017,"11",3.08611222092342,0.75644586826519,-2.71501051764206,1.03519411833603
0,1987.19968626601,4676.44603742663,0,"2017",2017,"11",-0.671970348041267,0.318726264267126,-0.0896535770467491,0.325440194732799
0,2001.76199548211,4703.22509351746,0,"2017",2017,"11",-0.779710591466919,0.471848975462534,-2.60850420414258,1.03898811018644
0,2035.29654496969,4674.40547521552,0,"2017",2017,"11",1.91636099260831,0.569464730102393,-0.982848577311545,0.813909290775523
0,2055.0348844467,4671.17985729581,0,"2017",2017,"11",-0.618100214096407,0.76812293091153,0.647000834070482,0.572227159475909
1,1774.95550377579,4969.5246403644,6.58977263591984,"2017",2017,"11",-1.13371424494205,1.95376366200602,-0.0960733053267678,-2.24121248262558
0,1854.23582841381,5056.47121447528,0,"2017",2017,"11",-0.43853308463748,-0.533431576404489,-0.523155469209481,0.243599461125627
1,1778.13575979228,5036.1287745013,3.34450384890553,"2018",2018,"12",-0.70018799298216,0.242682303193775,-0.607308690986044,-2.02244044226279
0,1834.23401059022,5004.30864296348,0,"2018",2018,"11",0.118124786722888,-1.81962950623711,0.371421138683373,0.473973477472776
1,1780.65612937019,4971.38523014601,8.85780722954853,"2018",2018,"12",-0.589882520227369,1.74999459507395,1.00259230862147,-1.18526869697727
1,1797.51694138735,4946.67055299158,3.34450384890553,"2018",2018,"12",0.102733361819913,0.446211827922343,0.397764344878413,0.446063495671092
0,1829.36025713919,4962.52642699403,0,"2018",2018,"11",0.428519272497859,-1.12971863161075,0.367887691941404,0.623508499697822
1,1770.85904832968,4907.75813980019,5.95025472931152,"2018",2018,"11",-1.27736790692026,-0.204998810010369,-1.73768916353316,-3.63426473020395
1,1783.63541552291,4914.90268427981,6.97308766674792,"2018",2018,"11",-0.697622788117092,1.2457135951135,1.39905064014017,-0.692759652471783
1,1806.84136599673,4922.37199781799,3.31284656543273,"2018",2018,"11",0.415693150316238,0.151456510543777,0.157500298903866,0.53246812721676
0,1830.90967207733,4931.40185108906,0,"2018",2018,"11",0.705565703601806,-1.9713298814068,-0.0311292264302686,0.680833140116753
0,1822.84485623951,5060.04324402565,0,"2018",2018,"12",-0.959277647533621,-0.188445101785662,-0.385672224351394,-1.5275478188941
1,1800.84133350543,4895.11653889043,5.50986828641262,"2018",2018,"11",-0.620665467889616,1.12068467061218,1.14502383557153,-0.714151006995798
0,1870.26328146928,4927.47054761809,0,"2018",2018,"11",1.19552736776385,-1.81656448497106,-0.294333032923565,0.780598842280354
0,1901.2009823639,4922.59586650534,0,"2018",2018,"11",1.29044141561566,-1.89058725791252,-0.134683709000288,0.854482071072806
1,1823.13411823246,4870.39839594735,6.6757731145955,"2018",2018,"11",-0.961842901326835,0.141641035245757,-0.302281637161369,-1.7105970129053
1,1827.2087585205,4876.16601001116,3.34450384890553,"2018",2018,"11",-0.57962155398267,0.861385615259034,0.738572323341613,-0.671755786626959
0,1847.38029760014,4885.7165430527,0,"2018",2018,"11",1.2878761128943,-0.658658015584001,-0.680636110740948,0.67916780036679
1,1837.53457187145,4858.69934103194,6.7110044353406,"2018",2018,"11",-0.864363648609956,0.359679086767895,-0.30971250226635,-1.40167038195074
0,1853.20638091867,4859.04949076262,0,"2018",2018,"11",-0.294879459355378,0.995809808287114,0.748073047260956,-0.319430096421521
0,1871.26371979623,4852.15943511833,0,"2018",2018,"12",0.592694928125655,0.668056649569072,-0.0436802273346517,0.486991510277507
0,1849.68687075443,5063.84881257713,0,"2018",2018,"12",-0.920799011883958,-1.21840277945747,0.282443067002345,-0.15336496854924
0,1927.44811418831,4881.42605976318,0,"2018",2018,"12",2.01127494260383,-1.1642537230303,-0.168282528896962,0.885956574285407
1,1872.65457847025,4834.92893574571,6.66050379633678,"2018",2018,"12",-1.03110450910282,0.121826066216198,-0.0446436047546107,-0.848411526490632
0,1939.50631521995,4892.35292963303,0,"2018",2018,"11",1.95483945700946,-1.44983750985263,-0.272463023837125,0.837236807245519
1,1884.19772785193,4810.58079257347,4.41941365928565,"2018",2018,"12",-1.03880022155431,0.203400438548838,-0.512450927173167,-0.608603238676731
0,1895.66174692472,4814.58691313567,0,"2018",2018,"12",-0.484707506130854,0.795851297213305,0.52277710550883,-0.28919191075715
0,1922.04054881901,4822.15306482212,0,"2018",2018,"12",2.42171398381703,0.491978368482629,-1.55345512390771,0.785955303434207
0,1879.60781700133,4849.19354249626,0,"2018",2018,"12",1.04674313703902,0.895941864085827,-0.313943626622133,0.544929329083211
1,1900.62921376142,4785.06228580571,3.34450384890553,"2018",2018,"12",-0.802797753285461,0.570647507523042,-0.0223849515488733,-0.279946057887319
1,1917.08066877563,4815.41338952626,3.31284656543273,"2018",2018,"12",1.91892619747337,0.908371289869577,-1.27258626171455,0.724690131445738
1,1771.91958587964,4997.9968886078,8.50728784978541,"2018",2018,"12",-0.494968472375558,0.482324081654202,1.04928010952905,-0.924462677919803
1,1764.62355797713,5030.98251582188,6.65907221229086,"2018",2018,"12",-0.94388619816657,-0.458382606352067,-1.66512727657029,-2.22349002861649
0,1790.14719189595,5041.70024219249,0,"2018",2018,"12",-0.705318500568582,0.580885278363816,0.624037219985179,-1.13914674725246
1,1786.23500575675,4977.9763914008,8.9344971229707,"2018",2018,"12",-0.371836779582854,1.33874883256935,1.30730527596808,-0.0450879479476353
1,1781.6411572071,4941.52628832796,5.25970933797967,"2018",2018,"11",-0.279487985524252,1.05528283767166,1.17553049099307,-0.0885044022010582
1,1789.24044520682,4885.24701286948,7.05255894445937,"2018",2018,"11",-1.1952800913384,0.075207176181361,-1.18848063091035,-2.7231503004796
0,1884.94997458794,4836.2186684545,0,"2018",2018,"12",-0.341053831920606,0.622886460373264,0.613040952374334,-0.116814387268516
1,1776.30878745382,5005.55044591205,4.38688446806615,"2018",2018,"12",-0.441098387358839,-0.803359983074646,0.660104509389491,-0.51972542673654
1,1908.29858506633,4778.82933320494,3.34450384890553,"2018",2018,"12",-0.356445305751728,0.934765227014335,0.36620229546694,-0.040824972648542
0,1820.08903140461,5028.45398731471,0,"2018",2018,"12",-0.120442886411024,-0.572498729399929,0.50867146423917,0.218231858020394
0,1861.76755629397,4944.43161599307,0,"2018",2018,"11",0.446476000122194,-2.13109837676091,-0.0387469299521947,0.743052737910395
1,1818.35386246838,4905.64714230006,4.35549589797316,"2018",2018,"11",0.77739251624286,-0.700685165432352,-0.0269070580518606,0.571519689996015
1,1770.08837998646,5031.27023971283,7.47789487743879,"2018",2018,"12",-0.800232523956323,-0.183207082888585,-1.034778192182,-2.07600832558871
0,1804.3180509999,5027.32016753441,0,"2018",2018,"12",-0.261531306828063,-1.01469342859258,0.47397030407134,-0.0396216092692929
1,1793.30099625922,4998.64999942248,4.46518753902265,"2018",2018,"12",-0.14353002376549,-0.949355302655924,0.627672388510082,0.118554721322102
1,1834.96390831688,4996.43780536676,3.31284656543273,"2018",2018,"11",0.22843025947768,-2.03436230525799,0.419695744809019,0.516430825447632
0,1797.7210073012,4956.60616174294,0,"2018",2018,"12",0.0591242430478983,0.798232361630697,0.446209910275528,0.458335479170343
0,1805.19758595126,5019.14116729242,0,"2018",2018,"12",-0.135834311314005,-0.55222674587251,0.598492611679295,0.122073501328461
0,1857.244482275,4956.34441489059,0,"2018",2018,"11",0.466997932611597,-2.08965117363557,0.253420879365096,0.71299417337034
1,1792.28903271326,4928.27003366555,3.34450384890553,"2018",2018,"11",-0.0383550585971259,0.980228680328153,0.807839943917772,0.305588597855148
0,1797.70111203118,4928.2001654178,0,"2018",2018,"11",0.0822114293305099,0.794206623429716,0.421957680880625,0.447925633428807
1,1787.99453879936,4900.84759370016,7.6347909414709,"2018",2018,"11",-0.950042777913391,0.859843748484167,0.780384523805859,-1.60501248242031
1,1781.91114070182,4893.36837094021,5.87634716586982,"2018",2018,"11",-1.22093253141423,-0.321098672760909,-1.38811654143816,-2.98640989647238
1,1800.78667985585,4888.71359409744,6.4881652164567,"2018",2018,"11",-0.843841667192407,0.799098950368045,0.223300022129584,-1.75636473712206
1,1878.01183463631,4836.90063098919,3.34450384890553,"2018",2018,"12",-0.748927668268742,0.370427657010285,0.333132157025775,-0.648771017144363
0,1903.94760158645,4812.68143683617,0,"2018",2018,"12",0.703000400880447,1.26967533852582,-0.287465366377981,0.443445247861769
1,1906.45750200167,4761.64552861399,4.70398360504592,"2018",2018,"12",-0.887450810428497,-0.150358789984303,-0.022464231115972,-0.147568915502951
0,1931.32647223722,4736.27060076664,0,"2018",2018,"12",1.72140229146197,0.93767432679699,-0.314286950707531,0.633771442188353
0,1930.0895243813,4726.80806895788,0,"2018",2018,"12",-0.323097104296267,0.321014615403597,0.416222440185537,0.228871946706849
0,1959.29373232087,4694.35559277435,0,"2018",2018,"12",-0.861798394816747,-0.398180883790691,0.777309957652247,0.210911415639829
0,2022.52018194433,4698.1551375049,0,"2018",2018,"12",3.13228649563235,0.762561902124895,-1.39089132628398,1.18705011922669
1,1987.20323599984,4676.59511362801,3.34450384890553,"2018",2018,"12",-0.656578874210145,0.318726264267126,0.791146245866866,0.312258708886107
1,2005.17751894169,4664.4239582344,4.77267836886456,"2018",2018,"12",-0.946451451959784,0.363794199087802,0.501380473845797,0.354204385676067
0,2036.32815123328,4674.1672218045,0,"2018",2018,"12",1.88557794708977,0.577122659180087,-0.69934820848791,0.742562406049537
0,2055.41438590771,4671.30285748867,0,"2018",2018,"12",-0.602708740265281,0.772274805051807,1.04476506558684,0.581583744170215
1,1775.32457186279,4970.15256648397,8.18868742902176,"2018",2018,"12",-1.174758158849,1.96082702142827,0.565124033584503,-2.66261160160234
1,1807.9418753794,5029.2407622392,3.31284656543273,"2018",2018,"12",0.00268885530982559,-0.72457920831026,0.470521451241032,0.0131338892631218
0,1853.1709997345,5060.53455679078,0,"2018",2018,"12",-0.589882520227369,-0.847349309971274,0.223066469752343,0.0221123280486605
0,1777.41140638098,5035.07641533925,0,"2019",2019,"11",-0.702753246775369,0.108062907311238,-0.0627312815309726,-0.895280425262397
0,1833.3381476773,5001.08676575908,0,"2019",2019,"11",0.192516902085301,-1.85843731675851,1.53809053494076,0.812934461741129
1,1780.27550809646,4971.03469020769,7.97237281726209,"2019",2019,"11",-0.538577640075718,1.7691613398745,1.87459317988873,-0.559724190123798
0,1797.68075547749,4946.56677260217,0,"2019",2019,"12",0.138646817068588,0.443901324521589,1.33251147377933,0.773080138676107
0,1830.28825664447,4963.52072757348,0,"2019",2019,"11",0.523433418205967,-1.17912970367874,1.60077688858524,0.908220632637678
1,1770.08096805086,4909.82156233918,7.58576273428437,"2019",2019,"12",-1.19784534513161,-0.0284191263856044,-0.936268399142108,-2.29818166152796
1,1784.36347657474,4914.69321688691,7.1806494705609,"2019",2019,"12",-0.574491095324393,1.26367571134089,2.18159964412497,-0.147214062902337
0,1806.7168566331,4922.75578744472,0,"2019",2019,"12",0.436215082805641,0.155150680277976,1.09776319477989,0.835230656315561
0,1830.90318487992,4932.05119508292,0,"2019",2019,"11",0.754305378888394,-1.98342504260691,1.18994027539864,1.09510676070805
1,1821.78969744547,5059.2832686734,6.75739203445752,"2019",2019,"11",-0.897711801137271,-0.184406278053422,0.326350007868002,-0.721160402372633
1,1800.72390164584,4895.05550708271,6.60577914869926,"2019",2019,"12",-0.659144128003354,1.1201807863768,1.41671837914837,-0.39931481923954
0,1870.40338020113,4927.34850169445,0,"2019",2019,"11",1.25965837009711,-1.81743775751877,1.11466511059475,1.15884172315577
0,1901.33690730552,4922.12103546008,0,"2019",2019,"11",1.35200721308386,-1.87960780881531,0.748035132461365,1.17710244071012
1,1823.54102835986,4870.30691835652,6.9471369007259,"2019",2019,"12",-0.869494107268232,0.187978180677762,-0.0354876859676131,-0.991088718886791
1,1826.89407936206,4876.83710829087,4.00208693147523,"2019",2019,"12",-0.502664233755194,0.891158935499595,1.09963238045728,-0.225741811926157
0,1846.3990502874,4886.29610570643,0,"2019",2019,"11",1.32635467515174,-0.6300897958961,0.238027970248045,0.991527535941257
1,1837.64297793414,4857.88816858067,5.67424309056108,"2019",2019,"12",-0.918233733626674,0.355608880204135,-0.0511986658690813,-0.747816771594746
0,1852.26577383799,4858.27553361026,0,"2019",2019,"12",-0.361575813338155,0.958094536440912,1.08799055065781,-0.0315945517089052
0,1871.20897152284,4851.93353357737,0,"2019",2019,"12",0.538824843108942,0.657874442573838,0.90099775634087,0.583308839480397
0,1850.57417608204,5064.28871183464,0,"2019",2019,"11",-0.861798394816747,-1.1321673752489,0.905614876355621,0.362038544108529
0,1928.14899714221,4882.21515402888,0,"2019",2019,"11",2.03949258754472,-1.18532623378274,0.802440430408983,1.21679609175243
1,1872.3431009535,4835.43158854067,5.25970933797967,"2019",2019,"11",-0.956712418204482,0.124938225216646,0.419324786131684,-0.252232165206168
0,1940.6089659767,4892.11049546223,0,"2019",2019,"11",2.03949258754472,-1.42730933860817,0.752028429732248,1.21258510151867
1,1881.88664188463,4814.29416412886,5.4149271610577,"2019",2019,"12",-1.05162644159222,0.0652624987231974,0.125571513250607,-0.132312616633876
0,1896.29284261413,4811.22432498216,0,"2019",2019,"12",-0.564230080151543,0.820302913313604,1.09399220554629,0.163997529792309
0,1920.42207031976,4824.85826529457,0,"2019",2019,"12",2.44223581845014,0.430426831133628,-0.209894718339155,1.14693105403711
0,1879.64705954486,4849.21434988117,0,"2019",2019,"11",1.03648221972247,0.895498306187402,0.523448908362893,0.794227854103773
0,1901.50556073095,4784.74237657339,0,"2019",2019,"12",-0.766884371429007,0.65222288016917,1.12475126620031,0.261208738558013
0,1918.01312229306,4815.8985980637,0,"2019",2019,"12",1.98562230681542,0.842763716731366,0.00957234570828861,1.10644503063369
1,1766.16070259908,5000.27580792731,7.98218268136966,"2019",2019,"11",-0.879755097977007,0.52550807174151,0.71665046019111,-1.36884937466327
1,1766.16820695114,5031.54844906559,6.51896776725295,"2019",2019,"11",-1.15936669724991,-0.409988286903869,-1.27268638048208,-1.2467027204568
1,1790.2207106997,5041.23975658841,3.32705218128267,"2019",2019,"11",-0.589882520227369,0.504059316736737,1.10442476929949,-0.110991105681071
1,1785.79880804134,4979.18131267593,8.12916528018287,"2019",2019,"11",-0.443663592223907,1.35787377651188,2.05632327457817,0.118214864413373
1,1780.9184461375,4942.29249899176,6.77546683567418,"2019",2019,"11",-0.215356885334689,1.09244669648632,1.78386570146881,0.347398113762509
1,1790.24765525711,4885.45823191164,5.32845339177959,"2019",2019,"12",-1.20297585271804,0.096735665697411,-0.835902848583126,-1.70588891094022
0,1885.41251407197,4836.39387254926,0,"2019",2019,"11",-0.233313612959029,0.63450637672943,1.13098656058637,0.294346218563088
1,1776.64240847291,5004.82296360578,5.24170858477838,"2019",2019,"11",-0.335923324334179,-0.805419152404176,1.19551758422665,0.208497218300284
0,1908.61032370953,4778.40208888049,0,"2019",2019,"12",-0.343619085713815,0.927612146970761,1.36912573992391,0.523437039920164
1,1817.94555781445,5028.1227353167,4.70398360504592,"2019",2019,"11",-0.0127026185213007,-0.528413749385463,1.21055998472897,0.691309039609171
0,1861.68378330089,4944.74266145801,0,"2019",2019,"11",0.626043178509268,-2.13648325892644,1.35030712296367,1.14174717966475
1,1817.43930002414,4906.62339616699,3.34450384890553,"2019",2019,"12",0.772262008656432,-0.717829333408172,0.898346333986114,0.919629764023915
1,1771.72950273407,5031.71186764696,7.81985011099243,"2019",2019,"11",-0.825884988496218,-0.165916046770093,-0.514788007496553,-1.01642254987624
0,1803.25400704809,5026.58223329698,0,"2019",2019,"11",-0.192269699052077,-1.142447716148,1.01802856885112,0.632827113482566
1,1793.9537462497,4998.17915776796,4.00208693147523,"2019",2019,"11",-0.105051412579903,-0.882086681320506,1.4164060699266,0.557220779717214
0,1834.41161412158,4994.92348737336,0,"2019",2019,"11",0.295126662388602,-2.00003554645998,1.58607180086051,0.831100461052284
0,1797.79681323417,4956.68387945254,0,"2019",2019,"12",0.0796461266091504,0.801068263438088,1.35617715634686,0.750654626707472
0,1803.83434564176,5018.87134543757,0,"2019",2019,"11",-0.107616666373111,-0.74416409993667,1.14310866774532,0.634794820911395
1,1855.59489455485,4956.9403484014,4.00208693147523,"2019",2019,"11",0.559346775598345,-2.05869434292093,1.52614564810635,1.07522552689009
1,1790.70014365877,4929.62722775689,4.01985475401346,"2019",2019,"12",0.00268885530982559,0.946408294898113,1.47626454755148,0.595769632373402
0,1796.84689670948,4927.697304725,0,"2019",2019,"12",0.174560272317258,0.857895926820549,1.30471919391585,0.731168543004102
1,1788.16817616331,4900.53988579111,7.51382711566286,"2019",2019,"12",-0.861798394816747,0.847681916101743,1.04834388463482,-1.00612149106328
1,1780.9364908556,4894.92169145075,6.01917184151549,"2019",2019,"12",-1.17732338817814,-0.432261337860806,-0.707315630732838,-1.87446080046856
1,1801.17299685853,4888.4529742739,6.3830128705563,"2019",2019,"12",-0.877189844183798,0.779985226440447,0.447722459869854,-1.02647664327568
0,1878.33485736148,4835.00591470909,0,"2019",2019,"11",-0.666839840454844,0.335071324793412,0.820605226166251,-0.105108068533309
0,1932.2164221219,4813.67128568192,0,"2019",2019,"12",0.867176154364539,-0.121021465714429,-0.119374267037776,1.23459845916699
1,1906.43247494385,4761.60688843766,3.34450384890553,"2019",2019,"12",-0.887450834892573,-0.150358789984303,0.996029737728238,0.333979832307951
0,1931.38650630255,4736.62747714815,0,"2019",2019,"12",1.7804029819214,0.956597773829657,0.412422945155855,0.976952486811987
0,1929.33523484877,4728.34100620571,0,"2019",2019,"12",-0.24870508679015,0.378402941704899,1.46494720640617,0.615047766727157
0,1959.67143401765,4695.12412950481,0,"2019",2019,"12",-0.774580108344568,-0.382941491621438,1.74869025782521,0.604446630486478
0,2021.02364635817,4698.19254999303,0,"2019",2019,"12",3.08354701605836,0.752781262776994,-0.51419321907905,1.31353182802472
0,1986.06775436085,4677.1864168464,0,"2019",2019,"12",-0.684796568079179,0.318726264267126,1.64330994069061,0.673492658038931
1,2004.51263119118,4665.56756554312,3.34450384890553,"2019",2019,"12",-0.841276413399199,0.363790897753637,1.55058316517503,0.728625409978944
0,2036.64536903268,4674.37759188036,0,"2019",2019,"12",1.92149140233844,0.578672231098244,0.215744470303375,1.10232132441524
0,2054.89965757757,4671.13196568771,0,"2019",2019,"12",-0.610404452716771,0.767846674708263,1.89973874189921,0.974174412191801
1,1775.04742326045,4969.8439044498,9.85016114837295,"2019",2019,"11",-1.118322795575,1.96176665323442,1.31461267403744,-1.87167419193637
1,1807.80368869544,5029.1226512458,4.01985475401346,"2019",2019,"11",0.0539936865333252,-0.726243906417733,1.03053725827969,0.651961707255559
0,1853.73076432915,5056.4054506593,0,"2019",2019,"11",-0.410315439696592,-0.590450814271309,0.625641908118034,0.611561895448285
0,1852.98743308632,5056.40056246128,0,"2019",2019,"11",-0.418011201076228,-0.680669624611671,0.625641908118034,0.611561895448285
