"year","month","haul_number","meandepth","sqkm","xlat","xlon","grain","bottomT_autumn","bottomT_spring","bottomT_summer","bottomT_winter","sal_autumn","sal_spring","sal_summer","sal_winter","pp_autumn","pp_spring","pp_summer","pp_winter","Abun.rec","Abun.adu","Biom.adu"
2007,12,"10",35.439998626709,0.0853271145599365,45.1063333333333,13.2508333333333,2.16101358657659,15.6231396993001,16.3489978313446,20.3539516131083,12.1474479436874,38.0280194282532,38.0342390537262,38.0927661259969,38.1789329051971,0.0437241133768112,1.68527886271477,3.57660923401515,0.681512426119298,0,246.111679077148,-1
2007,12,"13",34.4899997711182,0.0377883375907898,44.6116666666667,12.7551666666667,5.13966559985327,15.6046360651652,15.5831849098206,18.7225536346436,12.3077634811401,37.9362230936686,37.9895961761475,38.0530574798584,38.2209529876709,-0.585949049408858,0.469312780187465,2.15976704359055,-0.629924230836332,0,0,0
2007,12,"14",41.8299999237061,0.0688741480484009,44.7376666666667,13.1573333333333,3.1320189337694,15.1602076848348,14.9702954292297,18.2252869923909,12.5571776390076,38.2146095275879,38.0706502914429,38.1387270609538,38.2691110610962,-0.17078140626351,1.58008687496185,1.78280790845553,0.327708741591778,0,362.980895996094,-1
2007,12,"18",41.060001373291,0.0262069983291626,44.3963333333333,12.8376666666667,4.95936184459262,15.416298421224,15.125078868866,17.1771052042643,12.6925482749939,38.0372943878174,38.0165224075317,38.1662115732829,38.2642437934876,-0.236211322744687,0.584690810088068,1.67935346563657,-0.197777936886996,0,76.3154907226562,-1
2007,12,"19",46.9700012207031,0.0938569540161133,44.496,13.1815,1.95966574034296,14.9964611530304,14.5251485109329,16.7241047223409,12.5033490657806,38.2131942113241,38.0301918983459,38.2453598976135,38.1904957294464,-0.100467243852715,1.51570834964514,2.06004575888316,0.365878961398266,0,905.633422851562,-1
2007,12,"2",13.5500001907349,0.0255966983680725,45.6126666666667,13.1236666666667,4.35412662732797,14.6424699624379,21.874639749527,25.0334971745809,12.4777060747147,35.5939410527547,36.3688766956329,36.6371234258016,36.8265187740326,6.82989948987961,16.4404945373535,20.719678958257,6.77022439613938,273.472778320312,234.405227661133,-1
2007,11,"22",57.1700000762939,0.0280343092056274,44.3963333333333,13.6536666666667,2.29246424871778,15.1217104593913,15.1203999519348,16.1271275838216,13.0927282810211,38.2881613413493,38.2582639694214,38.3790528615316,38.1935677528381,-0.126029735803604,1.70149739980698,1.45353049635887,0.197208341199439,0,356.705780029297,-1
2007,11,"23",59.4899997711182,0.0536345965805054,44.3348333333333,14.0575,2.17328038291326,15.0565160910289,14.349888086319,15.801259915034,13.1180960536003,38.3103362719218,38.4446864128113,38.3996849060059,38.3761582374573,-0.11311909959962,1.46176766231656,1.15408681705594,0.0530667819693917,0,335.604248046875,-1
2007,12,"26",58.2049999237061,0.03900893751297,44.042,13.3293333333333,3.79464819863087,15.1088980038961,14.1915722688039,15.3347907596164,13.3196047544479,38.1990521748861,38.2061500549316,38.3737161424425,38.2436072031657,-0.261179701683836,0.58396031241864,0.822414859689565,-0.0939519974053837,0,179.446060180664,-1
2007,12,"28",23.8199996948242,0.0377883375907898,43.7838333333333,13.3845,5.75080104887955,15.4092768351237,17.1471447944641,21.3059963226318,12.8576803684235,36.7874268849691,37.6946088790894,37.4943537394206,37.4305371284485,0.403813380996386,6.73585558533668,8.46164038181305,1.28709051928017,0,52.9263801574707,-1
2007,12,"29",40.5299987792969,0.0396192374740601,43.7198333333333,13.6098333333333,5.38113362826998,15.6651103337606,15.2514266014099,17.9275495529175,13.1243409633636,37.456031926473,38.0926984786987,38.0894104003906,37.9119859695435,-0.156392434115211,2.34715382158756,3.53102507852018,0.195122226793319,0,0,0
2007,12,"3",11.8600001335144,0.0109710393005371,45.6678333333333,13.5185,3.59610551361024,15.2150183518728,21.0961389541626,25.0997319221497,12.3531033396721,36.8122863769531,37.1108798980713,37.3303079605103,37.4876794815063,6.14064888904492,12.4678032398224,15.4537269473076,6.16950250603259,0,273.447204589844,-1
2007,11,"30",69.6100006103516,0.0914157541717529,44.3348333333333,14.3581666666667,2.0097449357693,15.1887375513713,14.3628082275391,15.7769992351532,13.3821624517441,38.3494631449381,38.3917536735535,38.3728667894999,38.4654940366745,-0.0227201823145151,1.59153717756271,1.19863026464979,0.122027402321692,0,10.9390335083008,-1
2007,12,"36",90.875,0.0877683144042969,43.6661666666667,14.8355,2.56450729295025,15.3125117619832,14.0754155317942,14.6940780745612,13.7802786827087,38.4446686638726,38.4200174013774,38.4743820826213,38.4347740014394,-0.146346046589315,0.364169646364947,0.224352174619627,-0.207461478227439,0,0,0
2007,12,"44",19.0299997329712,0.0475387769691467,45.4635,12.6995,5.24545652629765,15.6165356953939,19.83756980896,25.0271296183268,12.6458109378815,36.2526691436768,37.2892610549927,37.3332670847575,37.5276356697083,2.82146883408229,6.49192204475403,12.186754322052,3.48484854996204,21.035457611084,399.673706054688,-1
2007,12,"51",31.4749994277954,0.0645338358856201,45.3308333333333,13.1503333333333,3.63518429356952,15.2775605519613,16.5244109630585,21.6230985323588,11.8520550131798,37.7071091334025,38.0403671264648,38.0481667518616,38.2137811183929,0.126332926253478,3.05578737705946,4.55914634466171,0.877048450463917,0,201.444702148438,-1
2007,11,"53",46.0550003051758,0.083489034677124,44.5571666666667,13.5551666666667,1.84206146746874,15.2459587732951,15.219090461731,17.2328959147135,12.7424161434174,38.2314893086751,38.1481304168701,38.343958791097,38.130723285675,-0.0308546497796973,2.55845514535904,2.25703808069229,0.588485210575163,0,275.485260009766,-1
2007,12,"54",48.0550003051758,0.03900893751297,44.2388333333333,12.9763333333333,3.71976462006569,15.2107458909353,14.6171157360077,16.1547204653422,13.0378873348236,38.1153639157613,38.0635998249054,38.2661984761556,38.2370715141296,-0.28482508570111,0.695050274720415,1.7046866218249,-0.0342901721014641,0,179.446060180664,-1
2007,12,"56",30.1800003051758,0.0127947591842651,45.331,12.8975,3.51416651046637,15.2459036509196,16.3832287788391,22.1853939692179,11.7571616768837,37.5438966751099,38.0086071491241,37.9810841878255,38.1792126893997,0.239897587879871,2.94272977113724,4.42605891823769,1.03343793924432,0,390.784973144531,-1
2007,12,"58",37.9749984741211,0.0847096345993042,45.359,13.2438333333333,2.9976934429371,15.2625961303711,17.0929291248322,22.0882949829102,11.915941119194,37.7068456013997,37.9880967140198,38.0379587809245,38.1581974029541,0.459844112027592,3.8090285807848,5.54306428631147,1.01621635904303,0,271.515747070312,-1
2007,12,"59",33.7450008392334,0.0243760984458923,44.7003333333333,12.7825,5.41149989385453,15.532877667745,15.6298047065735,19.1072458902995,12.4160046100616,37.9604644775391,38.0094024658203,38.0600430806478,38.2173784255981,-0.57115491827329,0.0862787560559809,2.15109655658404,-0.694545327720698,0,0,0
2007,12,"6",30.710000038147,0.0255966983680725,45.2556666666667,12.888,3.84614960291913,15.3421136220296,16.0558004379272,21.9220864613851,11.8136265277863,37.6703807830811,38.0346286773682,38.0127198537191,38.2432634353638,0.0453483425119581,2.98788753151894,3.89388586680094,0.818354787165299,0,78.1350784301758,-1
2007,11,"60",45.0799999237061,0.0481490769302368,44.6578333333333,13.5026666666667,1.86847375447933,15.2718376159668,14.9927808761597,17.3345050811768,12.4738532066345,38.2293337504069,38.1224704742432,38.2988171895345,38.1722582817078,-0.0897154666483402,2.65625110864639,2.22042914231618,0.562277016509324,0,1038.44140625,-1
2007,12,"61",30.5750007629395,0.0371780376296997,44.4603333333333,12.6263333333333,5.78133181920127,15.952007399665,16.1712135473887,19.9450965457492,12.618769288063,37.4656020270454,38.00257396698,37.9473105536567,38.1187278429667,-0.601012437811328,1.83004716038704,4.40669548511505,-0.762971551467975,0,80.6927947998047,-1
2007,12,"62",34.3349990844727,0.0377883375907898,44.4588333333333,12.7085,5.75635173916817,15.7474639680651,15.6103706359863,18.5630945629544,12.4818002780279,37.7973368962606,38.0118277867635,38.057959344652,38.2170224984487,-0.679014286181579,1.21409434825182,2.55471566319466,-0.770735037047416,0,26.4631900787354,-1
2007,12,"74",14.0999999046326,0.0225523785621643,41.9736666666667,15.09,5.06697852270944,15.2616368399726,20.9547538757324,25.0545953114827,12.8254721959432,37.978808508979,37.0501283009847,37.6503452724881,37.9984130859375,4.61045180178351,11.9983503421148,12.1981372833252,6.67976365983486,0,0,0
2007,12,"75",71.0299987792969,0.0262069983291626,42.0388333333333,15.4661666666667,5.33333349227905,15.4422210057577,14.2318520545959,15.1934765497843,12.9003300666809,38.179262415568,38.2927659988403,38.3941602071126,38.1835133552551,-0.465449150030812,0.643946515442803,1.30518461416165,-0.485647177603096,0,0,0
2007,12,"76",20.0050001144409,0.0249863984069824,41.995,15.6876666666667,5.57848940210894,16.2830678621928,15.5467436313629,19.5215320587158,12.8513996601105,38.1144736607869,38.0912194252014,38.2800674438477,38.1568419933319,0.114023041212931,2.20357722043991,3.58027070760727,0.0468175271525979,0,120.065315246582,-1
2007,12,"9",33.5849990844727,0.0383986375518799,45.323,12.9335,3.97552387428284,15.2507657368978,16.2973381996155,22.0036825815837,11.7652186870575,37.5903987884521,38.0259037017822,38.000993347168,38.2019382476807,0.0960867552086711,2.83911808729172,4.10807789961497,0.942974690441042,0,104.170356750488,-1
2007,12,"45",19.0799999237061,0.0173540588935852,45.5573333333333,13.6841666666667,5.71319908873979,14.513663927714,20.1102666854858,24.4784968694051,11.5043295621872,37.4357522328695,37.7155432701111,37.9641777674357,37.8698761463165,2.92481477558613,7.46893787384033,11.9079903761546,3.83208152279258,0,0,0
2008,11,"1",16.6000003814697,0.0182084788391113,45.4101666666667,12.503,4.55708155521127,15.0910707473755,19.3376630783081,25.1970019022624,10.2242298126221,35.4468437194824,36.4091238021851,36.5832453409831,35.9364944458008,3.50665386418502,13.0723835468292,20.0420030593872,5.3599343419075,0,219.677871704102,-1
2008,11,"10",35.8999996185303,0.0368764776489258,45.0995,13.2501666666667,2.1487737596035,16.590278228124,15.4846814870834,19.4256250063578,10.0182279348373,37.8839521408081,38.1394197940826,38.1184970537821,38.0975346565247,-0.0165429890621454,1.93850335478783,2.46151196708282,0.390652927984775,0,108.470230102539,-1
2008,10,"12",13.6999998092651,0.01695197891922,44.5928333333333,12.346,5.21339991712195,16.031312306722,19.6903293609619,25.5309655507406,10.8573928356171,34.5927197774251,34.3918807983398,35.3963837941488,34.8140068054199,2.79249947580198,0.682526939362287,20.650999203821,0.256126905605197,2241.6259765625,1002.83270263672,-1
2008,10,"13",33.4500007629395,0.0363020776855469,44.6081666666667,12.7395,5.22447663591108,16.7519750595093,13.6665581464767,18.6044120788574,11.0389742851257,37.8307023048401,38.1441245079041,38.1933458646139,37.9907257556915,-0.854143060743809,0.359542357502505,0.906096832943149,-0.337969190673903,0,0,0
2008,10,"14",39.3500003814697,0.0361656576942444,44.74,13.0856666666667,3.55479134075225,16.6954610188802,14.00288438797,18.296556854248,10.5277276992798,38.013529586792,38.1715879440308,38.1963713328044,38.1544664382935,-0.246664387856921,2.07183519005775,1.41604735354582,0.0850040048360825,0,193.553787231445,-1
2008,10,"16",11.1999998092651,0.0230477985305786,44.2726666666667,12.4651666666667,5.12515387760373,15.3362723191579,20.8738217353821,25.8618206977844,11.292959690094,34.8667577107747,35.0723731517792,35.8413192431132,35.1505368947983,0.455613462875287,12.0444144122303,23.0509321292241,4.48717352747917,1605.359375,1041.31420898438,-1
2008,10,"17",12.3500003814697,0.0172894388977051,44.289,12.4921666666667,5.69315066228386,16.105223496755,19.3851577440898,25.1657480663723,11.5673713286718,35.5403697755602,36.0814647674561,36.3790968788995,36.0161760648092,1.17826144210994,7.11408571526408,19.0895311037699,2.56391655902068,173.516326904297,751.904113769531,-1
2008,10,"18",39.9500007629395,0.0368764776489258,44.4008333333333,12.8425,4.88550507375436,16.7812088330587,13.3626668453217,17.477459748586,11.2482440471649,37.991649945577,38.1515879631042,38.2178977330526,38.0228362083435,-0.392819192881385,0.155176161701092,0.764345292157183,-0.102651955734473,0,54.2351150512695,10.1690845489502
2008,10,"19",44.6000003814697,0.0361656576942444,44.4585,13.1616666666667,2.05040247840736,16.2457593282064,13.7787465254466,16.9212882783678,11.0378260215124,38.1419494416979,38.2046184539795,38.2718847062853,38.1413880983988,-0.18240907010881,1.41046316176653,2.27200378974279,0.10880294678888,0,663.612976074219,-1
2008,11,"2",13.8499999046326,0.0345716977958679,45.6195,13.1358333333333,4.41577359745579,15.3348996480306,19.8871856689453,25.3657380421956,10.4394917011261,36.033481725057,36.4501331329346,36.733894220988,36.2627239227295,6.76513081391652,14.6840126037598,21.9880812644959,5.39568589031696,0,260.328521728516,-1
2008,10,"21",19.3000001907349,0.0237370784866333,44.148,12.7626666666667,6.04719635040041,16.6708180904388,16.56929063797,22.5040664672852,11.7056386470795,36.6460971832275,37.4157252311707,37.4322392145793,37.2552264928818,1.65348180290312,4.92693980038166,12.2415317495664,0.788776951376349,0,210.640914916992,-1
2008,11,"22",57.5,0.0172894388977051,44.4011666666667,13.6563333333333,2.26151904091239,16.024319712321,14.8387763977051,15.9392323176066,11.477832365036,38.2805369059245,38.2632833480835,38.2887634277344,38.2216579437256,-0.00155931821209379,1.85546314120293,1.75344351331393,0.15665887555806,0,404.871429443359,-1
2008,11,"23",57.7999992370605,0.0175191988830566,44.3318333333333,14.0386666666667,2.20813328647614,15.8785447544522,14.2594639460246,15.6764852735731,11.7053304115931,38.3383546405368,38.2684810956319,38.317179467943,38.3276568253835,-0.00331543940895548,1.40022708972295,1.62226721147696,0.0438992778322245,0,285.401153564453,-1
2008,10,"24",14.3000001907349,0.0293661981277466,43.943,13.3238333333333,5.37029812354168,16.0827997843424,13.2758147239685,15.66849193573,11.8627533912659,38.053215154012,38.106360244751,38.2115687052409,38.0487151145935,-0.390857483819127,0.17622987087816,1.19209620733745,0.018056788877584,0,166.917266845703,-1
2008,10,"25",21.5999994277954,0.0287774381652832,43.9736666666667,13.0671666666667,5.6860639617199,16.2167017618815,16.3434417724609,21.6993221282959,11.7150653362274,36.732368850708,37.4099538803101,37.4162029266357,37.1783584594727,1.02414219925801,6.50990972518921,11.0180233399073,1.1749962348491,0,590.740539550781,-1
2008,10,"26",56.6000003814697,0.0350383977661133,44.0365,13.3326666666667,3.81031511306763,15.6355217827691,13.1333839893341,15.1755140622457,11.6050927241643,38.1587192747328,38.191955725352,38.2348462210761,38.0751310189565,-0.253666168285741,-0.106796687624107,0.698482435327605,-0.00931172261092191,0,142.700576782227,-1
2008,10,"27",13.7000002861023,0.0259341583465576,43.7641666666667,13.252,4.966270927523,15.3520088990529,19.8367295265198,25.1255623499552,10.8390436172485,36.5946146647135,35.8407156467438,36.3056750297546,36.0428086519241,3.26639554277062,18.4222108125687,21.7401235500971,4.66695271385834,0,115.677551269531,-1
2008,10,"28",23.0500001907349,0.0364097776786804,43.7906666666667,13.3718333333333,5.81247275792635,16.1650503476461,15.7660684585571,20.7963299221463,11.7121118307114,37.02428150177,37.5012551943461,37.5698872672187,37.300047715505,0.812813094299701,5.21460628509521,8.62668633460999,1.32280428063435,0,27.4651470184326,2.52679371833801
2008,10,"29",44.6499996185303,0.032841317906189,43.7371666666667,13.6078333333333,5.51768200214093,16.1372566223145,13.4345420598984,15.8884584108988,12.0663822293282,37.8889037768046,38.0611279010773,38.178699016571,38.0465371608734,-0.437140671769157,0.703798801405355,1.60301128547871,0.277831474966661,0,91.3483428955078,-1
2008,11,"3",11.25,0.00678509956741333,45.6706666666667,13.5206666666667,3.66930856668588,15.8643457094828,19.1527965068817,24.7330522537231,10.2700304389,36.7555774052938,37.1929423809052,37.4030413627625,37.279482126236,5.45681571401656,11.4131690561771,16.3112179040909,4.86276013962924,0,147.381759643555,14.5907945632935
2008,10,"30",70.7999992370605,0.0368764776489258,43.9675,14.3296666666667,3.06899537439421,15.8234249750773,14.2914000511169,14.8295826594035,12.3430834770203,38.3914911905924,38.2838541030884,38.3396971384684,38.433553981781,-0.129513393311451,0.272776032984257,0.566466080024838,-0.133855846477672,0,27.1175575256348,11.6605501174927
2008,10,"31",13.1500000953674,0.035727677722168,43.58,13.6073333333333,4.74846382551296,15.6490910847982,19.0998767217,24.7360435061985,10.9608111381531,37.0983433193631,36.168817838033,36.6002960205078,36.5148536364237,4.01743881942497,15.0238143603007,19.1437105072869,3.42787227205311,29.7388477325439,921.904235839844,-1
2008,11,"32",70.4000015258789,0.0378673175857544,44.0266666666667,14.4876666666667,2.73642417201846,15.8609772364299,14.6045302391052,15.3269704182943,12.2872528553009,38.3962301890055,38.2769439697266,38.3379815419515,38.4184987068176,-0.0751538462005556,0.908655679225922,1.28701069454352,-0.0722951885429211,0,52.815990447998,14.5243978500366
2008,11,"32",72.5550003051758,0.0786209949874878,44.0156666666667,14.4966666666667,2.75211942289758,15.9159917831421,14.710064291954,15.363872607549,12.3328527808189,38.3949484825134,38.2762892246246,38.338920434316,38.4166666269302,-0.0588137516363834,0.933784611523151,1.3791592742006,-0.0568348543456523,0,52.815990447998,14.5243978500366
2008,10,"33",12.7000002861023,0.0232703785163879,43.3336666666667,13.7421666666667,4.92959892749786,15.2848124504089,20.5110154151917,25.7889229456584,10.8867550492287,37.4311106999715,36.0981483459473,36.4103155136108,36.519966840744,6.91634281276492,21.2693672180176,26.8137873013814,8.0677152662538,0,171.892333984375,-1
2008,10,"34",23.8000001907349,0.035727677722168,43.3363333333333,13.9043333333333,5.77521392116396,16.2467780431112,15.8362400054932,21.2485172271729,11.4979609012604,37.5755771636963,37.4181020736694,37.649965540568,37.3518531799316,1.32777386941016,5.66120220124722,8.36078649361928,1.61545726424083,0,27.9895038604736,2.96688723564148
2008,10,"35",79.4500007629395,0.0403372374282837,43.448,14.207,5.16183000387147,15.1965138117472,12.7752490997314,14.2008199691772,12.1541565418243,38.3534729003906,38.3207002639771,38.3504993438721,38.4239142417908,-0.148754011086809,-0.102480160631239,0.00537620634228612,-0.179534846404567,0,0,0
2008,11,"36",89.5,0.0373000976219177,43.669,14.8348333333333,2.56470427926131,15.9521156416999,13.5022404193878,14.2968420452542,12.588796377182,38.4350060356988,38.3922853469849,38.4618102179633,38.3933430512746,-0.120343457053726,0.0187739672061677,0.226143682867082,-0.195790527233233,0,0,0
2008,10,"37",14.9499998092651,0.0380324575752258,43.1293333333333,13.9056666666667,5.29158524544008,15.8549268086751,18.8448546409607,24.871821975708,11.0915141582489,37.5788427988688,36.5187576293945,36.9078472137451,36.8735105514526,3.80183425309757,11.9461303949356,16.2747667630514,4.71288677633274,0,131.466659545898,-1
2008,10,"38",72.7000007629395,0.0414860373550415,43.3706666666667,14.1268333333333,5.9436111563728,15.3254520628187,12.8706761995951,14.4714643690321,12.1078712145487,38.2626823849148,38.2469121615092,38.3103935453627,38.3217833042145,-0.260295169841912,-0.0913568560305672,0.32922655029688,-0.195486657399063,0,0,0
2008,11,"4",14.5,0.0345716977958679,45.0988333333333,12.3833333333333,5.28466921521906,16.389032681783,17.4562704563141,24.3807455698649,10.0918959379196,35.3650795618693,35.5824599266052,36.1391445795695,35.7590143680573,0.641967438161373,-4.76360935717821,2.38341818253199,3.61270927684382,1446.26965332031,896.687194824219,-1
2008,11,"43",10.5,0.0253525783836365,45.3773333333333,12.3873333333333,4.08612736212004,14.511163075765,20.1856632232666,25.4104865392049,9.99561837315559,35.2907994588216,35.6550657749176,36.3694593111674,35.4664026498795,6.23947697132826,22.6458509713411,29.4945034186045,10.560512945056,631.099487304688,1064.98046875,-1
2008,11,"44",19.6999998092651,0.0345716977958679,45.463,12.7001666666667,5.23003771968354,16.1665510177612,18.2626334190369,25.0156686147054,10.2870312690735,36.4144663492839,37.2469169616699,37.3053564707438,36.8808618545532,2.84360051552455,6.32414352893829,11.5730667750041,2.35272210836411,0,173.552352905273,-1
2008,11,"46",23.75,0.0345716977958679,44.9086666666667,12.6193333333333,6.35290916698185,17.2366364796956,15.1172032356262,21.5081657409668,10.7263317108154,36.9200469970703,37.399366569519,37.5206555684408,37.1924118041992,-1.7361115783453,-1.84233268499374,-1.90905314683914,-1.30443683881313,433.880889892578,578.507873535156,-1
2008,10,"47",17.6499996185303,0.0146902790634155,44.5988333333333,12.4141666666667,5.9394937320189,16.8831713199615,17.2938210964203,23.9062916437785,11.1026947498322,36.2434309323629,36.6001853942871,36.9443869590759,36.6371873617172,-0.698578951259454,-0.186909004114568,11.4644752598057,-1.93398764985614,68.0722198486328,816.866638183594,-1
2008,10,"48",7.80000019073486,0.0305437180526733,44.0666666666667,12.6045,4.68744259737851,14.6309203041924,21.1385939915975,26.0308403438992,10.2790017922719,35.1396948496501,34.4738251368205,35.7309019300673,34.6324359575907,4.73077972398864,30.2211066484451,35.0228194130792,8.08070306479931,0,196.439743041992,-1
2008,10,"49",26.8000001907349,0.0363020776855469,43.5781666666667,13.768,5.39980119044387,16.4525632858276,14.6839429140091,19.4614397684733,11.6534082889557,37.5177839597066,37.7145283222198,37.8522903124491,37.5532976388931,0.310621098304788,3.30898224748671,5.68088383475939,1.10023285460193,0,55.0932655334473,16.9687252044678
2008,11,"5",25.1499996185303,0.0299621380897522,45.1523333333333,12.5088333333333,3.62707522059932,16.5161931355794,15.2787569046021,22.6371273040771,10.1946176052094,36.9562714894613,37.6322031021118,37.6988305409749,37.3642709732056,0.24440968039756,1.41676876693964,5.82687662045161,0.26128490390256,0,567.382690429688,-1
2008,10,"50",24.75,0.0334228978691101,43.0568333333333,14.013,5.87044920027256,16.4919573465983,15.4434651374817,21.0157848993937,11.5181220531464,37.7391735076904,37.5369541168213,37.7700984954834,37.4644706726074,0.941144009803732,4.38016330599785,6.9125300526619,1.39700054144487,0,0,0
2008,11,"51",31.4499998092651,0.0230477985305786,45.333,13.0686666666667,3.89838477570241,16.0502339998881,15.2092334032059,20.3569547335307,9.86687785387039,37.5360247294108,38.0379276275635,38.0488244692485,37.9711799621582,0.12060001976109,2.35859660059214,3.33817457656066,0.551829373755027,0,0,0
2008,11,"53",41.8500003814697,0.01865363881073,44.5565,13.5543333333333,1.84140586758417,16.5120682398478,14.794770526886,17.7717385609945,11.149588394165,38.1755633036296,38.260982131958,38.2893951416016,38.199275302887,0.107075026642997,2.54250558614731,2.50958453416824,0.458632747270167,0,536.088439941406,-1
2008,10,"54",46.0499992370605,0.0368764776489258,44.24,12.9658333333333,3.81057791855499,16.3514143625895,13.2476064682007,16.504082552592,11.3554146766663,38.0650446573893,38.1631242752075,38.2289784749349,38.0755399703979,-0.294635347649455,0.061502929776907,1.030878659817,-0.0255805651599076,0,108.470230102539,-1
2008,11,"55",15.25,0.035727677722168,45.385,12.4571666666667,4.36592157742449,15.1312068303426,19.0011471112569,25.0412794748942,10.2607154051463,35.5699172549778,36.4833464622498,36.7177826563517,36.1116666793823,3.14970726561215,10.8319581647714,18.5178282260895,4.8161544178923,223.916030883789,671.748046875,-1
2008,11,"56",29.9499998092651,0.0184382388244629,45.3306666666667,12.8898333333333,3.39395064115524,15.9294865926107,15.0542776584625,20.6867520014445,9.7852828502655,37.4303245544434,37.954666852951,38.0112530390422,37.7912964820862,0.215421744932731,2.3937783241272,3.67844527959824,0.61920738918343,0,325.410705566406,-1
2008,11,"57",29.9499998092651,0.0345716977958679,45.0793333333333,12.7261666666667,3.37779455435903,16.8461139996847,14.2207584381104,20.1634914080302,10.3399199843407,37.5703107515971,37.9570777416229,38.0068432490031,37.7956315279007,-0.367586853603522,0.654433075338602,3.50881676872571,-0.209232693450758,0,723.134826660156,-1
2008,11,"58",38.25,0.0351532777587891,45.335,13.2431666666667,3.17274439425869,16.3064007229275,15.8981654644012,20.4119725757175,9.91011242071787,37.6152738995022,38.0493310292562,38.0429911083645,38.0567722320557,0.228548522624705,2.91344471275806,3.6029882894622,0.683059858740307,0,199.1279296875,-1
2008,10,"59",33,0.0364097776786804,44.7023333333333,12.7681666666667,5.55695289831895,16.7336084047953,13.6485886573792,18.7895409266154,10.9163451194763,37.8319334983826,38.1367921829224,38.1702742576599,38.0168126821518,-1.1103154309094,-0.07527412546915,0.679552883050443,-0.632307115243748,0,0,0
2008,11,"6",31.0999994277954,0.0187900588020325,45.2558333333333,12.8755,3.69223144400211,16.2786769337124,14.6054294109344,20.446267551846,9.82851040363312,37.5742269092136,38.0090656280518,38.0167617797852,37.8226451079051,0.266521842425896,1.70096920477226,3.67483217186398,0.455247868851681,0,106.439262390137,21.8200492858887
2008,11,"60",43.3500003814697,0.0184382388244629,44.6746666666667,13.4815,1.93089243769646,16.5858311653137,14.0986615419388,17.8775684038798,10.5313856601715,38.0970125198364,38.1542370319366,38.2726740837097,38.1799261569977,-0.0623269137771179,2.2517403960228,2.59058900674184,0.378844925726298,0,542.351135253906,-1
2008,10,"61",30.6000003814697,0.0351532777587891,44.449,12.6138333333333,5.78387349252482,17.0914902369181,14.1860466003418,19.6444806416829,11.2856684207916,37.5715296427409,37.9323169708252,38.1126884460449,37.7225255966187,-0.88190735578537,0.187047483143397,2.52236331701279,-0.894648252055049,0,56.8936920166016,8.42026710510254
2008,10,"62",33.75,0.0351532777587891,44.4558333333333,12.7358333333333,5.63510725681598,16.857124487559,13.5984758138657,18.2335756619771,11.2272715568542,37.8336758613586,38.1055271625519,38.1979508399963,37.9433591365814,-0.863568459947904,-0.0888103340148518,1.10943839140236,-0.388802060741,0,28.4468460083008,2.90157842636108
2008,10,"63",14.4500002861023,0.0207358386779785,44.2081666666667,12.599,5.69776143294114,15.998325586319,18.7152683734894,24.7548489570618,11.6660844683647,35.7580054601033,36.5464599132538,36.6511915524801,36.4158008098602,2.12076182820601,5.67048841714859,17.6952660481135,1.21299507562071,96.4513626098633,48.2256813049316,-1
2008,10,"64",8.04999995231628,0.032841317906189,44.2016666666667,12.5526666666667,5.05708163231611,15.4564588546753,20.1740535736084,25.5756950378418,11.3359502315521,35.2660203297933,35.629242515564,36.1992646535238,35.6044451713562,3.11673638373613,13.1062259197235,23.3907590230306,3.72056180238724,1004.83178710938,1004.83178710938,-1
2008,10,"65",14.25,0.0345716977958679,44.078,12.7573333333333,5.44581175968051,15.520883623759,19.0858350753784,24.7163749694824,11.3487465858459,35.8119342803955,36.1116359710693,36.4525639851888,36.1489290237427,3.56341843741635,12.7998185157776,22.0955667813619,2.74220654964447,0,838.836364746094,-1
2008,10,"66",19.5499992370605,0.035727677722168,43.5978333333333,13.6845,5.12854996628649,15.9001192251841,17.4123373031616,23.2930706342061,11.1974020004272,37.1886494954427,36.857711315155,37.1362783114115,36.9161810874939,1.54402762651443,8.24276982247829,12.6699994007746,2.20631761672848,0,139.947509765625,-1
2008,10,"67",44.2000007629395,0.0380324575752258,43.342,13.9813333333333,6.2145108192686,16.3877236843109,13.6043937206268,16.6979452768962,11.9055639505386,37.8839920361837,38.0437042713165,38.1826229095459,37.9138493537903,-0.575936506482928,0.999883056618273,2.4849668443203,-0.102965219062753,0,52.5866622924805,-1
2008,10,"68",12.1499996185303,0.0213245986404419,42.8633333333333,13.9681666666667,4.4024280651756,15.9381043116252,19.5816353559494,25.5507434209188,11.2232835888863,37.6147538820902,36.2993266582489,36.6802582740784,36.8784111738205,5.7671771645546,14.6910763382912,19.0202605724335,6.36732437554747,0,46.8941993713379,13.4117412567139
2008,10,"69",58.8500003814697,0.0391812575019836,42.6491666666667,14.2536666666667,5.68900679040143,15.8237377802531,13.1806107759476,15.004665851593,12.2476118206978,38.1478095054626,38.1546087265015,38.2943663597107,38.1912410259247,-0.299920207859638,0.1947168095503,1.1898844994527,-0.112581194116501,0,25.5224056243896,6.22746706008911
2008,10,"70",24.75,0.0345788777954102,42.5831666666667,14.231,5.04285431671143,16.6702947616577,15.4708068370819,20.1814161936442,11.71349132061,37.8822534879049,37.6139800548553,37.8140171368917,37.5706323385239,0.824034587480128,3.03632901096717,5.82522797087828,1.32625463954173,0,0,0
2008,10,"71",15.3500003814697,0.0228754785415649,42.2575,14.5866666666667,4.20995031396548,16.5648248036702,18.866979598999,24.9223978678385,11.6245062828064,37.8737038930257,36.5246099472046,36.9836284637451,37.2813282966614,4.49080620730917,12.4550347447395,13.7763442516327,5.36265075262636,0,43.7149276733398,8.13097667694092
2008,10,"72",92.75,0.0345716977958679,42.2628333333333,15.328,5.57766401572306,14.6335237503052,12.8038129806519,13.1183148066203,12.7598777294159,38.4686115264893,38.3282754898071,38.3740339914958,38.4358903884888,-0.0970941330927114,-0.0809669381007552,-0.0200941644764195,-0.190137395821512,0,0,0
2008,10,"73",18.6000003814697,0.0364097776786804,42.096,14.8795,5.00861644744873,16.5829683939616,18.4493972063065,24.3048575719198,11.6161165237427,37.8881258964539,36.8405256271362,37.319811185201,37.4466942548752,3.76883586216718,8.59510464966297,10.4973031679789,4.23195635760203,0,0,0
2008,10,"74",16.2999997138977,0.0334228978691101,42.3296666666667,15.0553333333333,5.34447344970703,14.6460050741831,12.79263651371,13.1720032691956,12.6833129525185,38.4636333783468,38.3120679855347,38.3836216926575,38.4320217370987,-0.112473162356764,-0.102748403325677,-0.0212949928657811,-0.222788524115458,0,29.9196071624756,5.62488603591919
2008,10,"75",70.5500030517578,0.0380252775756836,42.0391666666667,15.4533333333333,5.32638994852702,15.9074991544088,13.5844705899556,14.4497887293498,11.8818384408951,38.2762392891778,38.2502781550089,38.2585815853543,37.953752040863,-0.313660276588053,0.0744978649308905,0.891693958267246,-0.353116677918782,0,0,0
2008,10,"76",19.9499998092651,0.035727677722168,41.9956666666667,15.6608333333333,5.53874196771716,17.1370924313863,14.590309381485,17.2960329055786,11.6947537660599,38.1927804946899,38.1241502761841,38.185520807902,37.8049437999725,0.178021963685751,1.23751121014357,2.59372460842133,0.0477377819188405,0,0,0
2008,11,"8",11.5,0.0363020776855469,44.8196666666667,12.4768333333333,7.10332970295922,16.3638421694438,17.9399828910828,24.2258907953898,10.2903431653976,34.7648375829061,34.1864452362061,35.319814046224,34.8207364082336,5.56039521843195,-2.92621894180775,6.32890043966472,4.10908148437738,1928.26428222656,303.012939453125,-1
2008,10,"9",32.3999996185303,0.035727677722168,45.3401666666667,12.9286666666667,3.74838902428746,15.9244768778483,15.0716016769409,20.6047243754069,9.79763345718384,37.4475676218669,37.96965675354,38.0217458089193,37.8243084907532,0.194333235671123,2.41390486359596,3.53674482901891,0.619156534859212,0,55.9790077209473,-1
2008,11,"45",20.6999998092651,0.0115167192657471,45.69,13.6556666666667,4.89779001337881,15.4210000038147,18.3476308584213,24.4731783866882,9.69928401708603,37.1666742960612,37.484635591507,37.8654209772746,37.6382550001144,4.23493338609114,9.91336247324944,16.4724104007085,4.14931174647063,0,347.321105957031,-1
2009,11,"1",16.8000001907349,0.0257115783607483,45.413,12.531,4.70468251941768,15.9600345611572,19.6790264129639,25.5310516357422,10.0790067434311,36.1182984670003,36.8346437454224,36.9037668863932,36.2939035415649,3.431915121153,13.3799845933914,17.9234448432922,5.0702668432612,38.8929824829102,116.67894744873,14.0776615142822
2009,12,"10",35.6499996185303,0.0365677376686096,45.105,13.2498333333333,2.16101994440537,16.8992707570394,15.7573281288147,20.5140621185303,10.416382598877,38.1310241699219,38.0729738235474,38.1120969136556,38.1289351463318,-0.0517658884947499,2.25855256915092,2.47953910827637,0.392327965900768,0,109.386032104492,13.3177490234375
2009,11,"12",11.8000001907349,0.00807031948547363,44.5935,12.3433333333333,5.19092045724392,16.4912303288778,19.8434659957886,26.1315872192383,10.2252996206284,34.7821271260579,35.0153804779053,35.3810178120931,34.6428335189819,1.02123866199205,12.2519408464432,12.2866902818282,-0.30750841461122,5699.89794921875,123.910827636719,14.6878356933594
2009,11,"13",33.9500007629395,0.0370990576347351,44.6201666666667,12.7615,5.13784119486809,16.5457117716471,14.1988965988159,18.5579816182454,10.3895265102386,38.1541266123454,38.1519189834595,38.1489354451497,38.1999220848083,-0.502430305940409,0.177647280693054,2.555782888333,-0.952922813594341,0,0,0
2009,11,"14",39.2999992370605,0.0335090578636169,44.7483333333333,13.0845,3.64365491104126,16.5935099389818,14.3010920683543,18.3517331017388,10.8503524462382,38.2058216730754,38.115967909495,38.1609583960639,38.2562336921692,-0.318852178752422,0.762663714510078,1.66047154118617,0.221880178549327,0,238.741394042969,31.6033935546875
2009,11,"16",10.8000001907349,0.0201686187141418,44.2915,12.4535,5.27606365226564,16.130250983768,20.6310680707296,26.3659399880303,10.2186091740926,35.0866599612766,35.6628514925639,35.9689688152737,34.938952922821,-2.96484907964865,16.7123924922198,21.9921691988905,-0.876125942605237,842.893615722656,247.909881591797,25.5794010162354
2009,11,"17",18.1500005722046,0.0143599990844727,44.3066666666667,12.562,6.26350930705667,17.3041377067566,17.9429354667664,24.4110500017802,10.264600455761,36.6545076370239,37.1715424060822,37.1446350415548,36.5578441619873,-0.487009114275376,8.60056133940816,14.1972862084707,-1.81283758109203,0,766.016723632812,91.1700973510742
2009,11,"18",39.3499984741211,0.0311181180160522,44.389,12.8395,4.94591689482331,16.6194009780884,13.9056860923767,16.9857257843018,10.6666318416595,38.1710594177246,38.1778341293335,38.1962075551351,38.2224530220032,-0.592784902453423,0.512252979725599,1.80572435061137,-0.510224780254066,0,0,0
2009,11,"19",44.7000007629395,0.0274275982513428,44.4581666666667,13.1595,2.05288149509579,16.4855879147847,14.2121603488922,16.2717829810248,11.463236729304,38.2356391482883,38.1506342887878,38.2297917471992,38.3143728574117,-0.190899858897966,0.711224706067393,1.76828864299589,0.0979903798336939,0,437.515502929688,97.4201202392578
2009,11,"2",13.25,0.0280378982124329,45.619,13.138,4.36976843886077,15.7852148691813,20.2782802581787,25.7384791056315,10.2196710109711,36.3882031758626,36.789834022522,36.8632228851318,36.582029914856,6.32280064622561,16.186994934082,22.385764058431,6.23006475567818,0,249.662063598633,39.5536041259766
2009,11,"21",19.8000001907349,0.0249863984069824,44.1468333333333,12.7646666666667,6.04441522988747,17.1644997596741,17.053418636322,23.2325650850932,10.2404730916023,36.98264503479,37.4501776695251,37.3759064674377,36.9296360015869,0.129605802396933,6.51514062343631,12.1996596852938,-0.316186756914249,0,240.130630493164,41.5425987243652
2009,12,"22",55.5499992370605,0.0218487386070251,44.3983333333333,13.6758333333333,2.25096160496852,16.2498859564463,14.3842077255249,15.3833808104197,12.1043927073479,38.2803591092428,38.2248420715332,38.265621026357,38.3501139879227,-0.00390356752419999,0.847299594432116,1.16868036116163,0.0653434189152904,0,183.076919555664,37.3476905822754
2009,12,"23",57.0499992370605,0.0148913190505981,44.3435,14.0283333333333,2.15973276309385,15.7794046401978,13.9949013710022,14.9425320307414,12.3004823207855,38.2859537760417,38.2316356658936,38.2805058797201,38.3583748817444,-0.0214050830031435,0.800681753456593,1.43212807575862,-0.0232042199932039,0,67.1532135009766,23.1678581237793
2009,11,"24",14.4000000953674,0.0365031176727295,43.9218333333333,13.3528333333333,5.60323354766125,16.641029993693,13.7439607381821,15.398960908254,10.9841918945312,38.0424288113912,38.1920900344849,38.2463024457296,37.994277715683,-0.538634829067936,0.295048708794639,2.0138345733285,-0.350869261834305,0,164.369522094727,26.3539142608643
2009,11,"25",23.25,0.0340619178283691,43.9766666666667,13.0691666666667,5.72808693005488,17.0677173932393,16.205552816391,21.8866429328918,10.5854572057724,37.1281890869141,37.6159739494324,37.5174921353658,37.1110589504242,0.319863687579831,8.13375120609999,9.17915840943654,0.500745416618884,0,205.508087158203,31.2078704833984
2009,11,"26",57.1000003814697,0.0386068575386047,44.045,13.327,3.77083628384147,16.1183464262221,13.4710853099823,14.6143768098619,11.1399124463399,38.2166370815701,38.2291227976481,38.267566786872,38.1880061626434,-0.326345385802496,-0.152184965865066,0.741759417526838,-0.251634061181297,0,51.8042640686035,4.99911165237427
2009,11,"27",13.3000001907349,0.020721478678894,43.7893333333333,13.1971666666667,5.02797654670055,15.7427743911743,19.6429103851318,25.7582841237386,10.4737203598022,36.2181962331136,36.0621841430664,36.5457618713379,35.4751522064209,4.6123862028122,21.0522310256958,22.8590112686157,5.29017359949648,48.2591018676758,96.5182037353516,15.5811796188354
2009,11,"28",22.8500003814697,0.0365677376686096,43.7763333333333,13.3915,5.67534938339115,16.8562679290771,16.0974711418152,21.4574694315592,11.0003174781799,37.1206926981608,37.5415893554688,37.537314860026,37.0292890548706,0.813899368730684,7.0388092905283,8.45135949850082,0.399199966352899,0,0,0
2009,11,"29",37.1999988555908,0.0371780376296997,43.7121666666667,13.6213333333333,5.3942910656333,16.6984247101678,14.3114800453186,17.3328311708238,11.4077477852503,37.6990602281358,38.0496624310811,38.0631761550903,37.6354022820791,-0.345326833194122,2.11864277693288,3.5588380922046,-0.264975552029985,0,26.8975982666016,3.20081424713135
2009,11,"3",14.2000002861023,0.0148913190505981,45.6405,13.4845,3.01122930533904,16.5108947753906,18.8504838943481,24.8985799153646,10.1012533187866,37.6515403747559,37.8167547225952,37.8384104410807,37.6501830101013,2.89434044112762,8.08849561214447,11.218713649114,3.09937382638454,0,470.072509765625,72.7269287109375
2009,11,"30",69.7999992370605,0.0317140579780579,43.9441666666667,14.3595,3.07731848169667,16.0891082127889,13.5140626907349,14.1354192733765,12.8302906513214,38.3159436543783,38.2551422119141,38.2854314168294,38.3628763198853,-0.10330463728557,0.00499786664731801,0.577420954406261,-0.210756102949381,0,31.5317573547363,9.45952701568604
2009,11,"31",11.5799999237061,0.0375872976036072,43.5796666666667,13.6061666666667,4.74846382551296,15.9935549630059,18.8474810918172,25.5196291605632,10.8001568317413,36.771595425076,36.5094496409098,36.923152923584,36.0591344833374,2.60553659001986,16.4675918420156,18.6225637859768,3.06305595549444,53.2094612121582,425.675689697266,61.4561195373535
2009,12,"32",54.25,0.0317140579780579,43.6686666666667,13.7703333333333,5.7464392992758,16.3582837581635,13.4879459142685,14.9245283603668,11.6483106017113,38.0214258829753,38.2115433216095,38.2546831766764,37.9137398004532,-0.506979391172839,0.0428488971665502,2.02811834791404,-0.224671890959144,0,31.5317573547363,7.03158187866211
2009,11,"33",9.65000009536743,0.0335090578636169,43.4073333333333,13.698,4.58948361331766,15.4956947167714,20.3999860286713,26.1900080045064,10.941082239151,36.9059271812439,36.3697061538696,36.9368103345235,35.9491007328033,7.15372413893541,24.339340031147,28.7186928590139,7.29739298857749,268.584075927734,29.8426742553711,5.07520627975464
2009,11,"34",20.2999992370605,0.0352394377532959,43.3803333333333,13.8816666666667,5.60118600629991,16.6201566696167,16.445129776001,22.2599203745524,11.2192086219788,37.262837600708,37.4757604598999,37.5316670735677,36.9258721351624,0.632942388455073,7.45590035319328,8.94643606742223,0.961056837625802,0,56.7545928955078,7.17945575714111
2009,11,"35",75.5,0.0399351574539185,43.439,14.2025,5.2646752243042,14.998943010966,12.4941403865814,13.5441523392995,12.1716125011444,38.29296763738,38.3174176216125,38.3006927172343,38.2182828187943,-0.148620137323936,-0.100585360080004,-0.00944224302656949,-0.264848087914288,0,0,0
2009,12,"36",59.75,0.0425486772872925,43.7416666666667,13.6946666666667,5.95213180451881,16.0973608652751,13.2760764122009,14.4051987330119,11.5291209697723,38.1313011169434,38.2405544281006,38.2726796468099,38.0060085296631,-0.451785750190417,-0.162930776900612,0.837434766386286,-0.223758454062045,0,23.5024929046631,4.98252820968628
2009,11,"37",15.2000002861023,0.0299621380897522,43.1226666666667,13.9255,5.42465128485612,16.1115964253743,18.5803602218628,25.0623572031657,11.1163935184479,37.1979120890299,36.8905479431152,37.2277548472087,36.5904880523682,2.36414614419142,11.3413125753403,15.1590526898702,3.00295355413109,0,0,0
2009,11,"38",66.2500019073486,0.0351532777587891,43.3765,14.1411666666667,5.81152618303895,15.2986982663472,12.6502231359482,13.8443508942922,12.0164518356323,38.2409311930339,38.2988269329071,38.2935849825541,38.104391336441,-0.227933525728683,-0.194368853699416,0.159108580856506,-0.316294984892011,0,0,0
2009,11,"4",14.75,0.0365677376686096,45.1025,12.3831666666667,5.28596641249576,16.7767890294393,18.2686071395874,24.6385587056478,9.7753312587738,35.9048010508219,35.9956684112549,36.2315073013306,35.7314200401306,0.511130993564924,1.86108529567719,1.25578365226587,-1.31343375355937,5742.7666015625,464.890625,44.9754333496094
2009,11,"43",9.45000028610229,0.0341265378242493,45.3788333333333,12.39,4.09273648262024,15.2665610313416,20.6647140979767,25.7773391405741,9.82321667671204,35.8131616910299,36.0886120796204,36.5514219601949,35.5731209516525,7.20840852614492,23.0336910784245,26.2321304480235,9.4684108234942,1640.95166015625,439.540618896484,50.0494117736816
2009,11,"44",19.1000003814697,0.0353471377464294,45.4651666666667,12.7095,5.27277325329028,16.7882104449802,18.9512124061584,25.2212946150038,10.1162388324738,37.0373351838854,37.4052848815918,37.4020343356662,37.0723804632823,2.32858887480365,7.4909666677316,12.0185885694292,2.6714245720456,0,169.745010375977,24.6130256652832
2009,11,"46",23.3499994277954,0.0305149980545044,44.914,12.6136666666667,6.39695678016012,17.3320383707682,15.9983541488647,22.5086612701416,10.0577404022217,37.421283086141,37.4977842330933,37.5800468444824,37.2956450462341,-1.26747364997864,-1.27266854941845,-0.411598287026087,-2.03011093985988,3801.40942382812,753.727722167969,93.8506393432617
2009,11,"47",22.5999994277954,0.0134265991439819,44.6018333333333,12.4755,6.22262308579083,17.2887760162354,16.6967897415161,23.2874677022298,10.2061033725739,37.2016991933187,37.4913684844971,37.5020046234131,37.1150583267212,-1.42942128206293,1.38956695199013,3.35482260882854,-2.54306874871254,595.832153320312,521.353149414062,59.8527297973633
2009,11,"48",7.80000019073486,0.0340619178283691,44.0641666666667,12.6096666666667,4.69414205021328,15.0243944591946,21.1312112808228,26.2938806745741,9.96497968832652,35.0561105940077,35.1443643569946,35.91389825609,34.4947048823039,1.76273877525495,30.7600091298421,31.1157994270325,7.35137246300777,58.7165946960449,58.7165946960449,10.5834722518921
2009,11,"49",25.4499998092651,0.0376949975967407,43.5801666666667,13.7698333333333,5.40761356199941,16.8224475383759,15.1722574234009,19.7842388947805,11.3559146523476,37.4232694307963,37.7986433506012,37.8080911636353,37.2682132720947,0.357658946265777,4.47796432974428,6.81402014195919,0.383833838634018,0,0,0
2009,11,"5",24.5500001907349,0.0298687980957031,45.1446666666667,12.5168333333333,3.55680135138949,17.0213698546092,16.3939522504807,23.0751134554545,9.70743441581726,37.5720812479655,37.8119275569916,37.7963128089905,37.4214730262756,-0.745582036334478,2.00274859659839,2.70684959343635,-0.517837959952885,66.9595031738281,502.196258544922,82.5806655883789
2009,11,"50",23.9000005722046,0.0323028179405212,43.055,14.0148333333333,5.85394883528352,16.5637351353963,15.8397094726562,21.3202949523926,11.4385482311249,37.4716607411702,37.5939302444458,37.7326498667399,37.161545753479,0.92993527079622,4.93514170646668,7.51869215567907,0.867710951389745,0,30.9570503234863,5.26752281188965
2009,11,"51",30.3000001907349,0.016133458971405,45.3333333333333,13.0748333333333,3.88567129770915,16.6749613020155,16.075656970342,21.7333292431302,9.98085939884186,38.0876338746813,38.033017317454,38.0294618606567,38.0439500013987,0.112332943516473,2.5563385784626,3.23562986983193,0.550401368144473,0,0,0
2009,12,"53",40.6500015258789,0.0186177388130188,44.5546666666667,13.553,1.83782619982958,16.7560870488485,14.5616381645203,16.8884769439697,11.7718379020691,38.2480318705241,38.2241903305054,38.2315869649251,38.3367218971252,0.225269341315591,1.75296245515347,2.23016274174054,0.413083361252211,0,161.136642456055,36.202033996582
2009,11,"54",46.3999996185303,0.03900893751297,44.2331666666667,12.969,3.90703944969177,16.510792016983,13.8386473655701,16.0038984616597,10.8203327059746,38.1649088859558,38.1824505329132,38.2273567517598,38.2001484632492,-0.831232968717813,-0.198438521882053,1.14369728167852,-0.323179218918085,0,25.6351509094238,4.6143274307251
2009,11,"55",14.5500001907349,0.0287199981689453,45.3826666666667,12.4543333333333,4.36888096386329,15.8713018099467,19.7890009880066,25.5421321656969,10.028742770354,36.105877134535,36.7828752199809,36.9274920357598,36.1491685708364,2.70342146294812,12.8775401512782,16.1923082139757,3.98506197736909,731.197814941406,452.646270751953,67.1185073852539
2009,11,"56",28.9499998092651,0.0124142192085266,45.3316666666667,12.897,3.50210704654455,16.5615992546082,16.3155158758163,22.1961115201314,9.68843954801559,38.0082416534424,37.9861268997192,37.9819097518921,37.9377442598343,0.323655867173026,2.31029685586691,3.99142488837242,0.412540049175732,0,161.105575561523,20.5409603118896
2009,11,"57",29.8500003814697,0.0372354776260376,45.0735,12.7241666666667,3.40388919715595,16.8309869766235,15.090291595459,21.3608242034912,9.73186287879944,38.0755762736003,38.0450317382813,37.9778940836589,37.9224979400635,-0.559711647530397,1.0530598141253,3.09518863468741,-0.515679716784507,53.7122116088867,510.266021728516,70.8102951049805
2009,12,"58",33.3500003814697,0.03900893751297,45.032,13.2436666666667,2.01370759501712,16.9231741587321,15.4403002738953,20.0501345316569,10.45660572052,38.1234446207682,38.0748071670532,38.1160461425781,38.1475041389465,-0.258991192777952,1.52719447165728,1.58638642902176,0.211362084955908,0,205.081207275391,32.325927734375
2009,11,"59",32.6000003814697,0.0365677376686096,44.7013333333333,12.7811666666667,5.42438998818398,16.5224508921305,14.2536280632019,18.889852142334,10.2981350421906,38.1631788889567,38.1447870254517,38.1467062632243,38.1802923202515,-0.576995134229461,0.124372186139226,1.72350339827438,-1.12773673087358,0,0,0
2009,11,"6",30.4500007629395,0.0136491791297913,45.2606666666667,12.8948333333333,3.9423151448017,16.6548055013021,15.6781735420227,21.8433782259623,9.74461126327515,38.0958236058553,38.031325340271,38.0015597343445,37.9994670152664,0.0745469729590695,2.28178007155657,4.02505073944728,0.190829670638777,146.528945922852,0,0
2009,12,"60",42.2000007629395,0.0195008787567139,44.6761666666667,13.4818333333333,1.93185782711953,16.6889730294545,14.4123901128769,17.1365191141764,11.3826932311058,38.2195148468018,38.1365025043488,38.2169437408447,38.2694138288498,0.0591171934793238,1.49710851535201,2.05153094728788,0.353349439057638,0,615.356872558594,139.224487304688
2009,11,"61",31.3499994277954,0.0316494379821777,44.4585,12.6735,5.83473768601051,16.8848536279466,14.5004626909892,19.1594133377075,10.2371691068014,38.0227830674913,38.1260380744934,38.117120107015,38.0326414903005,-0.845129352088811,0.483807181318601,2.72639494140943,-0.991530870708326,0,0,0
2009,11,"62",32.5,0.0323099979400635,44.4516666666667,12.736,5.63817505264282,16.6938470840454,14.1434429168701,18.0051999409994,10.4101170539856,38.1275371551514,38.1726594924927,38.1639817555745,38.1706500053406,-0.753491013497114,0.422285914421082,2.16548096934954,-0.863131992518902,0,0,0
2009,11,"63",12.8499999046326,0.0177489588684082,44.2128333333333,12.6081666666667,5.81413901419867,16.8170921802521,18.9710321426392,25.454380830129,10.2829574346542,36.0955848693848,36.7391064167023,36.7619845072428,36.01118516922,-0.391957867347325,12.6380178295076,17.3785066008568,-0.275028749136254,0,225.365325927734,35.4386978149414
2009,11,"64",8.45000028610229,0.0231626785232544,44.1356666666667,12.5168333333333,4.11344896684779,14.7599262661404,21.5948085784912,26.4878213670519,9.90646239121755,34.7405942281087,34.7778215408325,35.7639414469401,34.1855843861898,9.00667320026292,41.3251325289408,37.4108142322964,10.6859136571487,474.901885986328,43.1728973388672,8.20201778411865
2009,11,"65",13.6500000953674,0.0298616180961609,44.076,12.7526666666667,5.40895431382315,16.3791195021735,19.1389395395915,25.5642558203803,10.1567815939585,35.8980148103502,36.4038782119751,36.4738377465142,35.664467493693,1.32416864815685,16.6592799723148,22.5909144878387,2.26095812781326,0,468.829223632812,69.5541610717773
2009,11,"66",17.8999996185303,0.0382981175582886,43.5973333333333,13.6805,5.09633910937572,16.3518850326538,17.6718948364258,24.3483425140381,10.9101930618286,36.9104918162028,36.9593587875366,37.1684707641602,36.4655582427979,1.04477340218921,10.4201573610306,13.2290639400482,1.4422454466112,0,156.665664672852,26.4242725372314
2009,11,"67",41.3999996185303,0.0364097776786804,43.1786666666667,13.9821666666667,5.98986913665893,16.7280004024506,15.6599130630493,21.1227556864421,11.3522493839264,37.4410169919332,37.6797695159912,37.7488743464152,37.1526807546616,0.35487940069288,4.9620151296258,6.56778667867184,0.453797546913847,0,27.4651470184326,3.6803297996521
2009,11,"68",13.5,0.0334228978691101,42.8591666666667,14.3316666666667,6.8296875299946,15.0218099753062,12.3557039499283,13.2793068091075,13.0130060911179,38.3566449483236,38.3088006973267,38.3355518976847,38.3607969284058,-0.116255110362545,-0.0702541717328131,-0.0540819321370994,-0.27308885846287,0,329.115692138672,53.8552932739258
2009,11,"69",59.5999984741211,0.0352394377532959,42.6558333333333,14.2553333333333,5.7612524411035,15.8572896321615,12.9361301422119,14.4016340255737,12.540422296524,38.0214590708415,38.2047393798828,38.2762840270996,38.0390669822693,-0.444474784657359,0.168172878888436,0.983765708530943,-0.397449855669402,0,0,0
2009,11,"70",23.5,0.0368764776489258,42.5873333333333,14.2246666666667,4.99559781965145,16.5075184504191,15.7013961076736,20.4472367763519,11.6928380131721,37.5443695386251,37.5120105743408,37.8174777030945,37.2826654911041,0.363827056717128,4.15860675182194,5.37469839553038,0.362061926163733,0,27.1175575256348,5.45062923431396
2009,11,"71",14.7000002861023,0.035727677722168,42.278,14.5613333333333,4.008824900883,16.6686286131541,17.9534120559692,23.883371035258,11.7463998198509,37.575532913208,36.9483709335327,37.4594146410624,37.0425556898117,1.70340008164446,8.26450105011463,9.45424371957779,2.14002265036106,0,167.93701171875,24.4068470001221
2009,11,"72",89.1000022888184,0.0365031176727295,42.2573333333333,15.3341666666667,5.57723103921244,14.4941738976373,12.5408515135447,12.9184281031291,13.2993592818578,38.3814164267646,38.3047765096029,38.3351953294542,38.3679954210917,-0.056743919040956,-0.0577374486407886,-0.0248534916702031,-0.215898018175115,0,27.3949203491211,4.93108606338501
2009,11,"73",18.3000001907349,0.0380324575752258,42.0996666666667,14.8846666666667,5.00861644744873,16.4793867270152,18.7114424705505,24.7331199645996,11.7777832746506,37.6130013465881,36.9287509918213,37.4370533625285,37.1121743917465,2.8624556614086,9.80769999325275,10.5291028221448,3.47244581580162,0,52.5866622924805,8.59791946411133
2009,11,"74",14.1499996185303,0.0375872976036072,41.9858333333333,15.0738333333333,5.06687958285494,16.5143068313599,19.2970327377319,25.2345116933187,11.7188777923584,37.6661581675212,36.946568107605,37.4211041768392,37.1483264923096,3.91823187569777,10.8072268366814,10.5722227573395,3.80220963433385,0,425.675689697266,65.8733139038086
2009,11,"75",68.5,0.0502958967933655,42.0396666666667,15.4366666666667,5.29348535306992,15.9958301385244,13.0835801362991,14.1339542865753,12.501270532608,38.0636577606201,38.1964120864868,38.2977252006531,37.8587493896484,-0.598006923682988,-0.000854483107104897,0.636919079775301,-0.490487710572779,0,0,0
2009,11,"76",18.6499996185303,0.0368764776489258,41.9953333333333,15.6791666666667,5.57003461033845,17.0869528452555,14.4994478225708,18.1281725565592,11.9153326749802,37.9002714157104,37.7848920822144,38.1604557037354,37.5652799606323,-0.406866986304522,2.03427921980619,3.02290170391401,-0.527050057426095,0,27.1175575256348,5.74892234802246
2009,11,"8",10.1500000953674,0.0251299983978272,44.837,12.4855,7.13979288796398,16.7486912409465,18.2597680091858,24.8272145589193,10.0047881603241,35.1587009429932,34.7432699203491,35.2255751291911,34.8888349533081,6.13799249132474,7.73955768346786,10.4637147684892,-0.408766061533242,3422.20458984375,39.7930755615234,3.13326954841614
2009,11,"9",31.7000007629395,0.0365031176727295,45.3443333333333,12.9231666666667,3.66286963724908,16.5615800221761,16.254432964325,22.0834888458252,9.72014136314392,38.0162231445313,37.9944038391113,37.988556543986,37.9562916755676,0.263802860553066,2.25743308067322,3.77638124227524,0.42853432931006,0,273.94921875,32.6886138916016
2009,11,"45",22.0500001907349,0.0124931992034912,45.5708333333333,13.5418333333333,3.93559766374528,16.2807108561198,18.1879361867905,24.0816599527995,9.80529230833054,37.9607671101888,37.944433927536,38.0746394793193,37.8146152496338,1.26085939072073,5.20574751496315,6.91500147183736,1.86101190652698,0,880.47900390625,182.179107666016
2010,11,"1",19,0.0268172982902527,45.4116666666667,13.3705,2.45935627286748,15.5058335198296,17.3085563182831,21.379433631897,10.0096875429153,37.608928044637,37.7612737019857,37.7101341883341,37.837394952774,0.40645447663135,3.1055466234684,5.16836884286669,1.01587218325585,37.289363861084,633.919189453125,-1
2010,11,"10",31.8000011444092,0.0384704375473022,45.1011666666667,13.2493333333333,2.16051931092233,15.9171214103699,15.277200460434,19.5038509368896,10.2178502082825,37.8920563062032,37.8624229431152,37.9189825057983,37.964390873909,-0.18037296338783,1.52108910493553,2.47411229213079,0.441932619374711,25.9939842224121,675.843566894531,-1
2010,11,"12",14.75,0.0118613592437744,44.5926666666667,12.348,5.23414647124196,15.6716265996297,19.1640184402466,25.4883665720622,9.70216298103333,34.1911748886108,35.1002969741821,34.8404996236165,34.8882681846619,-1.4321400642395,7.33590184934437,13.8049241522948,-2.65404303744435,590.151550292969,0,-1
2010,11,"13",35.75,0.0394899974822998,44.6128333333333,12.7453333333333,5.20019111266503,16.0249684651693,13.4430024147034,17.750207901001,9.86820111274719,37.7651772816976,37.9538957595825,37.9964612325033,38.0708533287048,-1.01079817861319,-0.774517785012722,0.881752838939428,-0.898048526793718,0,25.3228664398193,2.43099522590637
2010,11,"14",37.6999988555908,0.03900893751297,44.7336666666667,13.1591666666667,3.10314517840743,15.9509960015615,13.4508235454559,17.373680750529,10.7518962025642,38.0088346799215,37.9009683132172,38.024987856547,38.1006475687027,-0.356246365389476,0.0729585007647984,0.906343137224515,0.0505466034519486,0,538.338195800781,-1
2010,11,"16",10.8499999046326,0.011969059236908,44.292,12.3845,4.55904830877598,13.7290076414744,20.9874136447906,26.0602838198344,9.60078313946724,33.7200012207031,34.7274742126465,34.6684137980143,34.161299943924,1.93993180307249,11.0314329639077,23.3135231236617,-4.38762099342421,1002.58502197266,250.646255493164,-1
2010,11,"17",22.4000005722046,0.0143599990844727,44.321,12.571,6.25940155798151,16.9066759109497,15.6474422454834,22.455921681722,9.79282364845276,36.6028963724772,37.6184272766113,37.2158634185791,37.0879463195801,-0.227633309364319,0.267097653821111,9.81858739852905,-1.69473777841777,162.488388061523,324.976776123047,-1
2010,11,"18",41.6500015258789,0.0377883375907898,44.392,12.8328333333333,5.0201019427573,15.9757997989655,13.1976363658905,16.2871390183767,10.3616623282433,37.7435695330302,37.9831156730652,38.0570909182231,38.1386631727219,-0.852894735522568,-0.461904755444266,1.17291529600819,-0.259416906745173,0,26.4631900787354,3.22850918769836
2010,11,"19",42.8000011444092,0.020721478678894,44.5133333333333,13.2355,1.84238199178989,15.9944902420044,13.6260105133057,15.9221216837565,11.3555937290192,37.9809879302979,38.0180952072144,38.1067448933919,38.1661971092224,-0.191579240172481,0.245482982881367,1.088399335742,0.0680783438845538,0,241.295501708984,-1
2010,11,"2",14.7999997138977,0.0280378982124329,45.6191666666667,13.1393333333333,4.3656959987822,15.0156858444214,20.4021591186523,24.6995432535807,9.80741882324219,35.7372980753581,36.4320013046265,35.6431269327799,36.7040519714355,4.87568855285645,15.1353963851929,20.4669348080953,5.98451865017414,213.996047973633,2389.62255859375,-1
2010,11,"21",20.1500005722046,0.0195008787567139,44.1311666666667,12.7713333333333,5.99833295837281,16.1514120101929,16.2013591527939,22.9849861462911,9.73345875740051,36.1168692906698,37.3265872001648,36.6440114974976,36.7459728717804,-0.811906104286512,2.8088943772018,12.9424787759781,-0.728064619586803,0,153.839218139648,-1
2010,11,"22",53.6000003814697,0.0182802788345337,44.3931666666667,13.6616666666667,2.29211330959815,15.8277266025543,14.0804558992386,15.2809284528097,12.0357247591019,38.1591049830119,38.0982549190521,38.1236610412598,38.1791027784348,-0.109862171113491,0.806567324325442,0.996365910706421,0.0987145924882498,0,54.7037620544434,-1
2010,11,"23",53.8500003814697,0.0124142192085266,44.3356666666667,14.0401666666667,2.18501287098079,15.574243651496,14.1907257239024,15.2382783889771,12.1329654057821,38.1660044987996,38.0327606201172,38.1124169031779,38.2085148493449,-0.0753121157694194,0.705428717037042,1.18882933921284,0.0182277454684178,0,0,0
2010,11,"24",16.3999996185303,0.0255966983680725,43.9181666666667,13.0185,4.73564574122429,15.1340178648631,18.5726640224457,25.0065279006958,9.9238708615303,35.5477563540141,36.3158526420593,35.8568644523621,35.7029044628143,-0.643308331569036,8.31143008545041,21.5949894189835,-1.13744771387428,234.405227661133,546.945556640625,-1
2010,11,"25",24.5500001907349,0.0322669179428101,43.9806666666667,13.0655,5.71585990152051,16.5477862358093,14.3851325511932,19.364183028539,10.3348721265793,37.0299186706543,37.7945203781128,37.5652596155802,37.4580938816071,-0.722816757547359,1.60693322611041,5.77309986452262,-0.707289641955867,0,433.880920410156,-1
2010,11,"26",58.6799983978271,0.0396192374740601,44.0503333333333,13.3206666666667,3.78877106122673,15.5949110031128,12.7572214126587,14.2611562093099,10.9096591472626,37.9927780151367,38.0565881729126,38.0897043863932,38.1422536849976,-0.314428454637527,-0.389117635786533,0.504072229502102,-0.244329326238949,0,50.4805221557617,-1
2010,11,"27",15.4499998092651,0.0365677376686096,43.7935,13.1888333333333,5.01501839235425,15.015503803889,19.0349532365799,25.1719562212626,10.1504527330399,35.7492559750875,36.2702035903931,35.9434072176615,35.7485632896423,3.11950132002433,17.2629910707474,24.7920817136765,3.79031630698591,328.158111572266,765.702209472656,-1
2010,11,"28",26.0500001907349,0.0404233974227905,43.7975,13.369,5.86311249127464,16.2579725901286,15.2224411964417,20.9359546661377,10.5052525043488,36.6741362253825,37.4830703735352,37.3299381256104,37.0231949806213,-0.453518732388814,4.190515691787,8.03715922435125,-0.0705098553560674,0,0,0
2010,11,"29",44.0500011444092,0.03900893751297,43.73,13.6116666666667,5.48564869488857,16.152045806249,12.9301747083664,14.8198558489482,11.2637907266617,37.712754090627,38.01873254776,38.0495397249858,37.9345498085022,-0.702448635284478,0.166359034366906,1.17965616829072,-0.26706827559974,0,0,0
2010,11,"3",16.1999998092651,0.0147333590606689,45.6416666666667,13.4905,3.05133720600244,15.5446087519328,19.0784120559692,23.8164931933085,9.66258174180984,37.0493416786194,37.4636714458466,37.1648106575012,37.5920723676682,2.44242607802153,8.12651440501213,10.7148300011953,3.29852569103241,0,1018.09777832031,-1
2010,11,"30",66.2999992370605,0.040954717388916,44.0203333333333,14.3553333333333,2.78415446165131,15.6182330449422,13.8218309879303,13.9565981229146,12.4719074964523,38.2345034281413,38.0966377258301,38.1426051457723,38.2220363616943,-0.146353935978065,0.187563790008426,0.429078340219955,-0.173833408160135,0,0,0
2010,11,"31",14.4000000953674,0.0368764776489258,43.5823333333333,13.6068333333333,4.75385653729341,15.543896569146,18.3404803276062,25.0378227233887,10.5568525791168,36.3452756669786,36.5558478037516,36.5385646820068,36.2479691505432,2.73744222025077,14.0744492212931,18.5158481068081,0.305727113969624,108.470230102539,488.116027832031,-1
2010,11,"32",67.3500022888184,0.0414429573577881,44.3486666666667,14.5176666666667,1.70939524459839,16.7563397725423,14.720115852356,15.2847740809123,12.3339203357697,38.1725421905518,38.0794605255127,38.1192579905192,38.2032012939453,0.139799515716732,1.25647511184216,1.65092128713926,0.120705589826684,0,0,0
2010,11,"33",8.39999961853027,0.0370990576347351,43.374,13.7173333333333,4.72753211285206,15.1315418879191,19.7954339981079,25.6343858506944,10.8300240039825,36.5122587415907,36.5922457377116,36.6794266170926,36.2532567977905,6.06845417287615,20.1286467313766,27.6285625563727,3.02725559473038,296.503479003906,0,-1
2010,11,"34",18.3500003814697,0.040954717388916,43.3585,13.8891666666667,5.67425198324265,16.1974967956543,15.8466119766235,22.424657313029,11.1007910251617,36.8897903442383,37.2829130172729,37.4077485402425,36.9467810630798,0.0904806586603323,5.91618400514126,9.5936677535375,0.124542853166349,0,24.4172096252441,-1
2010,11,"35",75.4000015258789,0.0406890574058533,43.448,14.2065,5.16686787716178,15.0682475407918,12.1945645332336,13.2552384694417,11.7434650421143,38.1509863535563,38.104888343811,38.1526715596517,38.1383952140808,-0.149281573171417,-0.00438495203852654,0.0136779770022258,-0.193852320266888,0,0,0
2010,11,"36",84.7000007629395,0.0354620177391052,43.6818333333333,14.8341666666667,2.56065385682242,16.1491882801056,12.8593217134476,13.4483114878337,12.6727992892265,38.3449145952861,38.1473076343536,38.1922636032104,38.1779097318649,-0.124378204500924,-0.0123511808233161,0.0160873198043798,-0.193117399699986,0,28.1991844177246,-1
2010,11,"37",18.4499998092651,0.0353471377464294,43.1228333333333,13.9251666666667,5.42402839279175,15.7753622690837,18.0389584541321,24.9457823435465,11.0247019767761,36.847056833903,36.8178218841553,37.227597173055,36.7357660293579,2.15433644553026,11.0733721256256,15.6196293195089,1.31420486737043,0,28.2908344268799,-1
2010,11,"38",66.25,0.0382981175582886,43.372,14.1491666666667,5.77054457815867,15.2444773515066,12.2599188089371,13.5496158599854,11.7909986376762,38.0734440485636,38.085905790329,38.1460947990417,38.0798125267029,-0.24140968794624,0.0112513131462038,0.148039231678316,-0.201806346565718,0,0,0
2010,11,"4",16.3500003814697,0.0402223574356079,45.1056666666667,12.3798333333333,5.27672984640477,15.589943461948,17.6762003898621,23.2171660529243,9.2820588350296,34.8614480760362,35.6391839981079,34.8348816765679,35.7510647773743,0.298751228385501,-1.35063686470191,2.39665478416201,1.16908033937216,2162.97607421875,1616.0166015625,-1
2010,11,"43",10.6500000953674,0.0377883375907898,45.389,12.4008333333333,4.05213090887776,14.2123936335246,20.4782649993896,24.7608646392822,9.40069725513458,34.8936064402262,36.205620765686,35.318567276001,36.1297079086304,4.7274332570533,18.5204978704453,31.073242521286,7.05701760053635,1005.60119628906,2275.83447265625,-1
2010,11,"44",21.4499998092651,0.0397125774681091,45.4661666666667,12.7106666666667,5.30091273322586,15.9498736593458,18.6424429416656,23.6892522176107,9.66235411167145,36.4022515614827,37.4272813796997,36.6103534698486,37.2925017674764,1.56261950524317,5.54027214646339,10.2001181575987,2.47984009360274,25.1809387207031,982.056640625,-1
2010,11,"46",24.1499996185303,0.0377883375907898,44.911,12.6046666666667,6.45096619684893,16.5965326627096,14.7480961084366,21.7479068438212,9.60481691360474,36.7288215955098,37.2070908546448,36.9961236317952,37.2156739234924,-1.36493672927221,-1.86827870458364,-1.60994146640102,-1.89982809498906,1005.60119628906,1455.47546386719,-1
2010,11,"47",25.25,0.0134050591453552,44.601,12.4783333333333,6.22074833848423,16.9235049088796,15.0509405136108,21.9760810534159,9.51954883337021,36.8627359072367,37.634245634079,37.3881475130717,37.2948135137558,-1.59113313133518,-1.27395271137357,3.23892406746745,-2.72813305258751,298.394805908203,969.783081054688,-1
2010,11,"48",10.5,0.0365677376686096,44.0586666666667,12.6185,4.68099329264268,14.1032708485921,20.4333548545837,25.7060283025106,9.5958896279335,34.5679381688436,35.3216090202332,35.1698093414307,34.71342253685,4.60363497336705,29.1478950381279,34.9502131938934,3.68548049777746,218.772064208984,0,-1
2010,11,"49",28.8500003814697,0.03900893751297,43.5725,13.7796666666667,5.41254796051398,16.4070302963257,14.0361340522766,18.7518225351969,11.308610534668,37.1410634358724,37.7206707000732,37.7179724375407,37.3884202003479,-0.368001144876083,3.10722020498943,5.19595872561137,-0.0122552105225623,0,51.2703018188477,-1
2010,11,"5",27.0500001907349,0.024821258417511,45.1498333333333,12.5161666666667,3.48617044345353,16.0276088078817,15.3504883766174,21.1343985239665,9.15589408874512,36.8698085784912,37.6960874557495,37.347572962443,37.6462268829346,-0.444918206334114,-0.867340563237667,3.21273234685262,0.351023280591471,0,523.744567871094,-1
2010,11,"50",26.7000007629395,0.0371780376296997,43.0608333333333,14.0133333333333,5.91652820205688,16.1918623447418,15.7264708280563,22.0621705055237,11.310785651207,37.1042488416036,37.2818348407745,37.5617952346802,37.1316224336624,0.472939113698279,5.5495998673141,8.51479420810938,0.161146618949715,0,0,0
2010,11,"51",32.4500007629395,0.020721478678894,45.3328333333333,13.0683333333333,3.89872032031417,15.6061698595683,14.92411673069,20.0706537564596,9.74388164281845,37.6768466631571,37.8220973014832,37.8042284647624,37.9464421272278,-0.217101239327652,1.59734903648496,3.56118955214818,0.500386179715861,0,96.5182037353516,10.954815864563
2010,11,"53",40.2999992370605,0.020721478678894,44.5595,13.557,1.84040842814879,16.2443712234497,14.2224063873291,16.7228771209717,11.7416323661804,38.0370822906494,38.098645401001,38.1211621602376,38.1748831748962,0.0219839776866138,1.6445207297802,2.11208465298017,0.419704123144038,0,289.554595947266,-1
2010,11,"54",48.6499996185303,0.0402223574356079,44.2325,12.978,3.81113022143447,16.0406501293182,13.1591910123825,15.284383058548,10.7882521748543,37.8721734682719,38.0099108219147,38.0787313779195,38.1584409475327,-0.571843118096391,-0.474630436860025,0.941154894108574,-0.184254359221086,0,348.065124511719,-1
2010,11,"55",16.9500002861023,0.0292513181350708,45.3815,12.4505,4.36248090953538,14.7662961959839,19.8421436309814,24.3446179707845,9.48433401584625,35.201503499349,36.7612260818481,35.8545027414958,36.4483293533325,2.78265130445361,11.2821403026581,18.7588652292887,4.55474712997675,615.356872558594,1811.88415527344,-1
2010,11,"56",29.8000001907349,0.0182802788345337,45.3331666666667,12.8853333333333,3.28645601682365,15.6133447223239,15.1249747276306,20.6729043324788,9.46666483084361,37.5346524980333,37.7902406056722,37.6351992289225,37.9390712579091,0.0804186417824692,1.93637474129597,5.40001930130853,0.716223882045597,54.7037620544434,437.630096435547,-1
2010,11,"57",29.8999996185303,0.0353471377464294,45.0733333333333,12.7376666666667,3.50054654964181,16.1746775309245,13.668114566803,19.7447305043538,9.33407664299011,37.6201196034749,37.8449251174927,37.7623405456543,37.9813000679016,-0.461957250038783,-0.862351909279823,2.30407365610202,-0.192829287865607,28.2908344268799,1018.47003173828,-1
2010,11,"58",34.6499996185303,0.0402223574356079,45.0338333333333,13.2408333333333,2.04053155310226,15.9906558990479,15.023357963562,18.9153355916341,10.2505567550659,37.9293065388997,37.8761833190918,37.9455056508382,37.975451374054,-0.455200998764485,0.779606595356017,1.49211558401585,0.229166318505304,0,522.09765625,-1
2010,11,"59",35.4500007629395,0.03900893751297,44.7028333333333,12.7668333333333,5.56619756149523,15.9477401574453,13.4636287689209,18.0343960126241,9.79311156272888,37.7945254643758,37.9454591274261,37.9782231648763,38.0525923967361,-1.08420163641373,-0.789347970858216,0.337980463169515,-0.964295582845807,0,0,0
2010,11,"6",31.9499988555908,0.020721478678894,45.2568333333333,12.8848333333333,3.8107859801529,15.7606115341187,14.3719591140747,20.2418510437012,9.50404949188232,37.6937173207601,37.8008453369141,37.7204570770264,37.9659665107727,-0.0168276170889537,1.26096906773746,3.98690754373868,0.509269984439015,0,48.2591018676758,3.57117342948914
2010,11,"60",39.3500003814697,0.020721478678894,44.6596666666667,13.4841666666667,1.8949844865799,16.2428888479869,13.8976527452469,16.7483854293823,11.1794710755348,38.0421029726664,37.9901258945465,38.0969177881877,38.1297657489777,-0.0873093370658656,1.33210497349501,1.96041143933932,0.288370807422325,0,337.813690185547,-1
2010,11,"61",33.5499992370605,0.03900893751297,44.4641666666667,12.6615,5.82252544388735,16.2747474246555,13.5522235234578,18.1181242201063,9.67602109909058,37.5737988154093,37.9586372375488,37.976314968533,37.934893767039,-1.08455066920982,-0.87223279196769,1.93788711768058,-1.11859317682683,0,0,0
2010,11,"62",36.2999992370605,0.0377883375907898,44.4505,12.7268333333333,5.70440773665905,16.0031251907349,13.338510632515,17.2454133033752,9.891077876091,37.6696411768595,37.9769253730774,38.0244037310282,38.0558935403824,-1.12251350469887,-0.720677276607603,1.05862660706043,-0.662848044419661,0,26.4631900787354,7.14506149291992
2010,11,"63",16.8500003814697,0.0121916392227173,44.2106666666667,12.6036666666667,5.75926600685415,15.6741818586985,17.9823430776596,24.7824529012044,9.86349445581436,35.3737421035767,36.9665713310242,36.1192690531413,36.1359055042267,-0.0111397405465444,1.48248105123639,15.6765847404798,-2.22851481148973,0,246.070266723633,-1
2010,11,"64",10.6000003814697,0.0243760984458923,44.126,12.527,4.23043269634247,13.8311146630181,20.8735253016154,25.9467911190457,9.55818418661753,34.2255558437771,35.0391257603963,34.9957506391737,34.4215730031331,6.45114580170614,34.465778062741,38.838357925415,1.64962107191483,123.07137298584,41.0237884521484,-1
2010,11,"65",16.0499997138977,0.0243760984458923,44.0786666666667,12.759,5.46296758651733,15.3299250284831,18.0737908363342,24.6023239135742,9.69620862007141,35.3994739532471,36.5120534896851,35.8113171895345,35.8711809158325,0.0984260300795237,8.07434151917696,21.6007250467936,-1.10962099432945,41.0237884521484,615.356872558594,-1
2010,11,"66",21.0500001907349,0.0353471377464294,43.609,13.6668333333333,5.07762617952242,16.0525546073914,16.2000328302383,22.9540699323018,10.7587817311287,36.6030575434367,37.1611144542694,37.1523003578186,36.754551410675,-0.304672403571506,6.46416795253754,9.43586437900861,-0.548937286483124,0,198.035842895508,-1
2010,11,"67",42.1000003814697,0.0347081177871704,43.3625,13.9848333333333,6.24616630935669,15.8325433731079,12.7421384811401,14.8337251027425,11.8936409473419,37.7052801767985,38.0143316268921,38.0919189453125,37.8383536338806,-0.733228172610203,0.229259652458131,1.75804805643857,-0.20357407630072,0,0,0
2010,11,"68",16.3499994277954,0.0365677376686096,42.9028333333333,13.973,4.29737817959523,15.701123158137,18.5409605503082,25.3252356847127,11.1410601735115,36.9117697079976,36.767094373703,37.2328100204468,36.7863173484802,2.82617275230587,11.7148524224758,16.8838534355164,1.71342588006519,0,82.0395278930664,-1
2010,11,"69",64.2000007629395,0.0414429573577881,42.6671666666667,14.2526666666667,5.84618699066038,16.0806637869941,12.6527832349141,14.0424309836494,12.1770036220551,37.9097196790907,38.0486391385396,38.1293285157945,37.9097232023875,-0.56465624158995,-0.0898648267611861,0.917435019173556,-0.448899948309797,0,0,0
2010,11,"70",26.75,0.0382981175582886,42.5821666666667,14.2303333333333,5.00304257302057,16.6061632633209,15.3389148712158,20.8419590791066,11.6448386907578,37.3576377232869,37.3860712051392,37.7571754455566,37.3255702257156,-0.0044257656360666,2.80714558472391,6.28757200638453,-0.156944629619829,0,0,0
2010,11,"71",16.6499996185303,0.0329131179016113,42.2728333333333,14.5603333333333,4.01477048067543,16.6327573458354,17.4953507184982,24.1505448023478,11.7199504375458,37.3719921112061,36.9613347053528,37.7022196451823,37.2227051258087,1.48247708628575,7.17878688499331,10.529063185056,1.17731871362776,0,91.1490631103516,-1
2010,11,"72",92.2999992370605,0.03900893751297,42.263,15.3266666666667,5.57753341293335,14.8012292861938,12.2455380439758,12.6130964914958,12.8613272666931,38.3422115325928,38.1587423324585,38.2014733632406,38.2510757446289,-0.109405972156674,-0.0560901360586286,-0.00892439273496469,-0.212072614021599,0,0,0
2010,11,"73",19.8499994277954,0.0365677376686096,42.0936666666667,14.8906666666667,5.00861644744873,16.4054755369822,18.074805021286,24.7219467163086,11.6827812790871,37.4490866661072,37.0218799114227,37.6986012458801,37.3120222091675,2.69780018180609,8.75606583058834,11.7313078443209,2.07220182241872,27.346508026123,27.346508026123,-1
2010,11,"74",16.4500002861023,0.0358999977111816,41.9818333333333,15.0805,5.06696271896362,16.2901980082194,18.6583811044693,25.1496494611104,11.64311170578,37.5168954531352,37.0664405822754,37.6933898925781,37.3469842672348,3.53764028288424,11.3067893981934,12.3649464845657,3.04850284894928,0,83.5654602050781,-1
2010,11,"75",69.5499992370605,0.0414429573577881,42.038,15.4701666666667,5.3365592956543,16.0701331297557,13.1432657241821,13.7151430447896,12.3445484638214,38.0234192212423,38.119072675705,38.1464126904806,37.8850193023682,-0.623592719435692,-0.043678292655386,0.641231602193633,-0.555738963303156,0,0,0
2010,11,"76",20.5500001907349,0.03900893751297,41.9961666666667,15.6911666666667,5.58255339860916,17.2060125668844,15.0644080638885,18.8929812113444,11.9673584699631,37.792628288269,37.8005528450012,37.9891678492228,37.6271913051605,-0.250820631782214,1.27698275446892,2.98598514000575,-0.658264052588493,0,0,0
2010,11,"8",12.0500001907349,0.0365677376686096,44.8291666666667,12.4823333333333,7.13016874625765,15.8147687911987,17.3636002540588,24.1868594487508,9.49375772476196,34.480152130127,34.4627838134766,34.7334699630737,35.0214729309082,2.14228384196758,-1.20090991258621,6.93330918004115,1.31310207955539,2215.06713867188,382.851104736328,-1
2010,11,"9",34.2999992370605,0.03900893751297,45.351,12.9268333333333,3.59382651802292,15.58398548762,15.0808182954788,20.4954083760579,9.51550298929214,37.5640579859416,37.7981250286102,37.6965277989705,37.938060760498,0.0559281737854083,1.72715794295073,4.61490316192309,0.591678073862568,0,25.6351509094238,1.94827139377594
2010,11,"45",24.7999992370605,0.0145035990753174,45.571,13.5358333333333,3.85522127515487,15.2915840148926,18.2248640060425,22.6887130737305,9.46314265727997,37.3582434336344,37.627590751648,37.5176764170329,37.7615538597107,1.00466931307067,4.35307587385178,5.79160477320353,1.78643530607224,0,413.690399169922,-1
2011,11,"1",17.1499996185303,0.0268172982902527,45.4083333333333,12.5166666666667,4.62818507472081,15.6966716130575,19.9005264282227,25.3553853352865,10.183571434021,35.6409005482992,35.9717342376709,36.619987487793,35.8937975883484,4.08588110754887,17.3599775075912,20.2953758875529,4.56454560011625,0,298.314910888672,-1
2011,11,"10",35.6999988555908,0.0397125774681091,45.1183333333333,13.248,2.28948288972561,16.6751100752089,14.3943295478821,18.5983071857029,9.89954276879629,38.110208829244,37.836266040802,37.9589098824395,37.936883131663,-0.00559406799988614,1.71010151567558,1.8538182079792,0.229638859920669,0,201.447509765625,31.1236381530762
2011,11,"12",21.1499996185303,0.0377883375907898,44.825,12.525,6.97196116230705,17.2367199261983,17.9518835544586,22.5847330093384,9.99254915118217,35.8994019826253,35.5370321273804,36.1817797025045,35.7377314567566,1.46361236243198,-2.76589212194085,1.54323959350586,-2.36265403218567,3916.55224609375,661.579772949219,-1
2011,11,"13",34.75,0.0414429573577881,44.6,12.7333333333333,5.25274633106432,16.391268157959,13.5026342391968,17.2519044876099,10.2703944683075,37.951522064209,37.8486131668091,37.9853368123372,37.8999093055725,-0.771085023134947,-0.321026835218072,0.34416701644659,-0.97516474686563,72.3886489868164,0,-1
2011,11,"14",41.0499992370605,0.0377883375907898,44.7348333333333,13.1603333333333,3.10333807207644,16.4584370454152,12.941312789917,16.8595604896545,10.4589299559593,38.3294037183126,37.8729958534241,38.0960493087769,38.0332026481628,-0.283010016971578,0.703615501057357,0.56196160777472,-0.0428185852215393,26.4631900787354,264.631896972656,-1
2011,11,"16",8.05000019073486,0.0131609391609192,44.2741666666667,12.3858333333333,4.31460622870005,14.9955832163493,22.3085978825887,26.37241130405,10.3800035715103,33.7061023712158,33.9734392166138,35.621815999349,33.1719007492065,1.95739868614409,21.2883675595125,27.1812089284261,-4.3916338570416,683.841796875,75.982421875,-1
2011,11,"17",20.6000003814697,0.0182802788345337,44.3273333333333,12.5655,6.23572416523941,17.5046497980754,17.7641187906265,22.0654657681783,10.4049663543701,36.7461298306783,37.0809099674225,37.4851191838582,36.7553293704987,0.462679239610831,2.05907775554806,12.1320101221402,-2.41068516299129,54.7037620544434,273.518798828125,-1
2011,11,"18",41.0499992370605,0.03900893751297,44.3916666666667,12.825,5.09803991242657,16.413269440333,12.9742517471313,16.0261250336965,10.5158395171165,37.9500625928243,37.9227995872498,38.0544296900431,37.9431338310242,-0.622975652726988,-0.10374421114102,0.498223357455572,-0.23320398281794,0,0,0
2011,11,"19",46.2000007629395,0.020721478678894,44.5143333333333,13.2405,1.83536475896835,16.466064453125,12.8994513511658,15.5281672159831,11.0493860244751,38.4552082061768,37.9666646957397,38.1683437347412,38.0829678535461,-0.142072645182877,1.03326536864042,1.22888630429904,0.0633599228167441,0,386.072814941406,-1
2011,11,"2",14.5,0.0353471377464294,45.6083333333333,13.1333333333333,4.247413870114,15.9240317344666,19.7456212043762,25.5356488227844,10.0605348944664,36.138688882192,36.1504182815552,36.514948685964,36.4116930961609,7.18884865442912,15.8553631305695,20.8622912565867,6.36196248233318,0,480.944183349609,-1
2011,11,"21",19.1500005722046,0.03900893751297,44.1433333333333,12.7601666666667,6.04283449053764,17.5048120816549,18.3685901165009,22.9162154197693,10.4808556437492,36.5266799926758,36.7803335189819,37.129163424174,36.4857043027878,0.53074686229229,8.02710826694965,13.8539180556933,-1.6828006405849,51.2703018188477,435.797576904297,-1
2011,11,"22",57.8500003814697,0.020721478678894,44.3915,13.6596666666667,2.30491491436034,16.3081448872884,13.2452471256256,15.1698486010234,11.9379742741585,38.4943331082662,38.1088874340057,38.2523663838704,38.1099936962128,-0.0279333687988886,1.50338426232338,0.87876886377732,0.0414542544167489,0,144.777297973633,-1
2011,11,"23",58.25,0.0182802788345337,44.3455,14.0295,2.14847322183711,16.3516048431396,13.2019092559814,14.9655726750692,12.0954276561737,38.5180005391439,38.2321332931519,38.2845507303874,38.1728344917297,0.0143052663033207,1.28392788767815,1.14372043510278,-0.0169762870296836,0,0,0
2011,11,"24",14.6500000953674,0.0372354776260376,43.9166666666667,13.3416666666667,5.70033370679425,16.6492829322815,12.7873508930206,14.8025291760763,11.1915636857351,38.1165286170112,37.9919377962748,38.04131242964,37.7553698221842,-0.354254778422829,0.869082226417959,1.91424458970626,-0.23402760308818,214.848846435547,563.978210449219,-1
2011,11,"25",21.9500007629395,0.0377883375907898,43.9583333333333,13.0583333333333,5.44343886896968,17.3596634070079,17.6011241674423,21.9690599441528,10.9186504483223,36.6628149350484,36.8759663105011,37.2012275060018,36.6033684015274,0.986183904111385,10.1312372684479,11.0110693573952,-0.220620165811852,0,291.095092773438,-1
2011,11,"26",58.25,0.0475387769691467,44.0528333333333,13.3133333333333,3.83241341245456,15.8953108787537,12.2405405044556,13.7460230986277,11.0656584501266,38.2851452827454,38.0539267063141,38.0638791720072,37.9658387899399,-0.238741080703524,0.587575478479266,0.572773865424097,-0.202190524085381,0,21.035457611084,1.38834023475647
2011,11,"27",12,0.0375872976036072,43.8,13.175,5.00121058234873,16.1158995946248,20.6592613220215,25.4898455301921,10.9604673862457,35.8285193125407,35.4742736816406,36.4385982513428,35.0260472297668,2.70275855660439,24.2719588279724,22.203841082255,2.84734362959862,957.770324707031,452.280426025391,-1
2011,11,"28",25.1000003814697,0.0377883375907898,43.7991666666667,13.369,5.87571139184255,17.3030502319336,16.1551515579224,20.1718424479167,11.5943850517273,37.0025427500407,37.1448999404907,37.4563824971517,36.9379822731018,0.501459780087074,6.28173805475235,7.73070366382599,-0.1345134627074,0,79.3895721435547,-1
2011,11,"29",45.2999992370605,0.0358999977111816,43.725,13.6083333333333,5.42199931557723,16.9180473327637,13.47076587677,16.2059886932373,12.0851685523987,37.6930222829183,37.7591814041138,37.8992839813232,37.5754654884338,-0.0630751689895988,2.54485020092689,3.97368810176849,-0.178087415266782,0,139.275756835938,-1
2011,11,"3",14.8999996185303,0.0132973591522217,45.6406666666667,13.2411666666667,3.33513687069255,15.7473255793254,20.0285381317139,25.4762148539225,9.98139991760254,36.7671387990316,36.9159254074097,36.9406819661458,37.0121140480042,5.77515614827474,14.0090906620026,21.5745306015015,5.52382122576237,0,752.028991699219,-1
2011,11,"30",71.25,0.0421968573097229,43.976,14.3506666666667,3.01799051706181,16.7974257151286,13.0282881736755,14.6254467010498,12.5499582290649,38.5944868723551,38.2841773986816,38.3991942087809,38.2770662307739,-0.117573541916984,0.564131356775761,0.7721352348725,-0.144267530506477,0,0,0
2011,11,"31",13.3500003814697,0.0365677376686096,43.5746666666667,13.6088333333333,4.74478419796451,16.4858926137288,20.0032285054525,25.0103363460965,11.3651782671611,36.5028220282661,35.9383411407471,36.7847438388401,35.7623300552368,1.9824776020315,18.0780129432678,16.45932536655,0.476906426871816,492.237152099609,328.158111572266,-1
2011,11,"32",72.1000022888184,0.0384704375473022,44.037,14.4953333333333,2.74101787289297,16.9163867102729,13.0368169148763,14.9350292417738,12.4576907555262,38.5797050264147,38.2529575030009,38.4005153444078,38.2731783390045,-0.047436711895797,0.933743499219418,1.04833250244459,-0.101960423712929,0,0,0
2011,11,"33",11.5500001907349,0.0377883375907898,43.3753333333333,13.713,4.7103522406684,16.0542607837253,21.0997457504272,26.1467855241564,11.2307835419973,36.8758977254232,36.1042540868123,36.862448586358,35.6570596694946,6.49226073341237,25.129518588384,28.0269736713833,2.57361073543628,185.242324829102,52.9263801574707,-1
2011,11,"34",22,0.0377883375907898,43.356,13.8931666666667,5.69736918570503,17.0683310826619,17.4231828053792,22.1853165096707,11.8292280832926,37.079108344184,36.9617989857992,37.6875214046902,36.8033056259155,0.809171769354079,6.82862224181493,7.69449400901794,0.491911466699094,0,52.9263801574707,13.3374481201172
2011,11,"35",79.75,0.03900893751297,43.442,14.2088333333333,5.2122907409668,15.469020207723,12.1804350614548,13.3534545898438,12.6178930997849,38.4028811454773,38.1888432502747,38.2394973436991,38.2051781415939,-0.124446058490624,0.0605420601277729,0.298780989134684,-0.258682884159498,0,0,0
2011,11,"36",73.3500022888184,0.0382981175582886,43.8723333333333,13.7241666666667,5.48998083334703,15.0145299434662,11.6328667402267,13.0978342692057,11.5665289163589,38.2954355875651,38.0361275672913,38.1028515497843,37.9825812578201,-0.196953330809871,0.129878539009951,0.255994159805899,-0.135162833845243,0,0,0
2011,11,"37",16.75,0.0377883375907898,43.1075,13.9346666666667,5.44308230159729,16.7531815369924,19.5574326515198,25.1304820378621,11.4521861076355,37.1944835980733,36.4898579120636,37.5359784762065,36.449956536293,2.23420770931989,10.2201668918133,12.7438782850901,0.302993785124272,0,26.4631900787354,-1
2011,11,"38",69.9500007629395,0.03900893751297,43.3711666666667,14.1603333333333,5.71073323680509,15.524570994907,12.2047182718913,13.3743976487054,12.4863365491231,38.34878232744,38.1371752421061,38.1791986889309,38.127580165863,-0.118112716409895,0.197838286136781,0.406616690749716,-0.304951115278527,0,0,0
2011,11,"4",15.0500001907349,0.0365677376686096,45.1005,12.383,5.28709852904604,16.6997394561768,18.0425455570221,23.7374013264974,9.65698081254959,35.6580273310343,35.2611565589905,36.1160685221354,35.552503824234,0.42968155692021,-4.22099632024765,3.79644390692314,-0.782218463718891,6939.8212890625,360.870697021484,-1
2011,11,"43",9.55000019073486,0.0377883375907898,45.3613333333333,12.3735,4.12495524315607,15.1852031283908,20.5078996022542,25.613774617513,10.1042406161626,35.6146903567844,35.4011077880859,36.3758852216933,35.4998915990194,7.81550603773859,26.7020775874456,29.1574787563748,8.20097097350905,979.138061523438,608.653381347656,-1
2011,11,"44",19.7000007629395,0.0402223574356079,45.4583333333333,12.7,5.1419479736062,16.9770103030735,18.4177541732788,24.4233796861437,9.98532803853353,36.7443607118395,36.8018663724264,37.4016437530518,36.8763773441315,2.24004291329119,9.32281404733658,12.5532079802619,2.71127190813422,0,223.756149291992,-1
2011,11,"46",24.1000003814697,0.0475387769691467,44.9083333333333,12.625,6.30619705095887,17.2416537072923,15.8767608006795,20.34928533766,9.97331158320109,37.4234080844455,37.1654812494914,37.4750428729587,37.1351563930511,-1.07438212984966,-1.83705499271552,-1.18625412819286,-2.25036489156385,4627.80078125,1472.48205566406,-1
2011,11,"47",23.4500007629395,0.0158462589897156,44.6,12.4583333333333,6.17849958035373,17.320006052653,17.497062921524,21.8444258371989,10.034629046917,36.7907818158468,36.970675945282,37.4137794176738,36.7492359876633,-1.42226612692078,-1.21530490193982,9.10811532040437,-3.4862674176693,2208.72314453125,315.531860351562,-1
2011,11,"48",8.70000028610229,0.0365677376686096,44.0601666666667,12.6161666666667,4.67942153612773,15.2956954638163,21.7914581298828,26.0417133967082,10.3781617879868,34.710023244222,34.6408805847168,35.9285513559977,33.9437019824982,2.65835657219092,30.5712810754776,32.7359299659729,3.95882908813655,191.425552368164,0,-1
2011,11,"49",27.4499998092651,0.0384704375473022,43.5636666666667,13.7858333333333,5.37773911799154,17.0838275273641,15.3352767944336,18.9464140574137,12.0748065948486,37.3113574981689,37.3643531799316,37.7066057840983,37.2301525115967,0.502536148826281,6.05167873799801,6.54146559635798,0.555462693329901,25.9939842224121,77.9819488525391,-1
2011,11,"5",25.9499998092651,0.0280378982124329,45.1416666666667,12.5,3.96035145234692,16.8466486930847,15.766502737999,21.272034962972,9.45222151279449,37.3409096399943,37.5304434299469,37.7218248049418,37.3690804243088,-0.374447165057063,-0.234970155754127,4.97912087415655,-0.619392062420957,0,463.658111572266,-1
2011,11,"50",25.8000001907349,0.0377883375907898,43.0563333333333,14.014,5.86949889866386,17.1080127080282,17.0227128982544,21.6132479985555,11.9393351554871,37.4085629781087,37.264994430542,37.9721842447917,37.1021965026855,0.66379062111179,5.16685755550861,7.33039957682292,-0.165417935466394,0,26.4631900787354,-1
2011,11,"51",31.6000003814697,0.0195008787567139,45.3363333333333,13.0801666666667,3.86764637809811,16.3289952807956,14.9070812861125,19.0800513161553,9.57828962802887,38.0186341603597,37.8575779596964,38.0064342286852,37.9642153580984,-0.0628649676994731,2.49000875651836,2.73327755596903,0.574127957273352,0,0,0
2011,11,"53",44.9500007629395,0.0195008787567139,44.5608333333333,13.556,1.83788245916367,16.7829000155131,13.4968998432159,16.5822784105937,11.5200771689415,38.4860515594482,37.9618210792542,38.2186676661173,38.1418582201004,0.0431845587833474,1.94221863895655,1.93390780935685,0.329609210632043,0,153.839218139648,-1
2011,11,"54",48.0999984741211,0.0384704375473022,44.225,12.975,3.96081393183643,16.6355505625407,12.7143030166626,14.9594705581665,10.7944963932037,38.1579917907715,37.9871900558472,38.0650211334229,37.9396864891052,-0.482802771031857,0.528119267430156,0.649910300349196,-0.141382307624008,0,181.957885742188,-1
2011,11,"55",15.1000003814697,0.0341265378242493,45.3835,12.4613333333333,4.36218037075467,15.8068929248386,19.5730865796407,25.2117099761963,10.1152555545171,35.8427059385512,36.1514259974162,36.7629252539741,36.0214790503184,3.32617267624785,15.840927541256,18.4909026622772,3.41387099198376,351.632507324219,1025.5947265625,-1
2011,11,"56",28.75,0.0182802788345337,45.3348333333333,12.8858333333333,3.27887184458568,16.2893054750231,15.1184360186259,19.8705314000448,9.44003514448802,37.8044069078233,37.8136928876241,37.9320629967584,37.84010998408,-0.011670361376471,3.57756513357162,3.68846652242872,0.701080048612008,0,164.111282348633,-1
2011,11,"57",29.9499998092651,0.0365677376686096,45.0776666666667,12.7331666666667,3.43958667452021,16.4689030647278,14.3240215778351,19.1747461954753,9.31258827447891,37.8415157000224,37.8981482982635,37.8279449144999,37.8286041021347,-0.144422744536617,1.71199386427179,3.39510058114926,-0.65181662865507,0,492.237152099609,-1
2011,11,"58",38.1499996185303,0.03900893751297,45.0325,13.244,2.01319967608415,16.6463330586751,13.7282544136047,18.0666269938151,9.98170652389526,38.1454273223877,37.8497875213623,37.979279200236,37.9449817657471,-0.272626955931385,0.914806728810072,1.12257251931975,-0.00506747821345925,0,230.716354370117,-1
2011,11,"59",34.2999992370605,0.0370990576347351,44.6908333333333,12.7685,5.49847943388571,16.3885172526042,13.7989477157593,17.7119738260905,10.0086317539215,38.0420866648356,37.8157815933228,37.9310684204102,37.8794937133789,-1.03265272378922,-0.762444691359997,-0.702692455550035,-1.33151489067823,26.9548606872559,0,0
2011,11,"6",31,0.0182802788345337,45.25,12.8833333333333,3.78661113885733,16.3324177530077,14.6528151830037,19.6398516760932,9.43258531888326,37.9420370525784,37.8735081354777,37.9015123579237,37.9280072053274,-0.108287248760462,2.64192002018293,3.4627413087421,0.256018674214526,0,0,0
2011,11,"60",43.25,0.0182802788345337,44.6658333333333,13.485,1.903269302845,16.6510833104452,13.2322402000427,16.5557936032613,10.8629367947578,38.4098846117655,37.9037084579468,38.1701695124308,38.0356148481369,-0.0755817060514043,1.79404440522194,2.10256769259771,0.225725110503845,0,492.333831787109,-1
2011,11,"61",32.2499990463257,0.0450975771247864,44.464,12.6598333333333,5.82350792775627,16.6917966842651,14.0325449943542,17.7829853693644,10.1826529026031,37.694104385376,37.7985811233521,37.967205174764,37.6988271713257,-1.05194450008372,-0.150048281811178,2.39828649759293,-1.23323614746332,0,0,0
2011,11,"62",35.7000007629395,0.0370990576347351,44.4483333333333,12.7315,5.6770448869513,16.5093828042348,13.3570061922073,16.9295868873596,10.2921051979065,37.8521507581075,37.8680000305176,38.0082985560099,37.8653610944748,-0.919771733538558,0.132430885394569,1.12753585601846,-0.618653742596507,0,0,0
2011,11,"63",15.0999999046326,0.0170668589118958,44.2053333333333,13.436,3.93180558437438,15.7595605055491,12.07945561409,13.6649286746979,11.5261042714119,38.4566677411397,38.0784084796906,38.1445838610331,38.0806751251221,-0.12360862037167,0.772302385419607,0.533404248766601,-0.103183028695639,765.852661132812,875.260192871094,-1
2011,11,"64",9.65000009536743,0.0243760984458923,44.1365,12.531,4.25132727208345,15.2642986774445,22.1562569141388,26.2272070248922,10.4410053491592,34.4375259081523,34.5662970542908,35.8990117708842,33.8023517131805,3.9856412379692,31.3427276015282,34.4805740515391,2.2255221651867,1928.1181640625,328.190307617188,-1
2011,11,"65",15.3999996185303,0.0340619178283691,44.0833333333333,12.75,5.52793688201904,16.5931488143073,20.2365681330363,24.8097967571682,10.5639304320017,35.6165277693007,35.8160419464111,36.4103111690945,35.5013693173726,1.02100242757135,14.4771529436111,20.9179821809133,-1.13277495512739,587.165954589844,1761.49792480469,-1
2011,11,"66",19.9499998092651,0.0377883375907898,43.6071666666667,13.6681666666667,5.07667970287707,16.9920005003611,17.6748359203339,22.3266185124715,11.8305867910385,36.7736124992371,36.7473866939545,37.3057123819987,36.6454374790192,0.208368244270484,8.26141381263733,8.91916779677073,-0.453142897225916,52.9263801574707,79.3895721435547,-1
2011,11,"67",45.25,0.03900893751297,43.3485,13.9851666666667,6.23270753922501,16.5058200836182,13.2719880104065,15.2312323888143,12.3574892520905,37.8100776672363,38.0281005859375,38.112640508016,37.79172706604,-0.547223475078742,1.28856872862671,2.46041524410248,-0.252249191422015,25.6351509094238,25.6351509094238,-1
2011,11,"68",14.6999998092651,0.0341265378242493,44.0675,13.9741666666667,3.69469251251221,15.846449025472,12.5866731643677,13.9049337387085,12.4191212654114,38.5144493103027,38.1983518600464,38.2827152252197,38.1901885986328,-0.0854474852288452,0.737172020971775,0.834599663813909,-0.112459995225072,0,303.830230712891,-1
2011,11,"69",65.1500015258789,0.0402223574356079,42.6675,14.2526666666667,5.84983549273111,16.5766769515144,13.2934161822001,14.7639424006144,12.8458068768183,38.161838637458,38.154625415802,38.3528144624498,38.0058821042379,-0.406163926391552,0.320233678406415,1.26607230372934,-0.495348895351829,0,0,0
2011,11,"70",26.6499996185303,0.03900893751297,42.5858333333333,14.2313333333333,5.0582634520343,17.1765456199646,17.0008825063705,20.8292644023895,12.0823963880539,37.6259185473124,37.5090448856354,38.1126607259115,37.1963047981262,0.51697464287281,3.33059775625588,4.93475233515104,-0.308926251134835,0,102.540603637695,-1
2011,11,"71",15.5500001907349,0.0372354776260376,42.2723333333333,14.5626666666667,4.01667922158395,17.3477969169617,19.0991673469543,24.1034760475159,11.9874207377434,37.7259826660156,37.1463949680328,37.850549697876,36.9168671369553,2.0072230125467,7.57316228374839,8.45921563108762,0.445155175344553,0,53.7122116088867,7.86883926391602
2011,11,"72",93.0499992370605,0.040954717388916,42.2621666666667,15.3218333333333,5.57703254668693,15.922375869751,12.9608854293823,13.3073841730754,13.3787402153015,38.5703145345052,38.3189067840576,38.3544063568115,38.2823892593384,-0.138940157058338,-0.0232942030765116,-0.0293928198671589,-0.184250514954329,0,0,0
2011,11,"73",19.3000001907349,0.0365677376686096,42.0935,14.8835,5.00861644744873,17.2333476384481,19.655931854248,25.0634582519531,11.9710726261139,37.8731638590495,37.1604730606079,37.8136941274007,36.9827201843262,3.42712556819121,9.65152137279511,9.77504199345907,1.07992710956605,0,218.772064208984,-1
2011,11,"74",15.8499994277954,0.0372354776260376,42.3225,15.0671666666667,5.27385264058267,15.9580182234446,12.9961184263229,13.4183626174927,13.3601709008217,38.5665866533915,38.3257880210876,38.3741407394409,38.2824822664261,-0.135821220930666,-0.0512851197272539,-0.0333791561812783,-0.227085506543517,26.8561058044434,26.8561058044434,-1
2011,11,"75",70.5,0.040954717388916,42.0385,15.473,5.33763456344604,16.7827043533325,13.8477526903152,14.4503450393677,12.7237306833267,38.294930934906,38.1794650554657,38.3409841855367,37.8103559017181,-0.517942507550363,0.233309089206159,1.562536838154,-0.481842840614263,0,0,0
2011,11,"76",20.3999996185303,0.0377883375907898,41.9968333333333,15.684,5.57558083340404,17.9259163538615,16.3252618312836,18.6369291941325,12.3686960935593,38.0545193354289,37.9358854293823,38.2732594807943,37.4971153736115,-0.0289862851301829,1.65765752084553,3.45612442493439,-0.723208903917111,0,26.4631900787354,3.59899401664734
2011,11,"8",9.79999971389771,0.0421968573097229,44.8321666666667,12.48,7.13484085651866,16.8828407923381,18.9834446907043,23.7506100336711,9.97018224000931,34.788498878479,34.2100124359131,35.09614721934,34.750471830368,4.04039593972266,-3.38993126899004,5.15756555398305,-1.53269911184907,5237.3564453125,284.38134765625,-1
2011,11,"9",33.0499992370605,0.040954717388916,45.3416666666667,12.9083333333333,3.52688462789669,16.2470027923584,15.0185307502747,19.655019124349,9.44902100563049,37.8473284403483,37.8476615905762,37.956457901001,37.8808283805847,-0.114155584573746,3.11923615932465,3.20774295727412,0.570975633524358,48.8344192504883,122.086051940918,-1
2011,11,"45",23.1500005722046,0.0124070392089844,45.5708333333333,13.5393333333333,3.91891675402028,16.0389019648234,17.380399107933,22.4847604433695,9.51936590671539,37.9686047236125,37.7629210948944,37.8290065129598,37.6864562034607,0.775665714250257,4.33430720865726,4.7271204094092,1.66267878189683,0,483.596435546875,-1
2012,12,"1",18.1499996185303,0.0158462589897156,45.4135,12.5325,4.70060827011286,16.5850466622247,18.7776328722636,25.3423830668131,9.4236146012942,35.9042437871297,37.1468982696533,36.9371248881022,37.0800394217173,3.15745167072035,12.8328719039758,19.4025909105937,4.57584422081709,0,757.276489257812,93.7760696411133
2012,11,"10",35.0999984741211,0.0368980176475525,45.1168333333333,13.2456666666667,2.28628778930694,17.4690111796061,14.8287855148315,19.3969497680664,10.1553604125977,38.2586118062337,38.2883150100708,38.3380700429281,38.5289775848389,-0.195109376513089,1.30771971344948,2.45551131367683,0.395593707612716,0,298.118957519531,41.3572311401367
2012,12,"12",21.0500001907349,0.0365677376686096,44.8383333333333,12.5421666666667,6.90040011078347,17.9898099899292,15.8696649869283,23.1822572284275,9.51030445098877,36.4515870412191,36.7572979927063,36.9584901597765,36.9675265153249,0.974975650509198,1.21866713960965,6.89701415039599,-0.229756189898277,1832.21606445312,984.474304199219,95.615592956543
2012,11,"13",34.8500003814697,0.0353471377464294,44.6111666666667,12.7518333333333,5.16564734151044,17.4848329226176,13.262228012085,18.4252160390218,9.79381623864174,38.2058013280233,38.4542853832245,38.385595480601,38.3475713729858,-1.09063244114319,0.35494704451412,2.26303375015656,-0.244647308601998,0,0,0
2012,11,"14",41.2000007629395,0.0365677376686096,44.7358333333333,13.163,3.07443819412818,17.8234471480052,13.5004589557648,17.8440607388814,10.636530995369,38.4522816340129,38.3733220100403,38.4801677068074,38.6825240850449,-0.374533226713538,0.556091176345944,1.60677170318862,0.23478707481263,0,656.316223144531,93.142204284668
2012,11,"16",7.80000019073486,0.0182802788345337,44.2718333333333,12.3873333333333,4.28147471761241,15.2212572097778,21.2059361139933,26.5500761667887,9.84104466438293,34.3749860127767,35.1814514795939,35.3943941328261,34.5561695098877,4.77102638615502,28.1085090041161,31.935508357154,5.3884566531827,54.7037620544434,0,0
2012,11,"17",20.6000003814697,0.0243760984458923,44.3335,12.5645,6.21482353284955,18.4248803456624,16.3237564563751,23.3858550389608,9.75059765577316,36.9952781995137,37.6541290283203,37.4756053288778,37.4528557062149,-0.621138868232568,4.99614473432302,10.5166045327981,0.202096546301618,492.285491943359,902.523376464844,107.190071105957
2012,11,"18",41.1000003814697,0.0365677376686096,44.388,12.8438333333333,4.87526212584588,17.4859592437744,12.8953277587891,17.1832277933757,10.5397263050079,38.3103761037191,38.4813442230225,38.4708786010742,38.4775888442993,-0.566238006561374,0.459119944646955,1.79506133993467,-0.0400939837098122,0,54.6930160522461,7.65702247619629
2012,11,"19",47.2000007629395,0.0195008787567139,44.5146666666667,13.2306666666667,1.84947928320616,17.4357645511627,13.0842968225479,16.806796391805,10.7315157055855,38.5208919843038,38.378377199173,38.615383942922,38.5702179670334,-0.0771268216000559,0.6615573707968,1.9730627797544,0.327464925707318,0,769.196044921875,142.147445678711
2012,12,"2",15.25,0.0365677376686096,45.618,13.1396666666667,4.34414393082261,16.5543134053548,19.5402374267578,25.4436763763428,9.57288281917572,36.2040630340576,36.6543474197388,36.9522022247314,37.2081901550293,6.25916007757187,16.3292190551758,20.1002042452494,4.95918732881546,191.425552368164,546.93017578125,72.5574417114258
2012,11,"21",19.4499998092651,0.030471918057251,44.1426666666667,12.761,6.04386251831055,17.5872846444448,16.9258713722229,23.8164084752401,10.0616714954376,36.5532903671265,37.4357776641846,37.2589594523112,37.2642903327942,-0.196368798613548,9.35161119699478,13.1646136840185,0.343523267190903,820.427490234375,1247.0498046875,146.950759887695
2012,11,"22",56.7999992370605,0.0182802788345337,44.3976666666667,13.6515,2.2830084823072,17.3468370437622,14.0179340839386,16.1400848229726,11.6050269007683,38.6396323839823,38.6597988605499,38.6613434155782,38.5207996368408,0.0530602969811298,1.47941939532757,1.26440819849571,0.204169633798301,0,54.7037620544434,7.4397120475769
2012,11,"23",58.0500011444092,0.0182802788345337,44.3298333333333,14.0456666666667,2.20594310852908,17.0279580222236,14.2138907909393,15.783238252004,11.9726675748825,38.6924466027154,38.6789924303691,38.6550937228733,38.5783075491587,-0.0113106215527902,1.63817941645781,1.27241245988342,0.117403213866055,0,54.7037620544434,8.20556449890137
2012,11,"24",14.5999999046326,0.0365677376686096,43.9216666666667,13.3463333333333,5.61214597895741,17.5413019180298,12.8213292121887,15.7754416783651,10.6385818481445,38.3293664296468,38.4695352554321,38.4726291656494,38.2714890480041,-0.448830414625506,0.400931315496564,2.26956924498081,-0.206745865102857,738.355712890625,628.969665527344,75.6891784667969
2012,11,"25",21.8000001907349,0.0365677376686096,43.9686666666667,13.0723333333333,5.68706538733535,17.6946008682251,16.1247369766235,22.1552963256836,10.299701833725,36.9773389180501,37.6649129867554,37.5774220784505,37.4175199508667,0.03254075050354,7.85691635608673,9.78978973229726,0.711469845101237,54.6930160522461,437.544128417969,71.3604125976562
2012,11,"26",58,0.0365677376686096,44.0435,13.3275,3.78311419679273,16.8440634409587,12.383017539978,14.9845978948805,10.7751041253408,38.4916823705037,38.4978462855021,38.5821944342719,38.5237048467,-0.288452823284186,0.396003680691744,0.975577116038443,-0.148779052929209,0,27.346508026123,6.56316184997559
2012,11,"27",13.5999999046326,0.0365677376686096,43.7936666666667,13.1883333333333,5.0183503609004,16.4414497216543,19.6064577102661,25.6083501180013,10.2799979746342,36.2186624209086,36.7946677207947,36.6089811325073,36.0328450202942,4.6311774092416,18.6865658462048,22.2760248978933,5.82908263802528,683.662719726562,683.662719726562,88.6947250366211
2012,11,"28",25.0500001907349,0.0365677376686096,43.7926666666667,13.3803333333333,5.83844351034898,17.6807612842984,15.7428986231486,21.3720740212335,10.5177473028501,37.194953388638,37.773720741272,37.8024609883626,37.5337075392405,0.0238572280440066,5.25028195480506,7.70067068603304,0.511169515782967,0,191.425552368164,31.6672554016113
2012,11,"29",45.6000003814697,0.0358999977111816,43.7336666666667,13.6151666666667,5.53351992134034,17.47443318367,12.8846864700317,15.8389925161997,10.8836314082146,38.2767422993978,38.4307496547699,38.4710960388184,38.2000688314438,-0.354223335782687,0.990750756114721,2.12309605131547,-0.274485198606271,0,111.420608520508,25.2367687225342
2012,12,"3",15.5,0.0121916392227173,45.6401666666667,13.4863333333333,3.01536496005841,17.0743171056112,18.345866394043,24.4129704793294,9.63040716648102,37.4976056416829,37.9428548812866,37.865151087443,38.2123934745789,2.5831846161435,8.65872933864594,10.3114486217499,2.63123050928116,0,246.070266723633,36.7464942932129
2012,11,"30",71.8999977111816,0.0365677376686096,43.9686666666667,14.3358333333333,3.06212006982907,17.7532853444417,13.2031688690186,14.3775692621867,12.4736570358276,38.7718259175618,38.6864923477173,38.6453687032064,38.7318971633911,-0.12890607722414,0.660968352854252,0.514030816530188,-0.0660624253563583,0,27.346508026123,10.3916730880737
2012,12,"31",12.9500002861023,0.0365677376686096,43.5858333333333,13.5951666666667,4.75091005926547,16.8943164613512,18.8812840779622,25.2388432820638,11.1053463617961,36.7324687110053,37.1131842931112,37.1208152770996,36.5837230682373,3.70423537327184,13.6718361377716,16.5133542749617,2.04529694964488,351.597961425781,468.797271728516,65.4276123046875
2012,12,"32",53.9500007629395,0.0365677376686096,43.6598333333333,13.7848333333333,5.71789507260398,17.2820886611938,12.5949194908142,15.3470350901286,11.1830418109894,38.3846649169922,38.4694549560547,38.5329565684001,38.2429815292358,-0.292782984301448,0.735383764654398,1.39660602807999,-0.279207006271463,0,82.0395278930664,22.0959796905518
2012,12,"34",22.4499998092651,0.0372354776260376,43.3558333333333,13.8928333333333,5.69487802505493,17.5502541859945,16.6575949986776,21.8186518351237,12.0468566417694,37.290998035007,37.7130886713664,37.8530849880642,37.6798575719198,0.96328813665443,4.81459212303162,6.98871191342672,0.720927004391948,26.8561058044434,241.704956054688,41.3584022521973
2012,12,"35",80.5500030517578,0.0377883375907898,43.448,14.2066666666667,5.16686787716178,16.3327224095662,12.0271484375,14.2735103607178,11.8132073879242,38.6998812357585,38.6030143737793,38.648415629069,38.5516861915588,-0.124616202587883,0.292020752292592,-0.0948195451249679,-0.18189705532277,0,0,0
2012,12,"36",53.0500011444092,0.0365677376686096,43.7011666666667,13.7095,5.77531786415521,17.3181762695312,12.6692165533702,15.3793437745836,10.9844154516856,38.3840645684136,38.4627741177877,38.5181819068061,38.2425026893616,-0.329306585959987,0.685995309924086,1.44926603208296,-0.298988981172442,0,109.386032104492,19.3066329956055
2012,12,"37",17.6000003814697,0.0358999977111816,43.1091666666667,13.9321666666667,5.43342369987119,17.1327995300293,19.0933887481689,24.812978108724,11.9059144496918,37.2572034200033,37.6300457000732,37.5145081837972,37.1620771408081,3.2538513602068,10.6485787153244,12.7517064889272,3.29745612674451,27.855152130127,306.406677246094,33.4930877685547
2012,12,"38",72.8999977111816,0.0365677376686096,43.374,14.17,5.64836541748047,16.5809808307224,12.1004565556844,14.4548088179694,12.0557432174683,38.6636871761746,38.5828189849854,38.6454607645671,38.5120027860006,-0.154616271456083,0.398140771935383,0.075723361560247,-0.20890701651903,0,0,0
2012,12,"4",14.5500001907349,0.0358999977111816,45.1053333333333,12.3771666666667,5.25995255360561,17.2412692175971,17.1456295649211,24.8510358598497,9.00929836432139,35.4863442314996,35.8145573933919,36.1536248524984,36.1791084607442,3.09490837322341,2.88017774621646,9.76654745058881,3.78447040294607,3732.59057617188,974.930358886719,-1
2012,12,"43",9.55000019073486,0.0365677376686096,45.3843333333333,12.3978333333333,4.07426454113648,15.577952226003,20.065486907959,25.7070631980896,9.23671424388885,35.4814354578654,36.4310233592987,36.7019338607788,36.4918732643127,7.0784002294143,24.987159460783,29.1478183666865,8.9763271138072,300.811584472656,382.851104736328,38.2710037231445
2012,12,"44",21,0.0365677376686096,45.465,12.7221666666667,5.22435817645706,17.3992441177368,17.783557510376,25.066237894694,9.58349645137787,36.9185343424479,37.5354125976562,37.5253150939941,37.7438323020935,1.8767270596077,7.90386354923248,13.2122601032257,2.3555567458272,0,929.78125,137.115386962891
2012,12,"46",25.1000003814697,0.0316925179794312,44.9106666666667,12.6268333333333,6.29315816805913,18.1658531824748,14.6604430675507,22.0589135487874,9.42910345395406,37.4149868223402,37.7981756528219,37.7371614244249,37.8707123597463,-1.14176542622348,-1.65053684761127,0.506235759757045,-0.973543391718219,2429.59545898438,1956.29760742188,199.274917602539
2012,11,"47",22.2999992370605,0.0182802788345337,44.6126666666667,12.46,6.28091546467372,18.1279324690501,15.8339514732361,23.1045711835225,9.42880675196648,37.0120565096537,37.6329486370087,37.4927644729614,37.3954827785492,-1.93649672468503,-0.155124392593279,7.47275228338913,-0.941591116599739,984.667663574219,492.333831787109,57.6525535583496
2012,11,"48",9.14999961853027,0.0365677376686096,44.0648333333333,12.6126666666667,4.70529342194398,15.5679146448771,20.5455675125122,26.2686375512017,9.94763278961182,35.2053752475315,36.0717989603678,35.8811215294732,35.1954582532247,8.82904434866375,23.6124283472697,31.8677718904283,4.05035186186433,328.158111572266,82.0395278930664,12.0266075134277
2012,12,"5",25.8999996185303,0.0358999977111816,45.147,12.5183333333333,3.49809656556197,17.4080376625061,15.1754233837128,23.2006502151489,8.9425922036171,37.2977458635966,38.0408911705017,37.9221889177958,38.0130412578583,-0.155482006569703,1.48505079373717,6.79504300157229,0.217012193606934,27.855152130127,1782.72973632812,259.296783447266
2012,12,"50",25.9499998092651,0.0365677376686096,43.0581666666667,14.0113333333333,5.87653157824562,17.4717084566752,17.2681674957275,21.812967300415,12.2490165829659,37.5140611330668,38.0542659759521,38.003026008606,37.7159825563431,0.736070575192571,5.26627730950713,6.87870535502831,1.23129885061644,0,164.079055786133,29.1513767242432
2012,11,"51",31.9000005722046,0.024821258417511,45.3331666666667,13.0658333333333,3.90490907250029,17.0242272218068,14.9309597015381,20.6021760304769,9.51314175128937,38.0870072046916,38.2264409065247,38.1571205457052,38.4695193767548,-0.187513186285893,1.89619196206331,3.47920405864716,0.606639931676909,0,241.728271484375,45.4449157714844
2012,11,"53",44.2000007629395,0.0182802788345337,44.5658333333333,13.5535,1.82341036246373,17.6275390783946,13.5438060760498,17.475245475769,11.1203262209892,38.5931666692098,38.4786016941071,38.6280848185221,38.542885184288,0.186009807667385,1.79811308532953,2.4043967773517,0.530592597046052,0,218.815048217773,44.4194526672363
2012,11,"54",47.7999992370605,0.0365677376686096,44.2356666666667,12.9726666666667,3.7974458026886,17.4852923711141,12.7116030693054,16.3819834391276,10.7254897594452,38.3965404510498,38.459658241272,38.532920328776,38.5316182136536,-0.410897846333683,0.054875320661813,1.67301774422328,-0.0425533071160316,0,382.851104736328,49.3330993652344
2012,12,"55",15.6999998092651,0.024821258417511,45.384,12.4575,4.36151214440664,16.273685031467,18.9010287920634,25.3147885004679,9.37079435586929,35.7751493453979,37.1084526379903,36.9717908435398,36.9472036361694,3.2293966534651,12.2527124087016,20.2669486469693,5.07106287529071,1933.826171875,2578.43481445312,287.699127197266
2012,12,"56",29.8500003814697,0.0243760984458923,45.3316666666667,12.8938333333333,3.44353583691612,16.9162207444509,15.1286015510559,21.4934140841166,9.1456738114357,37.9181033770243,38.1796860694885,38.1391161282857,38.4554924964905,0.0183731076540425,2.18440883234143,4.59489814440409,0.616504816222005,0,287.166534423828,45.2082176208496
2012,12,"57",29.5,0.0365677376686096,45.0851666666667,12.7178333333333,3.27032827399671,17.3219814830356,14.1067446867625,21.1035493214925,8.96307075023651,37.8559652964274,38.3521949450175,38.1252806981405,38.4522347450256,-0.203135697378053,0.867214200397333,3.64513065417608,-0.0725096763344482,27.346508026123,902.434753417969,141.220230102539
2012,11,"58",37.2999992370605,0.0384704375473022,45.0385,13.2421666666667,2.01613231072059,17.572560734219,14.6915152072906,18.9724577797784,10.2527252435684,38.311749458313,38.3027510643005,38.3817592196994,38.5507048765818,-0.430285313477119,0.941636860991518,1.85065736952755,0.258960173057858,0,571.86767578125,74.4987564086914
2012,11,"59",34.25,0.0365677376686096,44.69,12.7696666666667,5.47466597302269,17.5338791211446,13.5091403722763,18.6976402600606,9.68561577796936,38.2516549428304,38.445209980011,38.3660794893901,38.4180126190186,-1.14889814207951,-0.249679219559766,2.26648441702127,-0.561335148115177,27.346508026123,164.079055786133,24.2290058135986
2012,12,"6",31.8499994277954,0.0243760984458923,45.2553333333333,12.8781666666667,3.72101967675345,17.0370273590088,14.8670318126678,21.3765718672011,9.13657589753469,37.9751107957628,38.2437337239583,38.1454803678725,38.5035961469015,-0.00565873727545194,1.97404964764913,4.30712663796213,0.532504511298612,0,123.07137298584,29.9473667144775
2012,11,"60",43.3999996185303,0.0182802788345337,44.6743333333333,13.482,1.92722328052376,17.6347396373749,13.3979586362839,17.5456614494324,10.6476715803146,38.5631195704142,38.3919310569763,38.6062448819478,38.5217057466507,0.0412997263871754,1.33080099895597,2.64563203851382,0.469785391818732,0,656.445129394531,143.652069091797
2012,11,"61",32.5999994277954,0.0365677376686096,44.4528333333333,12.6688333333333,5.84862741591438,17.7426988813612,13.3647867043813,19.0472325219048,9.77479229370753,38.014730029636,38.3364850680033,38.290560192532,38.1540263493856,-1.03975599114266,0.00666727079078555,3.42347238461177,-0.31822944523689,0,27.346508026123,3.39096689224243
2012,11,"62",35.6499996185303,0.0358999977111816,44.4488333333333,12.73,5.68429525630681,17.5454168319702,13.0025689601898,18.1705334981283,10.0133975148201,38.1840758323669,38.4257247447968,38.3925143877665,38.2923943996429,-0.958967643479506,-0.1983203869313,2.15496124823888,-0.272802233230323,27.855152130127,55.7103042602539,6.2176079750061
2012,11,"63",15.0999999046326,0.0243760984458923,44.2105,12.6005,5.72796679660678,17.0726301670074,18.1392785310745,25.1076146761576,10.0694053769112,35.8390285174052,37.0239224433899,36.7754311561584,36.7801278829575,-0.474186720947425,12.0228199958801,17.2157071431478,0.215943697490729,2912.68896484375,1353.78503417969,165.245361328125
2012,11,"64",9.84999990463257,0.0370990576347351,44.1456666666667,12.5186666666667,4.11322253784247,15.3610064188639,21.0275263786316,26.5303373336792,9.88238215446472,34.9343566894531,35.7531890869141,35.7045440673828,34.8639023303986,12.039253026247,31.9679379463196,35.9243156115214,6.29898444190621,188.684020996094,26.9548606872559,4.95969438552856
2012,11,"65",15.3500003814697,0.0353471377464294,44.0871666666667,12.7596666666667,5.60359194851661,16.7981741587321,18.3110612869263,25.0072582244873,10.125363779068,35.9212984720866,36.9349773406982,36.7197799682617,36.6121717453003,2.20964190885425,13.8756896972656,19.3088883082072,0.88352104909718,1782.32250976562,707.270874023438,107.26261138916
2012,12,"66",19.4000005722046,0.0358999977111816,43.5948333333333,13.674,5.05483033580165,17.1876571019491,17.6528692245483,23.9779219309489,11.4003506660461,36.894694519043,37.3393815994263,37.4580594380697,37.1089468002319,1.15639276280999,8.55862873792648,11.271640586853,0.766797675192356,55.7103042602539,334.261840820312,55.0974922180176
2012,12,"67",47,0.0365677376686096,43.3438333333333,13.9916666666667,6.24527893140334,17.2904033025106,13.2669966697693,16.6073210398356,12.2779358863831,38.1484184265137,38.3985214233398,38.4965540568034,38.2394411087036,-0.325629987598707,1.3231816008687,1.94784254282713,-0.186689563677646,0,82.0395278930664,18.1033878326416
2012,12,"69",64.3499984741211,0.0365677376686096,42.6518333333333,14.2591666666667,5.7423219444338,17.0934861501058,14.639963722229,15.5754295984904,12.9499109268188,38.3922777811686,38.7760631561279,38.7111418406169,38.4283593177795,-0.435642874861757,1.13037138360087,1.11860270956531,-0.186377524543786,0,0,0
2012,12,"70",25.8000001907349,0.0372354776260376,42.5836666666667,14.2285,4.9930358543396,17.5777632395426,17.1107444763184,21.2218729654948,12.4680010080338,37.7533246676127,38.3895800113678,38.3409867286682,37.83835709095,0.345834976062179,3.76128507778049,4.84081113090118,0.760246861958876,0,107.424423217773,18.7455615997314
2012,12,"71",16.0999999046326,0.0358999977111816,42.2705,14.5645,4.04151427553546,17.7121512095133,19.683117389679,25.9649960199992,12.1306729316711,37.7955230077108,37.9974980354309,37.8459151585897,37.4199450016022,2.90845061124613,9.98077487945557,11.7521570920944,3.88662463112269,27.855152130127,139.275756835938,13.9705982208252
2012,12,"72",91.25,0.0365677376686096,42.2535,15.3331666666667,5.57179996490478,15.5035852326287,12.8287705580393,13.774164835612,13.5338308811188,38.774182955424,38.7092758814494,38.7213910420736,38.6023873488108,-0.0784276981139556,-0.0675210431218147,-0.0359218114107433,-0.195364002992089,0,0,0
2012,12,"73",19.2999992370605,0.0365677376686096,42.0918333333333,14.8825,5.00861644744873,17.7750176111857,19.2004665374756,25.4618439992269,12.2335577964783,37.9338696797689,38.1870796203613,38.1351365407308,37.6007153511047,2.71194164305925,7.94690685272217,10.010350894928,3.12574982205406,27.346508026123,82.0395278930664,15.210599899292
2012,12,"74",16.25,0.0358999977111816,42.3245,15.0615,5.30208572012479,15.469745238622,12.5707138776779,13.7863973776499,13.2639819383621,38.7722980181376,38.7017209529877,38.7105251948039,38.5731099843979,-0.0757622132077813,-0.0830840871203691,-0.0241506366874091,-0.185529032722116,0,139.275756835938,23.8997211456299
2012,12,"8",11.5,0.0365677376686096,44.823,12.4806666666667,7.10660630969678,17.4650200208028,17.3207354545593,24.6524257659912,9.49905997514725,34.8312203089396,34.761652469635,35.5318965911865,35.5031740665436,5.93226365248362,6.46912187337875,16.226504628857,2.09982893243432,4895.02490234375,492.237152099609,-1
2012,12,"9",33.6000003814697,0.0365677376686096,45.3476666666667,12.921,3.58431147411466,16.9126214981079,15.1343083381653,21.4370120366414,9.18685445189476,37.9280099868774,38.1766729354858,38.1360623041789,38.4530699253082,-0.00359153425476203,2.19159585237503,4.53299114108086,0.64755912439432,0,519.583679199219,63.1977844238281
2012,12,"45",24,0.0119618792373657,45.5705,13.5376666666667,3.88461417682243,16.7408518473307,17.5811362266541,23.6244466145833,9.29308700561523,37.730086517334,38.1180925369263,38.0986525217692,38.3325656890869,0.982522885501385,5.24632295370102,6.35883255004883,1.53208804763854,250.796691894531,0,0
2013,12,"1",16.8000001907349,0.0243760984458923,45.4156666666667,12.5141666666667,4.66925844665646,15.6110062599182,19.4126477241516,24.3408935864766,10.1319789886475,35.0384453137716,36.8321001529694,36.5446001688639,36.3052818775177,3.58068576206764,11.1555910855532,19.5455533663432,4.60378903569654,328.190307617188,1271.73742675781,141.143783569336
2013,12,"10",35.6000003814697,0.0372354776260376,45.1128333333333,13.2443333333333,2.27104150800777,16.9933973948161,15.0304100036621,17.8896094004313,11.0745136737823,37.9233547210693,38.0349220275879,38.0705103556315,38.50574426651,-0.376863638187448,1.88808126151562,3.15047619541486,0.415358286126866,0,563.978210449219,99.8778610229492
2013,12,"12",21.3000001907349,0.0377883375907898,44.833,12.5441666666667,6.89109557913255,17.1705606248644,16.0960915883382,22.0098121431139,10.458553036054,35.8683908250597,36.8271740277608,36.8343150880602,36.5943934122721,0.182095719708337,3.50513483087222,3.5101773287687,-0.372991941248377,1905.34973144531,132.315948486328,10.2766942977905
2013,12,"13",34.7999992370605,0.0365677376686096,44.6085,12.7515,5.16338302922803,16.8974003791809,13.9028923511505,17.9453355471293,10.8476834893227,37.9972823460897,38.3675360679626,38.3550629615784,38.3920245170593,-0.72448801373442,-0.830499610863626,3.09658488507072,-1.41965445969254,27.346508026123,54.6930160522461,4.97706413269043
2013,12,"14",42.2999992370605,0.0365677376686096,44.7418333333333,13.1648333333333,3.09415063261986,17.1913294792175,13.6884477138519,17.4732052485148,11.581872065862,38.2160245047675,38.1930804252625,38.3951760398017,38.6562441190084,-0.250224908917314,0.848650321053962,2.11583769073089,0.106311496886822,0,519.583679199219,72.7964019775391
2013,12,"16",8.79999971389771,0.0121916392227173,44.3048333333333,12.3776666666667,4.63156002759933,14.9390041563246,21.2506723403931,26.3550891876221,10.1876899401347,33.6070577833388,34.9136279424032,34.8224442799886,33.9253749847412,1.67029069695208,15.6652497847875,30.6338838471307,1.39821453640858,410.117126464844,0,0
2013,12,"17",20.3500003814697,0.0243760984458923,44.328,12.5773333333333,6.24432856589556,17.622592025333,15.7268925507863,21.8206369611952,10.6643729607264,36.5473335054186,38.0281755129496,37.7284855312771,37.1149595578512,-0.838049065735605,-0.217611021051804,10.7333103219668,-2.76810505241156,1189.68994140625,656.380615234375,62.0571632385254
2013,12,"18",40.3999996185303,0.0377883375907898,44.3896666666667,12.843,4.88746168447095,16.9004185994466,13.6029329299927,16.7233814239502,11.3439866542816,38.217386118571,38.355145072937,38.4279809315999,38.4453332901001,-0.357053052385648,-0.629528441652656,3.83975691795349,-0.670449066301808,52.9263801574707,52.9263801574707,12.993426322937
2013,12,"19",47.1000003814697,0.0182802788345337,44.5135,13.2315,1.85019356287443,17.3204185167948,14.3024592399597,16.6831490198771,12.0236313939095,38.4508191744487,38.4009749889374,38.5210777918498,38.6754636764526,-0.0862402425603553,0.553280738764443,1.97241314997276,0.19664713187376,0,273.518798828125,47.8110885620117
2013,12,"2",14.5,0.0353471377464294,45.6218333333333,13.1473333333333,4.33492789635291,15.8838644822439,19.7632598876953,24.6629759470622,10.3292843699455,35.3920342127482,36.3998484611511,36.4021369616191,36.758310675621,6.45865673820178,17.6274313032627,19.070237994194,5.09354899451137,56.5816688537598,650.689208984375,88.6892242431641
2013,12,"21",18.5,0.0365677376686096,44.1428333333333,12.7615,6.04344983706399,17.5223757425944,16.8258988857269,23.3869767189026,10.6665518283844,36.1575775146484,37.6629574298859,37.0879542032878,36.8001662492752,1.49684937282776,0.463024800643325,14.1252638896306,-2.69215370994061,4621.56005859375,1011.82080078125,-1
2013,12,"22",58,0.0182802788345337,44.3913333333333,13.6523333333333,2.3283813563922,17.4215086619059,14.8623163223267,15.6989777882894,12.7464478492737,38.5238864898682,38.4842525482178,38.5650511423747,38.7566437721252,-0.012807293360432,0.799788315035403,1.28813392023245,0.0659118423587643,0,437.630096435547,97.9744338989258
2013,12,"23",58.1499996185303,0.0186177388130188,44.3356666666667,14.0353333333333,2.19102061903754,17.3057635625203,14.6920782725016,15.6465882725186,12.9394730726878,38.5838378270467,38.4963227907817,38.572211795383,38.7645219961802,-0.0641370244880414,0.8356454949826,1.67638128333622,0.00540536649835606,0,107.424423217773,17.7250308990479
2013,12,"24",13,0.0365677376686096,43.9211666666667,13.3491666666667,5.60695988948529,17.4649334748586,13.7208886146545,15.6004200776418,11.8830241560936,38.1913367907206,38.4037969112396,38.5231595039368,38.3652656078339,-0.279127651631522,-0.364261120557785,2.1966468244791,-0.3966823060764,1558.7509765625,218.772064208984,-1
2013,12,"25",28,0.0365677376686096,44.3156666666667,13.1056666666667,2.60635635209462,17.1265048185984,14.1119261980057,16.0459640026093,12.0059096813202,38.4599666595459,38.4359223842621,38.5197327931722,38.6275835037231,-0.135279162864511,-0.0449104183353484,2.45191479971011,0.124715322206612,246.118576049805,574.276672363281,56.9609031677246
2013,12,"26",58,0.0365677376686096,44.0441666666667,13.3296666666667,3.75862710898922,16.9318067762587,13.6377391020457,15.0438833236694,11.9051023324331,38.4238153033786,38.4805132548014,38.5561218261719,38.6050119400024,-0.259143271289455,-0.492085890223583,1.45590757661396,-0.236486664090383,136.732543945312,54.6930160522461,7.68436861038208
2013,11,"27",14.3000001907349,0.0382981175582886,43.798,13.182,5.00920392584613,16.2605306307475,19.1968648433685,25.4669405619303,10.6942334771156,35.6515645980835,36.287645816803,35.9977491696676,35.6918832063675,4.62329467075566,15.6719539612532,28.4338603417079,3.90683362446725,1352.173828125,162.260864257812,20.9646472930908
2013,11,"28",26.3000001907349,0.0365677376686096,43.7928333333333,13.3883333333333,5.84220692583623,17.8598146438599,15.2182586193085,20.4458465576172,11.5857692956924,37.0983227094015,38.0520186424255,37.8974075317383,37.5367263555527,0.151270293320219,4.44762552343309,7.10324481129646,-1.01722185738618,382.851104736328,218.772064208984,29.1785202026367
2013,11,"29",39.2000007629395,0.0365677376686096,43.7233333333333,13.6166666666667,5.45398748305536,17.9235341389974,14.2502284049988,17.6146048227946,12.0353490352631,37.8027061462402,38.3156606674194,38.3364991505941,38.0153991699219,0.0264589181790749,1.12811171966605,3.7316625619928,-0.529177941428497,0,164.079055786133,33.4994735717773
2013,12,"3",15.8000001907349,0.0121916392227173,45.6416666666667,13.4915,3.06003106277408,16.3618141810099,18.3301448822021,22.8010104497274,10.2600677013397,36.7363378206889,37.5095729827881,37.4073111216227,37.8858939409256,2.81483589547376,7.96238075196743,8.54626001914342,2.66555878228974,0,410.117126464844,50.3623847961426
2013,12,"30",71.75,0.0365677376686096,44.3223333333333,14.0398333333333,2.25013016350567,17.3322283426921,14.6834810256958,15.6400476455688,12.9343279838562,38.5825107574463,38.4968439102173,38.5721151987712,38.7650783538818,-0.0569828513932104,0.864920635148883,1.71913908720016,0.0146471451036632,0,0,0
2013,11,"31",12.75,0.0268172982902527,43.5858333333333,13.5945,4.74909081459045,16.5932995478312,18.4405600229899,25.2985083262126,11.1483735243479,36.2572922176785,36.7510210673014,36.5504616631402,36.3355116844177,3.56090820911858,16.099486430486,18.3260786268446,0.596122426912189,149.157455444336,0,0
2013,12,"32",53.5500011444092,0.0365677376686096,43.6565,13.7885,5.70075571353619,17.5542097727458,13.6354334831238,15.2637011845907,12.3458914279938,38.3120101928711,38.4853826522827,38.5884273529053,38.35838804245,-0.290745512023568,-0.322172398120165,1.81399586945772,-0.347834638599306,0,54.6930160522461,9.7900505065918
2013,12,"33",11.4499998092651,0.0365677376686096,43.3796666666667,13.719,4.71498116850853,16.261128531562,19.8899463017782,25.907782236735,11.3767805894216,36.5459495120578,36.7175661722819,36.6267507341173,36.290851910909,6.8243317272928,18.7984048128128,28.1733638975355,3.76557870022953,738.355712890625,0,-1
2013,12,"34",21.9499998092651,0.0371780376296997,43.3601666666667,13.893,5.70001914182047,17.5952694416046,15.900113940239,22.2674914995829,11.9506037831306,37.0625502268473,37.8695178031921,37.8749122619629,37.450676202774,0.44103256581972,3.80591787397861,8.31363445520401,-0.281512374058366,1022.10876464844,591.747192382812,-1
2013,12,"35",80.2000007629395,0.0372354776260376,43.4508333333333,14.2065,5.15411139297485,16.5548555056254,12.9537846247355,14.4595534536574,12.9426605304082,38.6359659830729,38.65673716863,38.6840711169773,38.7431559562683,-0.173364467297991,-0.164125051038961,-0.083748587872833,-0.199054909132731,0,0,0
2013,12,"36",52.25,0.0365677376686096,43.6953333333333,13.7165,5.75470776557922,17.5893232981364,13.6857433319092,15.3736333847046,12.2838173389435,38.2945606231689,38.4759284973145,38.5816018422445,38.3523965835571,-0.328966882824898,-0.320606527850032,1.38213662570342,-0.409261493058875,0,27.346508026123,3.82851123809814
2013,12,"37",16.6999998092651,0.0365677376686096,43.105,13.9293333333333,5.36933907001249,16.9156318505605,18.6453620195389,25.5673322677612,11.5155916213989,36.8449894587199,37.0828115940094,37.2166021664937,36.745272397995,3.78404085745569,12.061275318265,18.3343255519867,1.13639253564179,4156.66943359375,656.316223144531,-1
2013,12,"38",71.0999984741211,0.0372354776260376,43.3751666666667,14.1521666666667,5.73237417614649,16.7610758940379,13.1295980215073,14.6843876043955,12.7923917770386,38.572968006134,38.6200523376465,38.6762787501017,38.6407923698425,-0.210553334405025,-0.311120023019612,0.0279634065227583,-0.263936128467321,0,0,0
2013,12,"4",15.2999997138977,0.0365677376686096,45.1045,12.3818333333333,5.27631787393914,16.4502382278442,17.6936289469401,23.3167913224962,10.0696620941162,34.7446568806966,35.7796227137248,35.5600248972575,35.801410039266,1.53312486906846,-1.01173417766889,3.80662367741267,1.84298319462687,10498.2412109375,1123.83264160156,-1
2013,12,"43",11.1500000953674,0.0353471377464294,45.3823333333333,12.3978333333333,4.08923222307573,14.9038439591726,20.1482322216034,24.8058876991272,9.80197438597679,34.8787266413371,36.207405090332,36.1779511769613,35.895591378212,6.09383154970904,19.7329913824797,32.9833015203476,7.21490408142563,961.888366699219,367.780853271484,35.8890075683594
2013,12,"44",20.3999996185303,0.0365677376686096,45.4651666666667,12.7116666666667,5.27016503392285,16.565157201555,18.1829691727956,23.5861163669162,10.4835371176402,36.0601430469089,37.5194644927979,37.20904329088,37.3306578795115,1.74259286911951,3.59739085783561,9.82537729210324,2.31232955830637,0,574.276672363281,77.47265625
2013,12,"46",22.8000001907349,0.0292513181350708,44.9073333333333,12.6065,6.44283430916922,17.4490729967753,15.5934220552444,21.1836689313253,10.6501204371452,36.5824149449666,37.6609845161438,37.5210466384888,37.388490319252,-1.28634068730753,-1.73632842302322,-1.51335874386132,-1.5109092136845,4273.3115234375,581.17041015625,-1
2013,12,"48",7.75,0.0292513181350708,44.0531666666667,12.6203333333333,4.64784031022679,15.2597436904907,20.7114520072937,26.0326503117879,10.1020061969757,34.4429098765055,35.3997707366943,35.3390512466431,34.4675965309143,8.23308932905396,30.134944498539,36.3250393867493,2.3059138096869,273.491943359375,34.1864929199219,2.63235998153687
2013,11,"49",26.3500003814697,0.0365677376686096,43.5751666666667,13.7706666666667,5.40329935815599,17.7684539159139,15.0154588222504,20.1436514854431,11.973562836647,37.2805722554525,38.0802252292633,38.0682984987895,37.6945163011551,0.217083950837453,3.35994017403573,6.86199139555295,-0.126612084684893,109.386032104492,382.851104736328,56.6619644165039
2013,12,"5",26.0500001907349,0.0365677376686096,45.1473333333333,12.5206666666667,3.43929737433791,16.7906738122304,15.634703874588,21.0811632474263,10.1734018921852,36.698584874471,37.9573979377747,37.8802364667257,37.7590954303741,-0.887188868053878,-1.03806756716222,5.97532242536545,-0.281521690685622,328.158111572266,820.395263671875,118.982040405273
2013,12,"50",27.1499996185303,0.0365677376686096,43.056,14.0188333333333,5.9009995422964,17.7093644936879,15.3586546182632,21.1651856104533,12.1569548845291,37.418067296346,38.0384771823883,38.1308649381002,37.66954433918,0.351615437713917,2.42051333840936,5.59925939639409,-0.425873021304142,164.079055786133,164.079055786133,-1
2013,12,"51",32.1499996185303,0.0243760984458923,45.3338333333333,13.0703333333333,3.89202035207015,16.473087867101,15.3896572589874,18.3685297966003,10.4572798013687,37.7803920110067,38.0790209770203,38.0785902341207,38.3773890733719,-0.426951149168114,2.50048884004354,3.36950386563937,0.421932915283833,0,164.095153808594,29.7422485351562
2013,12,"53",44.1499996185303,0.0182802788345337,44.5611666666667,13.5505,1.82379529130368,17.5718435446421,15.0634454488754,17.4253338177999,12.4068142175674,38.4230567614238,38.4520282745361,38.5051695505778,38.7257932424545,0.120507429295685,1.73633079975843,2.16869675368071,0.380245381820714,0,492.333831787109,90.3706130981445
2013,12,"54",47.5,0.0365677376686096,44.2193333333333,12.9748333333333,4.07445967102051,17.1063307444255,13.5684560775757,15.9801040649414,11.5179042816162,38.3139720916748,38.3686653137207,38.4737213134766,38.4875859260559,-0.36468831639116,-0.64068583920598,2.60819908976555,-0.503214465640485,27.346508026123,1148.55334472656,-1
2013,12,"55",15.4000000953674,0.0219420786010742,45.3843333333333,12.4695,4.37574319133052,15.5547697703044,19.2655530929565,24.2077699025472,10.0613387346268,35.1369379679362,36.9471225738525,36.6504065195719,36.4049537658691,2.04510999023914,7.80585270933807,18.3154461542765,3.2805081281811,1230.51232910156,1230.51232910156,112.750946044922
2013,12,"56",29.25,0.0243760984458923,45.3358333333333,12.8793333333333,3.16773769145703,16.5475669436985,15.5472411314646,19.2819413079156,10.1526794433594,37.4170486662123,38.0713570912679,38.0910821490818,38.219003200531,-0.0701772339719658,2.7900568395853,4.43798623813523,0.592603147223902,41.0237884521484,1312.76123046875,193.828704833984
2013,12,"57",29.5,0.0365677376686096,45.079,12.7296666666667,3.39846363849938,16.8192180792491,14.6015207767487,19.0778854688009,10.2475563883781,37.560533841451,38.2863719463348,38.203161239624,38.2614407539368,-0.45064828315905,-0.942153334617615,3.94430957734585,-0.511196927183846,27.346508026123,574.276672363281,76.4456558227539
2013,12,"58",38.2999992370605,0.0365677376686096,45.3485,13.2511666666667,3.09299276595892,16.6071196397146,15.8876960277557,18.4253988265991,10.7305282950401,37.622398853302,37.9412064552307,37.9709092775981,38.3801800012589,-0.03529018877695,2.67480731755495,3.453136185805,0.645810633854126,0,574.276672363281,81.7113647460938
2013,12,"59",34.6499996185303,0.0365677376686096,44.6848333333333,12.7733333333333,5.41295841383556,16.8962684631348,13.9836354255676,18.081184387207,10.7735407829285,38.0096633911133,38.3564359664917,38.3522304534912,38.4346877098084,-0.722974596700321,-0.869874918460846,2.54865772525469,-1.30766140446067,109.386032104492,218.772064208984,17.6593551635742
2013,12,"6",31.3500003814697,0.0231626785232544,45.2575,12.887,3.83344791152261,16.5082185109456,15.0179743766785,18.9988297780355,10.2365360736847,37.7306709289551,38.1793388366699,38.1686829884847,38.328373336792,-0.381589115162691,1.43383183646947,4.01064668893814,0.396305959613528,0,431.728973388672,74.6891098022461
2013,12,"60",43.8000011444092,0.0182802788345337,44.676,13.4828333333333,1.92996953309528,17.5034305254618,14.5623862743378,17.4232783317566,12.0116146206856,38.3112082481384,38.3529672622681,38.4793224334717,38.6370183229446,0.0184105482185259,1.29386772587895,2.32418195406596,0.327228749200003,0,1094.0751953125,186.594528198242
2013,12,"61",32.7000007629395,0.0365677376686096,44.4558333333333,12.6611666666667,5.83789202299985,17.3340220451355,13.8748346964518,18.1887356440226,10.9738068183263,37.8108185662164,38.3769056002299,38.3353491889106,38.0777370134989,-0.980043992755883,-0.852846636747321,3.7863691598177,-2.15880426640312,0,136.732543945312,18.0486965179443
2013,12,"62",35.25,0.0365677376686096,44.4506666666667,12.7313333333333,5.66858232483383,17.0779097080231,13.7405556440353,17.5147331555684,11.1219144463539,38.023547967275,38.3858997821808,38.3720046679179,38.3269126415253,-0.797061552798065,-0.797905693762004,3.19922551761071,-1.55616236757487,65.6316223144531,98.4474258422852,8.75075531005859
2013,12,"63",15.0999999046326,0.0243760984458923,44.2053333333333,12.6011666666667,5.67151310667396,17.1363791624705,18.1550339460373,24.9794058799744,10.6880663633347,35.4387132326762,37.2158923149109,36.4786046346029,36.2256731987,-1.01531788085898,0.867743968963623,19.4034229119619,-2.53849086444825,5249.1943359375,206.661193847656,46.7475662231445
2013,12,"64",9.55000019073486,0.0365677376686096,44.1438333333333,12.5195,4.12572463708265,14.9658339818319,21.216394106547,26.2435870700412,10.0503565470378,34.116908815172,35.0829458236694,35.1969155205621,34.1123693784078,7.63912993628118,22.829990208149,38.279705842336,11.1539783552289,109.386032104492,27.346508026123,1.50405788421631
2013,12,"65",15,0.0365677376686096,44.0841666666667,12.761,5.5579354422433,16.713378016154,18.2124109268188,24.9182558695475,10.6161592006683,35.3261999766032,36.9268518447876,36.2115043640137,36.1350234985352,3.22286610156298,1.33446695804596,21.6493520418803,-2.53439587596804,3281.5810546875,437.544128417969,54.3580703735352
2013,11,"66",19,0.0365677376686096,43.5988333333333,13.6725,5.0705701789856,16.9563003381093,17.3265855312347,24.3562919298808,11.3805929422379,36.4290733337402,37.2205295562744,37.0901314417521,36.7916530370712,0.944717310369015,9.6597127020359,13.6586601932844,-0.236477801343426,4457.48095703125,1093.8603515625,167.573638916016
2013,12,"67",45.5,0.0365677376686096,43.3433333333333,13.9893333333333,6.23753098924031,17.5907096862793,13.8326332092285,16.4885395050049,12.4384464263916,38.0744332631429,38.4806787490845,38.5544057210286,38.2002064704895,-0.4063771468432,-0.183442123234272,1.81932240823905,-0.609403453022242,0,54.6930160522461,12.9348983764648
2013,12,"68",14.5999999046326,0.0358999977111816,42.904,13.9728333333333,4.28813179334005,16.9282662073771,18.7837462425232,25.7709698677063,11.6023080348969,36.8771146138509,37.0612101554871,37.2469533284505,36.7766715288162,3.82479703007266,10.8644469901919,17.9672104517619,0.836846406105906,1838.44006347656,417.827301025391,-1
2013,12,"69",65.6500015258789,0.0372354776260376,42.6703333333333,14.2531666666667,5.89633058744764,17.6319434377882,13.6257065137227,15.4162179629008,13.1974823872248,38.3920391930474,38.6033072471619,38.6545991897583,38.4463161627452,-0.33856953214854,-0.0601939371554181,0.764235813209477,-0.487174477272977,0,26.8561058044434,3.65243053436279
2013,12,"70",26.2000007629395,0.0370990576347351,42.5831666666667,14.2316666666667,5.06164530723814,17.8390588760376,15.9212645292282,21.4873723983765,12.2708266973495,37.4385701815287,37.8888137340546,38.0571537017822,37.597346663475,0.367524543777108,3.26582433283329,6.09748002390067,-0.251776468707249,107.819442749023,269.548614501953,-1
2013,12,"71",15.5,0.0365677376686096,42.2661666666667,14.564,4.0475706778282,17.3808080885145,19.4887708028158,25.6973758273655,12.210918267568,37.2080692715115,36.954914410909,37.5330924987793,37.274840037028,5.52602452950345,15.3056835730871,14.2183977762858,7.32697943892951,1668.13696289062,218.772064208984,-1
2013,12,"73",19.5999994277954,0.0365677376686096,42.0956666666667,14.8831666666667,5.00861644744873,17.6630782445272,18.8849660873413,25.339463297526,12.2461863517761,37.4975210825602,37.3077507019043,37.7456489562988,37.5129145622253,3.37625443885724,9.87991126775742,11.93744819959,1.41492283698171,246.118576049805,984.474304199219,-1
2013,12,"74",15.75,0.0365677376686096,42.3165,15.0808333333333,5.21032130718231,15.9169166088104,13.4373030662537,14.1965289910634,13.7316274642944,38.7352604866028,38.706182718277,38.7360569636027,38.7242249250412,-0.1129511037531,-0.0567584681557491,-0.0224642716202652,-0.246206727810204,847.741760253906,546.93017578125,43.5924377441406
2013,12,"75",70.75,0.0365677376686096,42.0393333333333,15.4638333333333,5.33333349227905,17.3050150871277,14.5098878542582,15.4198762045966,13.0902944803238,38.3542727364434,38.669490814209,38.7380348841349,38.2094140847524,-0.410488798978602,-0.124535044228348,0.612975666842734,-0.708648439496756,0,0,0
2013,12,"76",19.9499998092651,0.0365677376686096,41.9933333333333,15.6738333333333,5.56030048093488,18.1980821291606,15.7201991081238,19.9217357635498,12.6355158090591,38.0045197804769,38.4828748703003,38.3542470932007,37.9729559421539,-0.219063296914101,0.788777492940426,2.86731827259064,-0.805047853849828,0,27.346508026123,4.64890623092651
2013,12,"8",10.9000000953674,0.0365677376686096,44.8261666666667,12.4786666666667,7.12239227623775,16.6141095161438,17.6304123401642,23.9840370814006,10.3642734289169,34.2942473093669,34.7498741149902,34.9970121383667,35.1124887466431,3.78270019094149,12.8907953351736,12.840954468896,2.6996063105762,8203.9521484375,82.0395278930664,-1
2013,12,"9",33.3500003814697,0.0365677376686096,45.3431666666667,12.9321666666667,3.73730288412338,16.529962793986,15.4402117729187,18.8943354288737,10.2147206783295,37.5518576304118,38.0881467819214,38.1112747192383,38.2643769264221,-0.206686699142059,2.66456941962242,3.90615995327632,0.516092238220881,54.6930160522461,109.386032104492,12.6887798309326
2013,12,"45",23.0500001907349,0.0109710393005371,45.5705,13.543,3.94294039836297,16.18616716067,17.4586864709854,21.3040350278219,10.0168497562408,37.0749470392863,37.6178181171417,37.6309011777242,38.0720016956329,1.19030018282744,4.32306354492903,4.20251222451528,1.44983621139545,0,0,0
2014,11,"1",17.8499994277954,0.0341265378242493,45.4196666666667,12.549,4.85131813798632,17.6659807099236,20.5155425071716,24.5598313013713,12.423114935557,35.4156993230184,36.1854360898336,35.9864800771077,35.9109285672506,2.89056474009218,17.7159810264905,15.9655280974176,4.87944588290217,0,644.659545898438,99.5706024169922
2014,11,"10",35.5,0.0365677376686096,45.0981666666667,13.2446666666667,2.17546780626903,18.3692253430684,16.4800961017609,19.5438793500265,12.9629415869713,37.7582532564799,38.0235705375671,38.0103367169698,38.2148863077164,0.353192513653388,3.4261369407177,2.79162468512853,0.407035495780292,0,902.434753417969,105.557518005371
2014,11,"12",21.0499992370605,0.0365677376686096,44.8413333333333,12.544,6.89401466296269,18.7657411893209,18.8884070714315,22.5643282996284,12.5931357542674,36.0210523605347,36.4536424477895,36.4101297060649,36.295761346817,0.200329114165571,2.10920520996054,3.17373270789782,0.554621994029731,3801.16455078125,2187.720703125,243.039352416992
2014,11,"13",35.4500007629395,0.0372354776260376,44.6131666666667,12.7443333333333,5.2076797072343,18.3894094467163,16.3461669921875,19.2886206309001,13.0851900577545,37.91051902771,38.0517377853394,38.2341515858968,38.0890425682068,-0.718847293282549,-0.507658612448722,1.19872706656655,-1.01684396583587,0,80.5683212280273,11.1452836990356
2014,11,"14",40.5,0.0365677376686096,44.727,13.0881666666667,3.40427217187808,17.8064626852671,15.9252153635025,18.5153625806173,13.2345712184906,38.0703743298848,37.9640002250671,38.2313172022502,38.2766356468201,-0.0828635764288871,1.27598080015741,1.29595220523576,-0.140307450688852,0,1941.60205078125,245.735717773438
2014,11,"16",8.05000019073486,0.0179499988555908,44.2758333333333,12.387,4.33775049448013,16.6811486085256,22.4023942947388,25.1673695246379,12.0411783456802,33.5654142697652,34.1057693958282,33.8187899589539,33.9058166742325,0.33223452915748,13.951612830162,19.9855184803406,0.439123548567295,389.972137451172,55.7103042602539,4.12256288528442
2014,11,"17",20.1999998092651,0.0358999977111816,44.3423333333333,12.5555,6.16376922296923,19.0394455591838,20.0073745727539,23.5306084950765,13.5202390670776,36.5791979471842,37.5967294692993,37.1970597585042,36.9614360809326,1.22117791107545,4.14222412928939,7.42369997700055,-0.992687860131264,334.261840820312,2116.99169921875,242.246047973633
2014,11,"18",41.3999996185303,0.0365677376686096,44.3905,12.848,4.85507369041443,18.2127511342367,15.9186635017395,18.1111614227295,13.4074615001678,38.0935549418132,38.2459251403809,38.3705832163493,38.221244430542,-0.274726462014951,1.25220375061035,0.650566059847673,-0.492371901823208,0,54.6930160522461,9.98147583007812
2014,11,"19",47.25,0.020111178717804,44.4566666666667,13.1591666666667,2.05708252466642,17.5969767040677,15.4594323635101,17.3514688279894,13.4992226759593,38.2064359452989,38.1442216237386,38.356350156996,38.2621557712555,-0.0684862648550835,1.59463249604839,1.95611887507968,0.0386976039929626,0,944.748168945312,153.049209594727
2014,11,"2",14.0999999046326,0.0365677376686096,45.6195,13.1456666666667,4.32896827137659,17.2931172847748,20.8892590999603,24.8842560450236,12.5010482668877,35.4136589368184,35.5591073036194,35.4791054725647,35.9060624837875,6.29972396076967,19.4224361181259,20.583462079366,7.84803164936602,0,1476.71142578125,232.117156982422
2014,11,"21",19.3999996185303,0.0365677376686096,44.1505,12.7566666666667,6.04996907433798,18.7814481258392,19.5016422271729,23.0943319002787,13.5040130615234,36.6967873573303,37.7114977836609,37.2872484525045,37.089787364006,1.27887984955062,8.40070963650942,10.2659273147583,-0.286644261330366,82.0395278930664,2023.6416015625,254.855285644531
2014,11,"22",55.6499996185303,0.020721478678894,44.41,13.6553333333333,2.21529427979344,17.3270721435547,15.4710034370422,16.9623719533285,14.1576785087585,38.2852383931478,38.2488101959229,38.3874980926514,38.3692511558533,0.0901057152155166,1.83324019610882,1.5899529616038,0.144960128201637,0,96.5182037353516,30.4514923095703
2014,11,"23",59,0.0121916392227173,44.3376666666667,14.0283333333333,2.19127901210341,17.1641713460286,15.0538685798645,16.6545177459717,14.228258895874,38.2847366333008,38.2602773666382,38.3863800048828,38.4252133369446,0.0117554235116889,1.53586457967758,1.25289135773977,0.0759130204096437,0,410.117126464844,87.9291152954102
2014,11,"24",14.9500002861023,0.0365677376686096,43.921,13.356,5.58833320268238,17.821369489034,15.6802544593811,16.9673862457275,14.0321100354195,38.120626449585,38.3703594207764,38.4265406926473,38.2357901334763,-0.308441508483763,0.123206314980052,0.782027563235412,-0.295287125118193,136.732543945312,628.969665527344,75.6034698486328
2014,11,"25",22.4499998092651,0.0365677376686096,43.9693333333333,13.0771666666667,5.74273732964319,18.4479108174642,18.737424659729,22.4481201171875,13.4979070186615,36.7254614512126,37.4425682067871,37.1240446726481,37.0442447662354,1.10363625486692,5.56603816747665,9.25227613449097,-0.224127859435976,0,1093.8603515625,139.713317871094
2014,11,"26",58.5499992370605,0.0365677376686096,44.0508333333333,13.3276666666667,3.71787647562703,17.1877038319906,15.2798532485962,16.2523171106974,13.9518917560577,38.3042940775553,38.4203475952148,38.4397387186686,38.3748077392578,-0.132864625953759,-0.225384869624395,0.214822390923897,-0.185759769554716,0,902.434753417969,106.432609558105
2014,11,"27",13.6500000953674,0.0365677376686096,43.7973333333333,13.1863333333333,5.01897884353878,17.1709952354431,20.6196048259735,24.71808385849,12.5302849411964,35.4142980575562,35.6177678108215,35.1543296178182,35.9146229028702,4.82769774397214,20.5854852497578,24.4997272094091,4.9526609480381,246.118576049805,1558.7509765625,176.078216552734
2014,11,"28",24.8500003814697,0.0365677376686096,43.7843333333333,13.3913333333333,5.76211585185325,18.3307902018229,17.6468518972397,20.7232309977214,13.7323958277702,37.0828326543172,37.7965455055237,37.5455325444539,37.4219398498535,0.515003055954973,5.14141983725131,5.73732317487399,0.276265561813489,0,875.088256835938,112.859031677246
2014,11,"29",47.25,0.030471918057251,43.7403333333333,13.6103333333333,5.57235553741455,17.8701754252116,15.4865934371948,16.9087818781535,14.2087695598602,38.0378653208415,38.367918586731,38.4091920216878,38.1915419578552,-0.32500037997961,0.41099736886099,0.822639937947194,-0.181675095483661,0,229.719696044922,26.5818500518799
2014,11,"3",15.6999998092651,0.0121916392227173,45.642,13.4903333333333,3.05390651546307,17.8289539813995,20.0764975547791,24.2443181673686,12.5276455879211,36.7993170420329,37.0855188369751,37.2100647290548,37.3281853199005,2.64756037884702,8.76539686322212,10.0075965623061,3.71181438793428,0,1476.42163085938,260.506408691406
2014,11,"30",72,0.0358999977111816,43.9738333333333,14.3251666666667,3.05970974080265,16.9097959200541,14.764172077179,15.7045021851858,14.5582006573677,38.3181791305542,38.4409472942352,38.4411377906799,38.5107825994492,-0.131463870444956,0.844713574275374,0.521871188655496,-0.175953135185409,0,27.855152130127,11.1699161529541
2014,11,"31",13.9000000953674,0.0280378982124329,43.593,13.6098333333333,4.77636659362099,17.4918508529663,19.6620998382568,24.3236433664958,12.9134265184402,36.1208901405334,36.3727436065674,35.7558493614197,36.6815929412842,3.06855067362388,15.8261987864971,15.9316341479619,2.26001006737351,0,1604.97045898438,171.018508911133
2014,11,"32",72.2999992370605,0.0358999977111816,44.032,14.4935,2.74277719786001,16.9881942749023,14.8461695671082,15.9166394551595,14.4901803970337,38.3145442962646,38.4225885391235,38.4338022867839,38.5201307296753,-0.0347550763438145,1.09961475282907,0.827884332338969,-0.126792527735233,0,83.5654602050781,20.7242336273193
2014,11,"33",11.6500000953674,0.0365677376686096,43.3686666666667,13.7268333333333,4.77498936880203,16.8787894778781,20.6904242833455,24.9562049441867,12.7670041720072,35.9693794250488,36.3154010772705,35.7528540293376,36.5698367754618,6.53727697581053,20.3007435798645,25.6211846139696,5.13530195883747,656.316223144531,246.118576049805,30.3087120056152
2014,11,"34",21.8999996185303,0.0365677376686096,43.3845,13.8796666666667,5.57568676024675,17.8910899480184,18.1750886917114,22.2209410349528,13.6067072868347,36.8806827545166,37.3528701782227,36.9403212229411,37.326802444458,1.25536261995633,6.09191043376923,8.7924932996432,-0.119131831079721,0,464.890625,57.5097045898438
2014,11,"35",79.9000015258789,0.0365677376686096,43.4486666666667,14.2075,5.1605972208718,16.30407594045,14.6751324653625,15.2346324284871,14.6375573158264,38.4369103749593,38.4404935836792,38.4707846323649,38.4505294799805,-0.104073291644454,-0.057139765098691,-0.0506352388144781,-0.207884170301259,0,0,0
2014,11,"36",89.6500015258789,0.0358999977111816,43.6906666666667,14.8233333333333,2.55760500717163,16.8934477965037,15.0237729549408,15.3926530679067,14.6536846160889,38.3622179031372,38.4357030391693,38.4926250775655,38.4926462173462,-0.133901081144965,0.0607671212114838,0.189143196849424,-0.197011840064079,0,0,0
2014,11,"37",16.1500000953674,0.0365677376686096,43.1331666666667,13.9043333333333,5.3046708863879,17.3970771789551,19.7685888290405,24.7734816233317,13.1362762928009,36.4547964731852,36.845929145813,36.1842404683431,36.9610125541687,3.53383564576507,12.8997968912125,17.2056955337524,2.90920909839915,54.6930160522461,1422.01843261719,217.534622192383
2014,11,"38",71.8000030517578,0.0365677376686096,43.3825,14.1705,5.61827361016046,16.5443832397461,14.8018576622009,15.4714851379395,14.6959959983826,38.4168778737386,38.4273950576782,38.4707516988118,38.4342778205872,-0.132575354352593,-0.0837646931642666,0.0787827977988248,-0.266692520678043,0,27.346508026123,3.33627390861511
2014,11,"4",15.5999999046326,0.0365677376686096,45.1105,12.3816666666667,5.26927420400804,18.173965215683,18.902676820755,23.2098207473755,12.0908574461937,35.2225909233093,35.4171071052551,35.3602185249329,35.6376614570618,0.826520293951035,-2.57396014872938,0.146065172894547,0.933626927551813,5797.45947265625,5770.11328125,-1
2014,11,"43",9.59999990463257,0.0365677376686096,45.3831666666667,12.3905,4.03763952210685,16.6378086407979,21.345794916153,24.7224087715149,12.0790103673935,34.8690144220988,35.0851604938507,34.7921714782715,35.2011151313782,6.61048406983415,34.1887772530317,28.3474797904491,9.5151888653636,1968.94860839844,1777.52307128906,181.806579589844
2014,11,"44",19.4499998092651,0.0365677376686096,45.4668333333333,12.7095,5.30243853450746,18.3515547646417,19.6177825927734,24.0625626246134,12.530069231987,36.2749489678277,36.7999612490336,36.7901657952203,36.7007339795431,1.86039901866267,9.95444925626119,12.0699710845947,2.559862852407,0,164.079055786133,26.9636573791504
2014,11,"46",25.5,0.0359574377075195,44.913,12.6298333333333,6.25835323694981,19.1081405215793,17.9785281817118,21.6060525046455,12.7675536076228,36.9551840888129,37.3652846018473,37.3884617487589,37.2413251399994,-1.38506728907426,-1.5602776085337,-1.73253802458445,-1.74740179938575,2808.87622070312,3031.36157226562,369.513092041016
2014,11,"47",28.2999992370605,0.0195008787567139,44.5971666666667,12.5453333333333,6.02820697197547,18.9990090529124,17.5984899997711,21.2140277226766,13.034762263298,37.236180305481,37.9415709972382,37.8908546765645,37.6519918441772,-1.17889404700448,-1.31539467349648,0.0249587274156511,-1.48035033151973,102.559478759766,1281.99340820312,158.450286865234
2014,11,"48",9.90000009536743,0.0311181180160522,44.0805,12.6025,4.75897714724907,16.6378893322415,21.6415462493896,24.9692698584663,11.8662983576457,34.1192908816867,34.5314982732137,34.3621037801107,34.560175259908,6.96286529589755,26.573500007391,30.4428146680196,4.26407264918089,771.254821777344,160.678085327148,16.8631858825684
2014,11,"49",30.4000005722046,0.0365677376686096,43.5861666666667,13.7361666666667,5.33250124247994,18.0388749440511,17.967312335968,22.1580673853556,13.5490286946297,36.7730631828308,37.3766376972198,36.918949286143,37.2145437002182,1.27248233277351,7.11880956590176,8.50132794181506,0.572007631635643,0,246.118576049805,35.6051559448242
2014,11,"5",25.3499994277954,0.03900893751297,45.1551666666667,12.5075,3.601059762761,18.5759512583415,17.7026237487793,22.0079891204834,12.2937029838562,36.8339656829834,37.5821014404297,37.5786631266276,37.2406267166138,-0.411409788578749,1.41303602457047,5.89054376582305,-0.899472951050848,0,769.054504394531,120.613380432129
2014,11,"50",28.0500001907349,0.0329131179016113,43.0558333333333,14.0241666666667,5.95908546447754,17.868531703949,17.545533657074,21.1244257291158,14.0448526740074,37.2895863850911,37.7938785552979,37.4666250546773,37.6895747184753,0.122590310871601,3.31868988322094,5.07832123587529,-0.494623612612486,0,212.68115234375,33.8770713806152
2014,11,"51",31.1999998092651,0.0358999977111816,45.3361666666667,13.0815,3.86341571446621,17.6925030814277,17.3518021901449,20.3858240975274,12.3681223392487,37.3430275387234,37.9021368026733,37.9395961761475,37.7681164741516,0.471600870550093,3.94421600053708,4.43994617462158,0.895544761985851,0,194.986068725586,28.9136486053467
2014,11,"53",44.1000003814697,0.0152718590263367,44.5686666666667,13.549,1.80684478390486,17.7195688247681,15.4378838539124,17.9533788045247,13.6093852519989,38.2068852742513,38.0497625350952,38.2648643493652,38.2724968910217,0.176678868569434,2.19327522516251,2.20763294696808,0.355741877295077,0,589.319213867188,133.25163269043
2014,11,"54",48.2000007629395,0.0365677376686096,44.2405,12.9766666666667,3.6983224209398,17.9207476774851,15.5985230207443,17.2029708226522,13.6664780378342,38.2031278610229,38.3502373695374,38.3927919069926,38.3250353336334,-0.243743686238304,1.47653038240969,0.338166855624877,-0.256622980872635,0,1804.86950683594,202.801696777344
2014,11,"55",16.1499996185303,0.0365677376686096,45.3888333333333,12.4743333333333,4.41828267082913,17.3372308095296,20.6079500198364,24.5287489573161,12.3783988952637,35.2757569630941,36.1206878662109,35.8766721089681,35.8033428192139,2.40003407572707,17.6679774433374,15.5911283572515,4.03954060599208,410.197631835938,2351.7998046875,258.558258056641
2014,11,"56",29.0999994277954,0.0378960375839233,45.329,12.9043333333333,3.62361315916513,17.6864787419637,17.5055101394653,20.9232372283936,12.1557938098907,37.2411231994629,37.752197265625,37.8690682729085,37.6229025840759,0.327308042782048,4.99326186180115,4.58520356019338,0.719362530112267,0,554.147583007812,96.6855621337891
2014,11,"57",29.8000001907349,0.0365677376686096,45.0733333333333,12.7323333333333,3.46069907245779,18.4230372111003,16.9516317844391,20.8003877003988,12.5271930098534,37.3374813397725,37.8259439468384,37.91712474823,37.8560928106308,-0.358689395089944,1.20863924920559,3.37109370840093,-0.604606859153137,27.346508026123,793.048706054688,107.143615722656
2014,11,"58",38,0.0365677376686096,45.3513333333333,13.2425,3.07999337538508,17.7748524347941,17.5021026134491,20.5355164210002,12.4999249577522,37.4315344492594,37.8780834674835,37.8905596733093,37.8314328193665,0.471607144737694,3.8059880360961,4.76851472258568,1.23053896447527,0,1148.55334472656,152.894332885742
2014,11,"59",34.6500015258789,0.0365677376686096,44.7033333333333,12.765,5.58437599096083,18.3083832263947,16.4283730983734,19.4410227139791,12.9783038496971,37.8741763432821,37.9849870204926,38.1749469439189,38.109109044075,-0.940127258499463,-0.552491050213575,1.05853033601306,-1.1224173901137,27.346508026123,218.772064208984,26.759801864624
2014,11,"6",29.8500003814697,0.0268172982902527,45.257,12.89,3.89039474083827,17.8968110402425,17.355567741394,20.8001094818115,12.2578792095184,37.3045879364014,37.8182905197144,37.9303204854329,37.7249489784241,0.113196271657944,4.36002031564712,4.03152058521907,0.206092500843806,0,522.051086425781,92.030143737793
2014,11,"60",43.5500011444092,0.0182802788345337,44.6735,13.4896666666667,1.91159236243391,17.7205247243245,15.4708799362183,17.91397412618,13.3802098274231,38.1394302368164,38.0191995620728,38.2699274698893,38.2632994651794,0.196285496388252,2.35986995697021,2.40315470298131,0.465010104014073,0,820.556396484375,170.29280090332
2014,11,"61",32.3500003814697,0.0358999977111816,44.4695,12.6556666666667,5.80419606940691,18.7660859425863,16.7598445892334,19.8878518422445,13.2787401676178,37.613560740153,38.1431480407715,38.1960833231608,38.0076586723328,-0.669099687536557,-0.109709613770247,1.62938732430339,-0.980372590571642,27.855152130127,111.420608520508,14.6239547729492
2014,11,"62",35.3999996185303,0.0365677376686096,44.4536666666667,12.7248333333333,5.69998317211866,18.5441070397695,16.291582942009,19.0277713139852,13.2817974090576,37.8918663660685,38.1766531467438,38.3211433092753,38.1251386404037,-0.638014206817994,0.486078403890133,0.733819865000745,-0.824077327619307,0,82.0395278930664,9.95412826538086
2014,11,"63",15.1500000953674,0.03900893751297,44.218,12.588,5.70865796702777,18.4942569732666,21.6483480453491,25.6228724161784,13.2207374572754,35.7313143412272,36.7754222869873,36.123823928833,35.9277579307556,0.786778887112935,12.6098197385669,12.9371512830257,-0.897279566526413,461.432708740234,897.230285644531,113.653495788574
2014,11,"64",10.0999999046326,0.0353471377464294,44.14,12.5286666666667,4.22700024495083,16.6796402931213,22.0059127807617,25.1473256746928,11.9377263188362,34.0278638203939,34.5079016685486,34.323700428009,34.4425582885742,5.81779307282219,28.6173280477524,32.37382320563,6.15565334260464,452.653350830078,198.035842895508,15.173376083374
2014,11,"65",15.4000000953674,0.0239381184738159,44.092,12.7585,5.67292332270789,18.1128828048706,21.1660423278809,25.0315121968587,12.7749607563019,35.6336898803711,36.3201433181763,35.729921468099,35.802027797699,2.53724100639423,13.6160579543561,18.0577369689941,-0.43848762512207,0,1253.23132324219,167.932983398438
2014,11,"66",19.25,0.0365677376686096,43.5925,13.6808333333333,5.08345044504,17.7398948033651,19.0545391082764,23.7444477081299,13.1239746570587,36.3564779917399,36.7936790466309,36.1760013580322,36.8670254707336,1.64871898343166,10.3261960864067,11.9366832415263,0.691575895249844,0,2078.33471679688,260.639556884766
2014,11,"67",47.8500003814697,0.0365677376686096,43.3655,14.3251666666667,4.4740500752888,16.2554229736328,14.6356476783752,15.0936142603556,14.6549615383148,38.4495929718018,38.4631464004517,38.4766131083171,38.4930397033691,-0.0932440355420113,-0.035168610844994,-0.075061896633512,-0.194643948227167,0,109.386032104492,10.7745237350464
2014,11,"68",14.8499999046326,0.0365677376686096,42.9118333333333,13.9785,4.33586507373386,17.4330711364746,19.7722120285034,24.8886807759603,13.2391784191132,36.5531298319499,36.9952952861786,36.3423879941304,37.0567877292633,3.27695347368717,11.5900066494942,15.6608440876007,2.72469889069907,273.465087890625,1230.59289550781,174.017501831055
2014,11,"69",64.9500007629395,0.030471918057251,42.6761666666667,14.2478333333333,5.9371455536514,17.2427787144979,15.3217448234558,15.9806183497111,14.7157901287079,38.0636371612549,38.3398950576782,38.367200978597,38.2506726264954,-0.362196181217829,0.0786218805238605,0.426470873248763,-0.602427176525816,0,98.451301574707,9.09033679962158
2014,11,"70",28.1499996185303,0.0365677376686096,42.5918333333333,14.2308333333333,5.10820146212502,17.9020460446676,17.613689661026,21.1020803451538,13.9206827878952,37.3098923365275,37.8127727508545,37.391960144043,37.6635353565216,0.298002410912886,3.53592350240797,5.46428499122461,0.266370459925383,0,164.079055786133,24.6938972473145
2014,11,"71",15.0999999046326,0.0365677376686096,42.2656666666667,14.571,4.09128998120626,17.8295591672262,19.6334478855133,24.4544157981873,13.5365809202194,37.0393702189128,37.3849432468414,36.4883224169413,37.4929460287094,3.58575270697474,11.8708450645208,13.1669273972511,4.69103376966086,0,1121.20678710938,157.762008666992
2014,11,"72",93.3500022888184,0.0365677376686096,42.2623333333333,15.3213333333333,5.57715056403991,15.6671943028768,14.5599994659424,14.6102476755778,14.811025094986,38.5306989034017,38.5205158233643,38.5864111582438,38.5807721138001,-0.0671208734003206,-0.0531676588580012,-0.00497594091963644,-0.256716254167259,0,0,0
2014,11,"73",19.6000003814697,0.0365677376686096,42.0906666666667,14.887,5.00861644744873,17.8954171498617,19.3964742660522,24.5105958302816,13.407136964798,37.1190793355306,37.533465385437,36.7340966542562,37.55234375,2.65574498822292,9.69986742734909,11.6759052912394,3.72916153324768,0,136.732543945312,19.2792873382568
2014,11,"74",15.8999996185303,0.0365677376686096,42.3148333333333,15.084,5.1934757232666,15.7118135293325,14.556455373764,14.6156434218089,14.8068551421165,38.5347898801168,38.5155601501465,38.5865770975749,38.5881085395813,-0.0702110722583408,-0.0484110650722869,-0.0124202020172864,-0.259930019965395,0,437.544128417969,57.9745941162109
2014,11,"75",69.4500007629395,0.0365677376686096,42.036,15.4803333333333,5.34444459279378,16.8159198760986,15.5673532485962,15.8899714946747,14.111711204052,38.1046861012777,38.3637561798096,38.4937019348145,38.1152549982071,-0.441710105786721,0.0199332443880849,0.254911507635067,-0.67155384644866,0,27.346508026123,5.11379718780518
2014,11,"76",20.1499996185303,0.0365677376686096,41.9933333333333,15.6803333333333,5.57028021968779,17.8100592295329,16.8688564300537,19.4540901184082,13.6859067678452,37.8258968989054,38.1563849449158,38.060523668925,37.8812615871429,-0.196032808705543,1.24110314249992,2.52542945245902,-0.12262396980077,0,683.662719726562,97.0527572631836
2014,11,"8",10.25,0.0377883375907898,44.8361666666667,12.4836666666667,7.14113528078253,18.2126881281535,20.0482482910156,23.8677317301432,12.3207854032516,34.3568614323934,34.3740050792694,34.3826874097188,34.6539618968964,3.78171602884928,8.39910202473402,13.1751447518667,5.12367430701852,19159.349609375,2487.53979492188,-1
2014,11,"9",33.0999984741211,0.0377883375907898,45.3526666666667,12.9296666666667,3.6139674441505,17.6409734090169,17.535783290863,20.9861385027568,12.1475329995155,37.233110109965,37.7324316501617,37.8521815935771,37.6029236316681,0.394142984024559,4.86200984753668,4.80431418617566,0.782787819276564,0,1058.52758789062,140.625396728516
2014,11,"45",23.9499998092651,0.0120767592300415,45.5706666666667,13.5485,4.01275448248937,17.5471277236938,19.007594871521,22.9170430501302,12.1142816066742,37.165827814738,37.4188037872314,37.6004651387533,37.5349092483521,1.05712954686023,3.34195685982704,5.41343573729197,1.93867363780737,0,496.822021484375,128.842514038086
2015,11,"1",18.3500003814697,0.0365677376686096,45.4213333333333,12.5508333333333,4.87024144942944,15.6514586766561,19.4368267059326,25.3571517944336,10.478946018219,35.9659241994222,36.1606575012207,36.3252629597982,35.5319428443909,4.06863609353701,13.9054462194443,17.8043609460195,5.35435348972678,27.346508026123,601.623168945312,81.125617980957
2015,11,"10",35.6000003814697,0.0365677376686096,45.1126666666667,13.2515,2.2026137477569,16.6219201087952,15.1212683916092,19.5205512046814,11.1246690154076,38.0527118047078,37.7082321643829,38.0072565078735,37.8531472682953,-0.12672296911478,1.48464783281088,2.94193883736928,0.469838666846044,0,191.425552368164,26.7722301483154
2015,11,"12",21.1999998092651,0.0372354776260376,44.8416666666667,12.5446666666667,6.89401466296269,16.9427560170492,16.3548759619395,22.7455715603299,11.0335628986359,36.4086543189155,36.0223135948181,36.6145269605849,36.1017852624257,0.740996904671192,-1.54454714804888,4.72960896624459,0.0525017406325787,4162.6962890625,322.273284912109,89.6481704711914
2015,11,"13",35.2999992370605,0.0365677376686096,44.6191666666667,12.7528333333333,5.17757283523679,16.9637999534607,13.6066092650096,17.6765581766764,11.2070117394129,38.0903915829129,37.6400526364644,37.9096627765232,37.8468741575877,-0.687582746148109,-0.287075879673163,1.57679824944999,-0.6722167126912,27.346508026123,164.079055786133,24.8853206634521
2015,11,"14",40,0.0365677376686096,44.7213333333333,13.089,3.33187677711248,16.8444622039795,13.3570383071899,16.8873266855876,11.3486874103546,38.3849478403727,37.7421670913696,37.9974323272705,38.016704750061,-0.287341461516917,0.850438828766346,1.21715175356561,0.13508785367012,0,1394.671875,178.982894897461
2015,12,"16",8.59999990463257,0.0182802788345337,44.2726666666667,12.3895,4.32646774354382,14.2937882741292,22.3282464345296,26.7849125332303,10.2105656862259,33.1869532267253,33.599001566569,34.973818037245,33.2190953890483,0.969445629252328,17.7300999164581,24.9474224249522,0.744373362511396,54.7037620544434,0,0
2015,11,"17",20.8000001907349,0.0182802788345337,44.3265,12.5705,6.24569943547249,17.7012046813965,16.7861220359802,22.6895207722982,11.5706650257111,37.1040939331055,37.1417158126831,37.5122495015462,36.5854099273682,0.46991716225942,0.805288112163544,12.3783573150635,-1.8938039125409,3172.81811523438,984.667663574219,82.4242477416992
2015,11,"18",41.4499988555908,0.0365677376686096,44.385,12.853,4.77718961058241,17.2118760744731,13.4009016752243,16.1321658293406,11.6702129244804,38.1669858296712,37.7576668262482,38.0772471427917,38.0275844335556,-0.387359648942947,0.969089018879458,1.20913504684965,-0.156735782889882,27.346508026123,711.009216308594,134.171798706055
2015,11,"19",47.5,0.03900893751297,44.4433333333333,13.1615,2.1048717321828,16.979877948761,13.215106010437,15.5462120374044,11.7905803918839,38.4238929748535,37.7703320980072,38.1764028867086,38.0996879339218,-0.130139137928685,1.34570627938956,1.76379029701153,0.144021001760848,0,461.432708740234,65.0107421875
2015,11,"2",13.5999999046326,0.0365677376686096,45.617,13.1323333333333,4.38572289608419,15.9516710917155,20.3039258956909,25.4454694112142,10.7783676147461,36.316010538737,35.9236358642578,36.0309446970622,35.7576968193054,6.78607873916626,15.845231962204,19.395165570577,6.7002312541008,54.6930160522461,1039.16735839844,143.630462646484
2015,12,"21",19.5500001907349,0.0365677376686096,44.1431666666667,12.7621666666667,6.04410911741711,17.5628681182861,17.5599888563156,23.9399852752686,11.3572692871094,36.6908388137817,36.9232425689697,37.187091032664,36.2795763015747,1.1194974463433,5.95825538085774,13.3540300528208,-0.888305275468156,6918.66650390625,1777.52307128906,212.438873291016
2015,11,"22",56.8999996185303,0.0121916392227173,44.4031666666667,13.6533333333333,2.24872748565674,16.1740308125814,14.0012437820435,15.2518669764201,12.7295322418213,38.3894458770752,38.2081848144531,38.2882115681966,38.1464050292969,0.0216311910073273,0.95079480484128,1.3946984231472,-0.063625212199986,0,984.281066894531,163.144592285156
2015,11,"23",57.8500003814697,0.0182802788345337,44.3273333333333,14.0536666666667,2.2141857119917,15.6858249664307,13.5640735626221,15.0256642659505,12.9250248908997,38.3841200510661,38.2985553741455,38.2972721099854,38.2055163383484,-0.0579662770450038,0.682532435283065,1.45287264585495,-0.132151965750381,0,328.222564697266,71.6619262695312
2015,12,"24",15.3499999046326,0.0365677376686096,43.9236666666667,13.3533333333333,5.5608669557879,17.1036933263143,13.7636468410492,15.3656945228577,12.3266599774361,38.16570409139,38.1250989437103,38.2625904083252,37.9175269603729,-0.180219599695799,0.0735387615859509,2.6325075874726,-0.259917426286847,1613.44396972656,218.772064208984,30.2719745635986
2015,12,"25",23.1500005722046,0.0365677376686096,43.973,13.0768333333333,5.77562142562866,17.7010012467702,16.1044937372208,21.2721827824911,11.7980472445488,37.3463683128357,37.4505703449249,37.5446308453878,36.92924284935,0.385707887277628,4.03906012699008,7.41903926928838,-0.409086543135345,601.623168945312,574.276672363281,63.7317199707031
2015,11,"26",59,0.0365677376686096,44.0533333333333,13.333,3.64890600564912,16.1483894983927,13.2004985809326,14.5583342711131,12.3075681328773,38.3373928070068,38.1932384967804,38.3138397534688,38.1818534135818,-0.164010991575196,0.0218699914075842,1.14466917701066,-0.221729415025038,0,546.93017578125,83.0786972045898
2015,11,"27",14.0500001907349,0.0365677376686096,43.7973333333333,13.1931666666667,5.0364264793396,16.0232170422872,20.375378370285,25.8039809862773,10.9533598423004,35.7923185030619,35.5317482948303,36.2069183985392,35.3731023073196,4.35240610751013,19.4657231271267,21.31587211291,5.15835237666033,601.623168945312,711.009216308594,131.2490234375
2015,12,"28",27,0.0365677376686096,43.8031666666667,13.3781666666667,5.90974321365356,17.5241289774577,15.7885224342346,20.4840838114421,11.9806957244873,37.3242941538493,37.6322387695312,37.7221936543783,37.0379453659058,0.543004250278076,3.4057683698833,6.16514955361684,-0.0126546058803797,82.0395278930664,164.079055786133,22.7618560791016
2015,11,"29",41.8999996185303,0.0365677376686096,43.7261666666667,13.6078333333333,5.42612866684794,17.3718573888143,14.4498853683472,17.3761611302694,12.4389859199524,37.7925113677979,37.9997735977173,38.1180047353109,37.5365585327148,0.0646705084169904,1.47575108259916,3.73610173861186,-0.32218099697493,0,136.732543945312,33.308048248291
2015,11,"3",14.7000002861023,0.0121916392227173,45.643,13.4961666666667,3.10668752229575,16.3406622409821,18.6655189990997,24.2326747576396,10.9112301468849,37.5502325693766,37.2504577636719,37.3109594980876,37.246880531311,3.30405727215111,7.51466912031174,9.64216287930807,3.4129810128361,0,1230.35131835938,220.971099853516
2015,11,"30",71.1000022888184,0.0365677376686096,43.9773333333333,14.3481666666667,3.01675900679368,16.8537567456563,13.4452778100967,14.6076378822327,13.2997366189957,38.5901414553324,38.2918572425842,38.3639117876689,38.3386619091034,-0.1170172325025,0.048358400043071,0.783109485482176,-0.224088118993677,0,27.346508026123,3.8011646270752
2015,11,"31",13.5,0.0372354776260376,43.5788333333333,13.6143333333333,4.7633219439574,16.2997802893321,19.4315047264099,25.4476866722107,11.3356669545174,36.4584089914958,36.1380796432495,36.6791173617045,36.1779471635818,2.29762394229571,16.0606466531754,15.8102626403173,1.13189470482757,1369.66137695312,107.424423217773,21.2227783203125
2015,11,"32",71.3500022888184,0.0365677376686096,44.039,14.5091666666667,2.76194838377146,16.6265692392985,14.1555129051208,15.0436758677165,13.1865686416626,38.5706843058268,38.3751323699951,38.3813415527344,38.3163062095642,-0.0903456075737874,0.361899913381785,1.0754012554884,-0.182029124698602,0,82.0395278930664,17.3650321960449
2015,12,"33",11.4500002861023,0.030471918057251,43.385,13.714,4.67797429436132,15.685559908549,21.0056479771932,26.466521581014,11.1483468214671,36.6374151441786,35.8243233362834,36.3416720496284,36.1205507914225,4.90483130100701,21.7246676286062,26.8070878982544,6.71138706554969,492.256500244141,32.8171005249023,5.16409015655518
2015,12,"34",21.6500005722046,0.0372354776260376,43.381,13.8806666666667,5.58770051956177,17.0174406687419,16.7048048973083,22.1625306447347,11.9685196876526,37.189772160848,37.4218572616577,37.6800086975098,36.9919456481934,0.753046514739011,6.66677984595299,8.41593708992004,0.57714225249365,0,161.136642456055,29.1388759613037
2015,12,"35",79.5499992370605,0.0365677376686096,43.4371666666667,14.2123333333333,5.22016080474854,16.5049425760905,12.959743976593,14.8140457789103,13.4550624370575,38.5855810801188,38.3796375274658,38.5049967447917,38.3584518432617,-0.130717094056308,-0.0649274765281007,-0.00836325511336327,-0.287807055562735,0,0,0
2015,12,"36",52.3999996185303,0.0365677376686096,43.7015,13.7053333333333,5.76895949123352,16.8232209947374,13.7268948554993,15.2953923543294,12.6943012475967,38.1602304246691,38.2246940930684,38.342065387302,37.8723905881246,-0.261242448559238,0.121102801834544,1.80723282280895,-0.421572950148402,0,246.118576049805,56.8807334899902
2015,12,"37",18.2000007629395,0.0365677376686096,43.0918333333333,13.9448333333333,5.43403341340237,16.3941792170207,18.3528500556946,24.2987795511882,11.8212155818939,37.0533011118571,36.7972185134888,37.2808409372965,36.7622790336609,2.41888001300395,10.3278386831284,12.1788970470428,2.07826338708401,54.6930160522461,191.425552368164,27.0183506011963
2015,12,"38",71.2000007629395,0.0365677376686096,43.3803333333333,14.161,5.67331802941919,16.6832922617594,13.1009492874146,14.9854361216227,13.3635736942291,38.5461025238037,38.3680080413818,38.4932537078857,38.2644474029541,-0.146911043487489,-0.140032788552344,0.0762049575025837,-0.353713335096836,0,54.6930160522461,7.6296763420105
2015,11,"4",15,0.0195008787567139,45.1175,12.3683333333333,5.21003018926691,16.3843409220378,18.0706275304159,24.8633545769585,10.4335252443949,35.5632563696967,34.9194965362549,35.6527989705404,34.9757580757141,2.21551162832313,-2.83420970539252,12.7641316917208,4.12769649457186,14959.5380859375,2404.84301757812,-1
2015,11,"43",10,0.0341265378242493,45.3801666666667,12.3918333333333,4.0667247215164,14.4243306318919,20.8605167865753,25.770255724589,10.0169374346733,35.5369917551676,35.4540827274323,35.9126992225647,35.0905574560165,5.77618075037996,23.899499475956,29.1245280901591,10.2824047263712,468.843322753906,908.383972167969,116.564094543457
2015,11,"44",19.8999996185303,0.0365677376686096,45.4703333333333,12.7143333333333,5.36650741822792,16.5132362365723,18.7025415420532,24.9645933787028,10.9564329147339,36.8115005493164,36.8243562698364,36.9720161437988,36.4142660140991,2.57510196814934,8.69099044799805,12.288810078303,3.46048338413239,27.346508026123,492.237152099609,85.2664108276367
2015,11,"46",20.8999996185303,0.0438841572021484,44.9081666666667,12.636,6.20332814776708,17.1050123850505,14.6911637306213,20.7282915751139,11.028061914444,37.7330811818441,37.4478469848633,37.6073858896891,37.3004424095154,-1.32081261525551,-0.88797030877322,-0.761101275853192,-1.71621209681034,5765.17822265625,1184.93786621094,219.228469848633
2015,11,"47",28.25,0.0365677376686096,44.5703333333333,12.5476666666667,5.94305037334561,17.2686554590861,14.8906891822815,20.1569409688314,11.3143317699432,37.5519798278809,37.4445476531982,37.7618451436361,37.3051480293274,-0.878715153038502,-1.17595990598202,2.96444089909395,-1.89667931050062,984.474304199219,328.158111572266,52.0285224914551
2015,12,"48",9,0.0182802788345337,44.0575,12.6243333333333,4.67527083346718,14.9111266136169,21.6835589408875,26.6132392883301,10.2699564695358,34.4123477935791,34.3279147148132,35.5016975402832,34.0589981079102,4.4917781422846,28.6323516070843,32.733678817749,5.46308463811874,109.407524108887,0,0
2015,11,"49",26.0500001907349,0.0402223574356079,43.5758333333333,13.7706666666667,5.40366890299039,17.4625301361084,15.262338757515,19.7698973019918,12.2499837875366,37.4542187054952,37.7979700565338,37.9397268295288,37.2513601779938,0.0890951345985134,3.34884992614388,5.94918524225553,0.164237065298948,0,422.650512695312,82.3174057006836
2015,11,"5",25.5,0.0182802788345337,45.1458333333333,12.5225,3.40709396719023,16.3705512152778,15.3156927426656,22.184055964152,10.4952851136525,37.5622073279487,37.3676414489746,37.5829338497586,37.0773547490438,-0.332959886847271,0.382343098521233,5.90672404236264,-0.457127985234062,0,1039.37145996094,168.049957275391
2015,12,"50",25.1500005722046,0.0365677376686096,43.0523333333333,14.0125,5.80641327059366,17.0260480880737,16.1675342559814,21.3454369862874,12.4171806335449,37.4022583007812,37.5468286514282,37.8807647705078,37.2478417396545,0.838631457649171,5.10946843102574,6.9395361383756,1.08329560738057,0,164.079055786133,30.0811595916748
2015,11,"51",31.5,0.0365677376686096,45.3328333333333,13.0683333333333,3.89872032031417,16.1462989648183,15.3970332145691,20.340797106425,10.6141853928566,37.8932646115621,37.5746026039124,37.846549987793,37.527706861496,-0.141361409022162,1.86962764710188,3.22633283336957,0.611320649972185,0,0,0
2015,11,"53",44.6000003814697,0.0176197188766479,44.5566666666667,13.5593333333333,1.84981143379968,16.8539934794108,13.6559412002563,16.449879137675,12.1448879241943,38.4804328918457,37.8148349761963,38.1885531107585,38.0715135574341,0.081964419883055,1.67537497282028,2.32350668509801,0.279468670662027,0,510.791320800781,82.0103912353516
2015,11,"54",47.75,0.0377883375907898,44.2376666666667,12.9766666666667,3.74772022292018,17.132833480835,13.2254387140274,15.3836558659871,11.9871460199356,38.269341468811,37.8773589134216,38.184067885081,38.1266852617264,-0.298307368298993,0.708335250565142,0.943338753034671,-0.11011326875564,0,714.506164550781,101.062919616699
2015,11,"55",16.4500002861023,0.0365677376686096,45.3843333333333,12.4636666666667,4.37486666577463,15.3353753407796,19.455711555481,25.3839908599853,10.2978902339935,35.9611306508382,36.1248865127563,36.2681180318197,35.5205260276794,2.72232014772793,14.0342387199402,17.8569994131724,5.36567156799138,1121.20678710938,1367.32543945312,163.526168823242
2015,11,"56",28.5999994277954,0.0365677376686096,45.3296666666667,12.8926666666667,3.46375647027984,16.0926713943481,15.6174161434174,20.7185427347819,10.4801360964775,37.8279623985291,37.5761134624481,37.7428771654765,37.4310768842697,0.0562085101846606,2.27884707972407,4.26824399332205,0.512323444942012,0,382.851104736328,75.8318634033203
2015,11,"57",29.6999998092651,0.0365677376686096,45.0765,12.7295,3.42535798624158,16.1359346707662,14.7250112295151,20.1160359382629,10.4606999158859,37.8816897074382,37.5954678058624,37.707706451416,37.5124920606613,-0.40436114774396,-0.578086642315611,3.97578094402949,-0.151098896749318,0,601.623168945312,70.2258377075195
2015,11,"58",37.7000007629395,0.0365677376686096,45.0341666666667,13.2445,2.00824242599251,16.7392223358154,14.4229488372803,18.5446352640788,11.1040209293365,38.1043121337891,37.7463991165161,38.0285792032878,37.9364609718323,-0.336252720405658,0.826305592805147,2.07764981637398,0.163201152987313,0,300.811584472656,39.5157051086426
2015,11,"59",34.5500011444092,0.0365677376686096,44.6945,12.7766666666667,5.44796254653339,16.7796187718709,13.5919689178467,17.9048764546712,11.0805482387543,38.1175090789795,37.6628768920898,37.8789004007975,37.8385687828064,-0.930717610319455,-0.336604471609462,1.22015198071798,-0.718798985192552,0,136.732543945312,24.5845108032227
2015,11,"6",29.9499998092651,0.0182802788345337,45.26,12.8848333333333,3.83223921912057,16.0843475341797,15.414036655426,20.4211410522461,10.5211156845093,37.9032072703044,37.5863311767578,37.7527254740397,37.4879940986633,0.0222540993243456,1.85663810968399,4.2253071864446,0.488821495207958,0,437.630096435547,85.0096435546875
2015,11,"60",42.4500007629395,0.0182802788345337,44.6686666666667,13.488,1.90707679494979,17.0699501037598,14.0523721694946,16.6367688496908,11.5174452781677,38.4666404724121,37.7753248214722,38.1785537719727,37.9790102958679,-0.180049405774723,1.96144505143166,2.29539665381114,0.297911971781286,0,1203.48278808594,252.348449707031
2015,11,"61",32.5499992370605,0.0365677376686096,44.4666666666667,12.6588333333333,5.81700197730477,17.3924591064453,14.1247776031494,18.1788998921712,11.5262900829315,37.8952648162842,37.6322038650513,37.9054337819417,37.6949868202209,-0.63585190375646,-0.0904476292431355,2.37564143339793,-1.26050326619297,164.079055786133,273.465087890625,39.096076965332
2015,11,"62",36.2999992370605,0.0365677376686096,44.4511666666667,12.7395,5.6144759523587,17.2645502726237,13.6355037689209,17.099969736735,11.4997210502625,38.0608610788981,37.6845693588257,37.974315516154,37.8911070823669,-0.626403546954195,0.386557861696929,1.46542364954948,-0.679960464825854,27.346508026123,273.465087890625,40.6916007995605
2015,12,"63",15.1500000953674,0.0365677376686096,44.1951666666667,12.6136666666667,5.70725341796875,17.4923369725545,18.6808952331543,25.2950424194336,11.205712556839,36.1090460459391,36.4579195022583,36.8334641774495,35.5787426948547,0.709998177488645,6.24990664869547,18.1195108095805,-1.15632378607988,1394.671875,191.425552368164,18.9670753479004
2015,12,"64",10.0500001907349,0.0182802788345337,44.1563333333333,12.5126666666667,4.05000291883418,15.0606005986532,21.7926099300385,26.8355733553569,10.4201399087906,34.1033935546875,34.3842375278473,35.4990841547648,33.8612720966339,2.20012448231379,23.3139215111732,32.5226697127024,4.20375344343483,328.222564697266,0,0
2015,12,"65",15.25,0.0243760984458923,44.0851666666667,12.762,5.57863254622212,17.0615730285645,19.0303448677063,25.342982228597,10.9640255451202,35.8792788187663,36.2890525817871,36.594032796224,35.4467053413391,2.63182383552194,10.3047237277031,19.7675289789836,-0.613895926438272,1107.64233398438,205.118942260742,38.3782539367676
2015,11,"66",19.1999998092651,0.0402223574356079,43.6001666666667,13.6731666666667,5.07616091152978,16.7845021883647,18.0127780437469,24.1877784729004,11.5928550362587,36.7732315063477,36.8445611000061,37.15496301651,36.4982637166977,0.740207000325123,9.31495597958565,11.6406745314598,0.259587435051799,24.861795425415,795.577453613281,129.902877807617
2015,12,"67",49.1000003814697,0.0365677376686096,43.361,14.3293333333333,4.44467490334665,16.8073035875956,12.8542209863663,14.9077851772308,13.5938158035278,38.6675667762756,38.3741796016693,38.5391136805217,38.415544629097,-0.106446554379848,-0.0386517073493451,0.016564553254284,-0.272314960602671,0,191.425552368164,32.5423469543457
2015,12,"68",14.6999998092651,0.0365677376686096,42.9038333333333,13.9823333333333,4.49216831012035,16.2017563978831,19.5812458992004,25.4988888104757,11.703385591507,37.0123400688171,36.4208345413208,36.9929957389832,36.6053270101547,3.30924453151723,12.9407731890678,14.5131438771884,4.06084902491421,27.346508026123,54.6930160522461,6.35271215438843
2015,12,"69",65.1000022888184,0.0365677376686096,42.667,14.2543333333333,5.85524781932676,17.5250420570374,13.6040691534678,15.4109274546305,13.612938284874,38.3449256685045,38.3074847857157,38.4789424472385,38.1410175959269,-0.234839795674715,0.0172707218055924,1.30801683822129,-0.408844758135577,0,109.386032104492,27.5652809143066
2015,12,"70",25.6500005722046,0.0365677376686096,42.5818333333333,14.231,5.01435682508681,17.1649057865143,16.0856648683548,20.5918135643005,12.5239992141724,37.5740331013997,37.6130383014679,38.0321249961853,37.3535115718842,0.569384148033957,3.50456350902095,4.8213776225845,0.488595007685944,0,355.504608154297,79.2501831054688
2015,12,"71",15,0.0365677376686096,42.2673333333333,14.5728333333333,4.10032074510559,17.0179562568665,19.5235947370529,25.2435302734375,12.1279261112213,37.5954367319743,36.5450205802917,37.1371858914693,37.0730056762695,4.0341658010196,13.2252914309502,11.3602552215258,4.87069942778908,0,109.386032104492,16.4899444580078
2015,12,"72",92.25,0.0365677376686096,42.2448333333333,15.3346666666667,5.55318721910802,14.9923809369405,13.3405159314473,13.6190734439426,14.1138283014297,38.6320986217923,38.43550380071,38.4568335215251,38.4651110967,-0.034668031316768,-0.0366709781810641,-0.021918646546611,-0.228853324816252,0,0,0
2015,12,"73",21.5500001907349,0.0365677376686096,42.094,14.8768333333333,5.00861644744873,17.0230057239532,19.3125553131104,24.7120758692423,12.1396572589874,37.7110985120137,36.7087481021881,37.3059137662252,37.1973190307617,2.74483290188558,9.64478676021099,9.85126479466756,3.406521581579,0,109.386032104492,26.3620338439941
2015,12,"74",15.9499998092651,0.0353471377464294,42.3111666666667,15.0835,5.1864275932312,15.1372550964355,13.3441349029541,13.8165167490641,14.0778390884399,38.6387540181478,38.4323579788208,38.4882607777913,38.4526507377625,-0.0349361206482475,-0.0582914036698639,-0.0212008492363869,-0.257592302560806,84.8725051879883,169.745010375977,35.6771469116211
2015,12,"75",69.2000007629395,0.0365677376686096,42.0361666666667,15.4743333333333,5.34000015258789,17.228964805603,13.7686867713928,14.7474161783854,13.018625497818,38.321715037028,38.2563941478729,38.3865412076314,37.8358726501465,-0.403893841740986,0.0364401066326536,0.90414138774698,-0.558602514211088,0,0,0
2015,12,"76",19.75,0.0365677376686096,41.9943333333333,15.7031666666667,5.59029947942303,17.7831602096558,14.9145205020905,18.0452909469604,12.4884911775589,38.1039568583171,37.9127163887024,38.2665904362996,37.560605764389,0.0103101891775926,1.09066622704268,3.37803182999293,-0.518041865434498,0,27.346508026123,7.11009168624878
2015,11,"8",9.40000009536743,0.0365677376686096,44.8335,12.4808333333333,7.13807913687377,16.4196262359619,18.2770202159882,24.7439082463582,10.8006762266159,34.7094100316366,33.9695596694946,35.1132386525472,34.5076565742493,4.91744618862867,-1.68636994063854,15.8630872642001,4.11997827887535,437.544128417969,0,0
2015,11,"9",31.6999998092651,0.0365677376686096,45.354,12.938,3.65249987502596,16.0814065933228,15.5706648826599,20.7008946736654,10.4824905395508,37.8200689951579,37.5723371505737,37.766640663147,37.44517993927,-0.120003065715233,1.98913648724556,3.7841450770696,0.429919487331063,54.6930160522461,683.662719726562,108.188919067383
2015,11,"45",23.7999992370605,0.0104253593353271,45.571,13.5346666666667,3.84850847348571,16.0251238505046,17.5801627159119,23.2094993591309,10.5907994270325,37.8105163574219,37.459859085083,37.6769981384277,37.528674030304,0.984884022048209,3.93611531853676,5.12214798132579,1.89292652439326,0,383.679809570312,85.0810012817383
2016,11,"1",16.8999996185303,0.0365677376686096,45.4216666666667,12.5505,4.8812446816023,16.1429935455322,19.1885633468628,25.5198249816895,11.1833911418915,35.8118371327718,36.7288845062256,36.8614318847656,36.3956344604492,3.78644000940646,10.7919397830963,16.435230255127,4.83940059803426,0,492.237152099609,71.8939666748047
2016,12,"10",34.2000007629395,0.0365677376686096,45.1226666666667,13.2471666666667,2.31521398287553,17.1646375656128,16.0639609495799,20.8978408177694,11.6224459807078,38.2078034083048,38.2732853889465,38.2856165568034,38.1790186564128,-0.0200369332111829,1.68036882579327,3.40782669517729,0.320971657417734,0,273.465087890625,36.5896301269531
2016,11,"12",21.4499998092651,0.0365677376686096,44.8308333333333,12.539,6.90117724615199,17.5707608328925,16.7263732751211,23.8892775641547,11.8851131598155,36.4412005742391,36.5979951222738,37.036347495185,36.4588700930277,0.302730783820152,0.480629461507003,5.01504097133875,-0.678861343457053,4293.40185546875,1750.17651367188,262.955718994141
2016,11,"13",34.25,0.0365677376686096,44.606,12.7303333333333,5.2650753388038,17.1721877257029,14.8815833330154,19.972135702769,12.1889100670815,38.1755348841349,38.2313830852509,38.4329177538554,37.9069526195526,-0.715250057401136,0.0374400233849883,3.13165291647116,-0.854978417592065,0,136.732543945312,19.4433670043945
2016,11,"14",39.7999992370605,0.0365677376686096,44.7268333333333,13.0873333333333,3.39822994843694,17.0178055763245,15.6483243703842,19.6200145085653,11.9467010498047,38.4191886583964,38.4156637191772,38.4827170372009,38.2058840990067,-0.0888211104708413,1.35720992274582,3.09829379618168,-0.0157202014233917,27.346508026123,765.702209472656,89.1961441040039
2016,11,"16",8.19999980926514,0.0365677376686096,44.289,12.385,4.4908243678865,15.0802571773529,21.0285015106201,26.1565016110738,10.909387588501,33.8803456624349,34.7163271903992,35.1439638137817,34.399561882019,4.07121130079031,16.5529811307788,31.5671236912409,5.18828807771206,601.623168945312,328.158111572266,47.1174087524414
2016,11,"17",20.1499996185303,0.0365677376686096,44.3351666666667,12.5591666666667,6.19886638553998,18.1807506879171,17.1706513166428,24.3855754534403,12.1096605062485,37.0272817611694,37.356703042984,37.7075492540995,36.8058236837387,-0.724423659965396,3.41274342685938,10.750725030899,-1.71217036002781,546.93017578125,2050.98803710938,223.662292480469
2016,11,"18",40.6000003814697,0.0365677376686096,44.3865,12.8463333333333,4.86600875481963,17.4647917429606,14.8907166481018,18.4089640299479,12.4469616889954,38.3213293711344,38.3152143478394,38.5471936543783,37.9746846199036,-0.367435755926029,0.52795165926218,2.30313134590785,-0.499698947370052,27.346508026123,574.276672363281,93.7711715698242
2016,12,"19",46.2999992370605,0.0182802788345337,44.4621666666667,13.1635,2.03896389635958,17.2357563442654,15.3704671859741,17.8494806289673,12.3532094160716,38.5365878211127,38.6419863700867,38.6231899261475,38.1671370665232,-0.0278690307815042,1.07755902161201,2.65419772267342,0.114225977682509,0,820.556396484375,135.118286132812
2016,11,"2",14.2999997138977,0.0378960375839233,45.6211666666667,13.1408333333333,4.39981975441887,15.7703336874644,19.8714792728424,25.7815505663554,11.4545953273773,35.9197010993958,36.4219818115234,36.888845761617,36.3300176858902,7.46571463346481,17.4934695363045,24.6951983769735,6.07499761134386,79.1639404296875,2031.87451171875,233.690521240234
2016,11,"21",19.0500001907349,0.0365677376686096,44.1481666666667,12.759,6.04943500137329,17.9181616306305,17.0287674665451,24.1884992917379,12.1093240976334,36.8664991060893,37.3497476577759,37.6715774536133,36.8939123153687,-0.311185116569201,2.7075640487019,11.7144143382708,-0.948829888366163,191.425552368164,1422.01843261719,149.480224609375
2016,12,"22",56.1499996185303,0.0182802788345337,44.4036666666667,13.6581666666667,2.23286025486295,17.1862721761068,15.6426871299744,16.8777395884196,12.7451354026794,38.6352851867676,38.6294467926025,38.630735651652,38.4416979789734,-0.0394270479368667,1.49141166210175,1.7591309428215,0.0204037876334041,0,218.815048217773,57.5483589172363
2016,12,"23",57.8000011444092,0.0182802788345337,44.337,14.0396666666667,2.18191209504771,17.1730066405402,15.4465363820394,16.3252333535088,13.1323983271917,38.6712783177694,38.6346206665039,38.6479562123616,38.5496458212535,-0.0725614490608374,1.35199702779452,1.66602274444368,-0.0804171313066036,0,109.407524108887,18.6539821624756
2016,11,"24",14.4499998092651,0.0365677376686096,43.923,13.3516666666667,5.5818574882689,17.690006573995,14.661196231842,17.0175045331319,12.9329233169556,38.3933633168538,38.4049179553986,38.5918191274007,38.0767806768417,-0.151774183536569,0.210617444710806,2.84668412307898,-0.335896020755172,246.118576049805,1558.7509765625,177.535064697266
2016,11,"25",21.6999998092651,0.0365677376686096,43.965,13.0743333333333,5.6867893549401,17.7343353907267,16.7156195640564,23.3752493540446,12.1311059951782,36.9455005645752,37.413729095459,37.5506673177083,36.9606378555298,-0.177587017665307,4.80586711764336,11.7017061710358,-0.113679522648454,0,1011.82080078125,107.33504486084
2016,12,"26",58.5,0.0365677376686096,44.0408333333333,13.3365,3.74594953491932,17.0312957233853,14.594914038976,16.2486347092523,12.8503826856613,38.5311395857069,38.6464331944784,38.6530883577135,38.2554224332174,-0.203094518808131,0.135014058401187,1.7444432725509,-0.245986479936012,0,464.890625,54.364860534668
2016,11,"27",13.5,0.0365677376686096,43.795,13.1923333333333,5.02652783281221,16.0032324790955,19.5630447864532,25.4742213884989,11.5013507604599,36.1241140365601,35.7331581115723,36.4508970578512,35.9345506429672,4.14174580946565,21.8064114451408,25.9987647533417,5.1319685340859,355.504608154297,1750.17651367188,175.939010620117
2016,11,"28",25.25,0.0365677376686096,43.7948333333333,13.382,5.85259633552371,17.7500121858385,16.4745657444,22.6675623787774,12.3198009729385,37.2485147052341,37.6057133674622,37.7570844226413,37.1529448827108,0.0709679782804516,6.23343868553638,9.18366722928153,0.330268518145507,0,410.197631835938,43.6997222900391
2016,11,"29",43.5499992370605,0.0365677376686096,43.7276666666667,13.6146666666667,5.48760608159579,17.9139585494995,14.8543004989624,18.2870194117228,13.0593290925026,38.1553111076355,38.2995691299438,38.4907112121582,37.9949451684952,-0.20605704068051,0.908418510574847,3.07251397023598,-0.27162993082311,0,519.583679199219,75.011474609375
2016,11,"3",14.8000001907349,0.0124142192085266,45.6435,13.4935,3.07580559026627,16.5633650620778,19.1914513111115,25.1027604738871,11.4389890432358,37.318043867747,37.7829480171204,37.8277853329976,37.5580741167068,3.44919428850214,8.07012249529362,13.1189067363739,3.0683776140213,0,966.633422851562,163.199951171875
2016,12,"30",72.1000022888184,0.0352394377532959,43.9668333333333,14.3245,3.07793444071629,17.0839899698893,14.8403383255005,15.6174777348836,13.7759376525879,38.6810399373372,38.6310232162476,38.6753041585286,38.7701172828674,-0.135993529483676,0.396963506937027,0.758383627732595,-0.215132840815932,0,56.7545928955078,16.4872074127197
2016,11,"31",20,0.0438841572021484,43.586,13.6088333333333,4.76117225721771,16.409141752455,18.922069867452,25.0635715060764,11.704430659612,36.8524205949571,36.158922513326,36.7498387230767,36.4371018409729,2.20996379769511,15.119014898936,19.9191471205817,2.92006620950997,45.5745315551758,2688.8974609375,267.943481445312
2016,12,"32",70.4499969482422,0.0358999977111816,44.0373333333333,14.5126666666667,2.7647893184752,17.4291772206624,15.3588899612427,15.8189163208008,13.8644731044769,38.6986389160156,38.6054601669312,38.6609656016032,38.7902027130127,-0.0737833383803566,0.81252818852663,1.11510529369116,-0.200216651847586,0,55.7103042602539,12.6462392807007
2016,11,"33",11.0499997138977,0.0365677376686096,43.358,13.7251666666667,4.80294400073112,15.8304750654433,20.0724611282349,25.7123648325602,11.7112916310628,37.0907427469889,36.0881633758545,36.547583050198,36.3812527656555,6.86314866609044,20.6268566449483,28.4129365285238,5.20947513977687,54.6930160522461,355.504608154297,49.7003631591797
2016,11,"34",21.1500005722046,0.0365677376686096,43.3848333333333,13.8783333333333,5.55778548883837,16.9812725067139,16.9303154945374,23.1129889170329,12.3422516822815,37.3517372131348,37.4463314056396,37.8218271891276,37.2158494949341,0.879876260956128,6.22979313731194,9.27293767929077,0.712463291082531,0,136.732543945312,13.591215133667
2016,11,"35",78.9000015258789,0.0365677376686096,43.451,14.3538333333333,3.93214278259585,16.6363075574239,13.8935360908508,15.1023741563161,14.1657010912895,38.7232575416565,38.7236223220825,38.707514444987,38.8293128013611,-0.134677854832262,-0.0519577412633225,-0.0145793547853827,-0.254015266895294,0,0,0
2016,12,"36",52.6500015258789,0.0358999977111816,43.7076666666667,13.7153333333333,5.82960664935228,17.4741090138753,14.4722820917765,16.6829259660509,13.3122199376424,38.4143192503187,38.4160075187683,38.6087925169203,38.2600158850352,-0.348907366618126,0.28368407895808,1.41057775880391,-0.300769497310587,0,389.972137451172,64.3175506591797
2016,11,"37",15.8999996185303,0.0365677376686096,43.1171666666667,13.919,5.33332678579515,16.4700251685248,18.6764214833577,25.0879930920071,12.0384410619736,37.380867322286,36.6310415267944,37.1154158910116,36.8230694929759,3.07279677854644,11.3607685367266,16.3171024587419,2.65971602592617,27.346508026123,1312.63244628906,160.641464233398
2016,11,"38",71.0999984741211,0.0365677376686096,43.3785,14.162,5.67170629268739,16.7137177785238,13.8531443277995,15.4166615804036,13.821541428566,38.5816173553467,38.6213987668355,38.6776286231147,38.632797797521,-0.1770237077338,-0.143182585093503,0.252538776190906,-0.262431065086275,0,0,0
2016,11,"4",15.25,0.0365677376686096,45.1025,12.388,5.29102662658691,17.1603096326192,17.8127028942108,24.9314215977987,10.9988555908203,35.6187280019124,35.8909826278687,36.4110787709554,35.9055442810059,1.84226526319981,0.89121219702065,6.61550876498222,1.94430120382458,1613.44396972656,3117.501953125,264.665802001953
2016,11,"43",9,0.0353471377464294,45.3891666666667,12.4005,4.04123997242651,15.0998035430908,20.1944421768188,25.677933883667,10.6781147956848,35.3652437845866,36.2399652481079,36.6194044748942,35.8834504127502,6.17765401142339,18.6033877372742,24.4116601467133,7.24230514317751,1471.12341308594,1584.28674316406,136.702041625977
2016,11,"44",19.6999998092651,0.0365677376686096,45.465,12.713,5.25785596680095,17.0018059412638,18.2868808110555,25.5044887330797,11.4471836884816,36.8035727606879,37.3848765691121,37.5224212010702,37.1706938743591,2.52072702120576,6.1409616569678,10.7476890616947,2.59650352581715,0,382.851104736328,49.0049438476562
2016,11,"46",23.1000003814697,0.0365677376686096,44.9116666666667,12.6186666666667,6.36602302331191,17.8582662476434,15.9346828460693,23.0210378434923,11.9158185323079,37.4480961693658,37.636910756429,37.8048226038615,37.3502949078878,-1.6475078885754,-1.52816661943992,-0.633022839048257,-1.54550153700014,1613.44396972656,2023.6416015625,228.58415222168
2016,11,"47",25.1499996185303,0.0365677376686096,44.5748333333333,12.544,5.98464689545959,17.6108014318678,15.5179893175761,22.560791015625,12.1417940855026,37.7242907418145,37.8808245658875,38.1719493865967,37.4375077883402,-1.57783135813144,-0.743434731460487,5.92834373646312,-1.88075755164027,27.346508026123,1804.86950683594,210.737518310547
2016,11,"48",8.65000009536743,0.030471918057251,44.0596666666667,12.6296666666667,4.69013762941547,15.1587600708008,20.7501659393311,26.0439380009969,10.7422709465027,34.7779226303101,35.0204029083252,35.6924854914347,34.8734495639801,5.89851807554563,30.9809336662292,35.3178203900655,8.10132733359933,853.244567871094,820.427490234375,93.0654373168945
2016,11,"49",26.1999998092651,0.0365677376686096,43.5668333333333,13.7773333333333,5.38659644895984,17.6862494150798,15.5801922798157,20.9155190785726,12.7259999275208,37.6358006795247,37.9913343429565,38.1948853810628,37.6124541282654,0.158420514067014,2.57985999584198,6.25243244965871,0.128866154933348,0,628.969665527344,87.0165863037109
2016,11,"5",24.9499998092651,0.0182802788345337,45.1513333333333,12.5145,3.50713367498558,17.1829256693522,16.3555346488953,23.8811449686686,10.9479467391968,37.2970142364502,37.6542387008667,37.93713722229,37.369389629364,-0.874772881964842,0.88631379455328,4.93027044932048,0.10508428288158,54.7037620544434,1258.1865234375,173.86408996582
2016,11,"50",26.9499998092651,0.0365677376686096,43.0533333333333,14.0213333333333,5.90411438639202,17.3037261962891,15.8788998126984,21.7990339597066,12.7229902744293,37.6744135220845,37.8386528491974,38.1469801266988,37.5806523561478,-0.206935218438351,2.69846520200372,5.54739852249622,0.206245468296402,0,54.6930160522461,7.11009168624878
2016,11,"51",31,0.0365677376686096,45.3308333333333,13.0646666666667,3.91100464625792,16.9182764689128,16.0343799591064,22.0994679133097,11.3198816776276,37.9586888949076,38.1771783828735,38.1649621327718,38.0512776374817,-0.0644508530385792,1.91927282512188,3.90787266691526,0.529295096828719,0,27.346508026123,3.33627390861511
2016,12,"53",44.0499992370605,0.0179499988555908,44.569,13.5545,1.82365894872089,17.2619286855062,15.7828974723816,18.3021036783854,12.5003661632538,38.5841762542725,38.6178508758545,38.5874704996745,38.4097658157349,0.0487287853689243,2.20781409740448,2.47420316537221,0.27060456846375,0,334.261840820312,70.5292510986328
2016,11,"54",47.7999992370605,0.0365677376686096,44.2335,12.9811666666667,3.75287237240158,17.2917497158051,14.9570038318634,17.4594424565633,12.4688330888748,38.4136225382487,38.4735300540924,38.6055604616801,38.0333780050278,-0.216987710368509,-0.0319354198873043,2.67899697025617,-0.293201804859564,54.6930160522461,875.088256835938,92.7783203125
2016,11,"55",15,0.0365677376686096,45.3845,12.455,4.36578517469741,15.6271243413289,19.4944948196411,25.5536403656006,10.9673759937286,35.5708836873372,36.6303777694702,36.8194780985514,36.177024936676,3.55786879323423,11.2028210043907,16.0214289029439,5.28772780299187,1148.55334472656,3746.4716796875,351.260803222656
2016,11,"56",29.25,0.0372354776260376,45.3296666666667,12.8971666666667,3.51114834066647,16.7739080588023,16.1001851558685,22.9110697110494,11.0282120108604,37.850243250529,38.0593612194061,38.0828992525737,37.9073082208633,0.227132038834194,2.26389420777559,5.05109181006749,0.571626852995905,0,778.827087402344,127.861923217773
2016,11,"57",28.4000005722046,0.0365677376686096,45.0776666666667,12.716,3.31740036491276,17.1866608937581,15.6330332756042,22.1794832865397,11.1942077636719,37.9358369191488,38.0195274353027,38.1543795267741,37.9148487091064,-0.507443975905577,1.28831577971578,3.68291414380074,-0.522101778397337,27.346508026123,2215.06713867188,268.085327148438
2016,12,"58",37.2999992370605,0.0353471377464294,45.0461666666667,13.2465,1.99734280946601,17.1442937850952,15.8282471497854,20.5362345377604,11.632560133934,38.2546359168159,38.2719984054565,38.3272025850084,38.1723051071167,-0.263958139138089,1.06028837601965,2.73123196595245,0.140115734141242,0,282.908325195312,34.9674682617188
2016,11,"59",33.7000007629395,0.0365677376686096,44.4536666666667,12.7568333333333,5.48605390265584,17.3771177927653,14.8894150257111,19.2846047083537,12.385706782341,38.227314207289,38.2478049596151,38.4861805174086,37.8962217966715,-0.713665239771621,0.157762365415692,2.38238559332159,-0.687256560040017,0,382.851104736328,47.3914985656738
2016,11,"6",31.7999992370605,0.0170668589118958,45.2595,12.8805,3.7581036127815,16.9629165013631,15.6838164329529,22.6137008666992,11.1224157333374,37.9282782236735,38.1539649963379,38.1020078023275,38.0306488990784,0.0632419067124526,2.13049874305725,4.83818441232046,0.369109744991874,0,527.337829589844,96.795783996582
2016,12,"60",43.1499996185303,0.0182802788345337,44.677,13.487,1.92897375766188,17.223157564799,15.7398235321045,18.3775320688883,12.2481663227081,38.5128219604492,38.5441564559937,38.5841637929281,38.3581076622009,-0.04579022154212,2.25832940936089,2.62292828559875,0.351417633763049,0,656.445129394531,137.306442260742
2016,11,"61",31.5499992370605,0.0365677376686096,44.4601666666667,12.6596666666667,5.82785414135645,17.5399468739827,14.9836620489756,20.5172203911675,12.3881500562032,38.0723729663425,38.1146154403687,38.3947812186347,37.7417097091675,-1.14302788685179,0.241012783100208,3.25440884298748,-1.0672012787157,0,492.237152099609,59.806812286377
2016,11,"62",34.7000007629395,0.0365677376686096,44.4535,12.7646666666667,5.42223074659705,17.3448297182719,14.8965464830399,19.0713698069255,12.3835582733154,38.2532205581665,38.275449514389,38.5010592142741,37.927011013031,-0.607067737029865,0.0431506121531129,2.20544573913018,-0.651711283717304,0,191.425552368164,26.5808067321777
2016,11,"63",20,0.0365677376686096,44.1991666666667,12.6086666666667,5.70247433129258,17.2210210164388,18.8853001594543,25.5686380068461,11.5253711342812,35.7940964698792,36.6160528659821,36.7307551701864,36.0854983329773,-0.437774742643038,4.85104087606305,18.9963198105494,-0.893786079715937,1039.16735839844,1367.32543945312,192.751953125
2016,11,"64",9.15000009536743,0.0195008787567139,44.1353333333333,12.5216666666667,4.15229387737456,14.8910094367133,21.0863087972005,26.2004987928602,10.7213153839111,34.4146033393012,34.9259859720866,35.497875213623,34.6442567507426,7.39842531085014,37.1912399133046,39.073466512892,11.0857390165329,205.118957519531,102.559478759766,15.8454399108887
2016,11,"65",14.8499999046326,0.0365677376686096,44.0845,12.7601666666667,5.55967823920711,16.5704360961914,18.7910060882568,25.3840971628825,11.5855791568756,35.6819494883219,36.361990737915,36.5395186106364,36.0444397926331,1.48240142464638,10.3647916346788,21.882123819987,1.19670402880292,355.504608154297,1367.32543945312,169.766647338867
2016,11,"66",20,0.0365677376686096,43.5901666666667,13.6818333333333,5.08124746704102,16.7633767922719,17.8065128326416,24.1704398790995,11.9740152359009,37.0046432813009,36.8558189868927,37.2478268941243,36.8038532733917,0.551663051048915,8.78493149578571,13.0442219177882,1.81216608115938,0,1449.36486816406,159.375457763672
2016,11,"67",46.2000007629395,0.0365677376686096,43.3511666666667,13.9876666666667,6.24217702067176,17.4421095053355,14.498908162117,17.2600979804993,13.409979403019,38.1415333747864,38.366534948349,38.5763634045919,38.1529632806778,-0.4040773898984,0.279820230090991,1.44566513660053,-0.32605606917059,0,164.079055786133,28.686487197876
2016,11,"68",14.0999999046326,0.0365677376686096,42.9025,13.9741666666667,4.33378475294338,16.4913857777913,18.8685553073883,25.3692758878072,12.1830908060074,37.4853315353394,36.5710060596466,37.0895738601685,36.9143754243851,2.75141859178742,12.6583062708378,17.2974810202916,3.52044100416242,0,1531.40441894531,176.713134765625
2016,11,"69",62.8499984741211,0.0365677376686096,42.665,14.2508333333333,5.7995769939115,17.3748336368137,14.3607281843821,15.9426641464233,13.9798835515976,38.3378552330865,38.4864214261373,38.602016237047,38.4059649308523,-0.535454663344555,0.153127558645792,0.999215937943922,-0.303827286581509,0,0,0
2016,11,"70",25.6500005722046,0.0365677376686096,42.5786666666667,14.2353333333333,5.03619395917462,17.1894589265188,16.2830581665039,21.8431572914124,12.8497272133827,37.8147276242574,37.6467347145081,38.0025485356649,37.6074326038361,0.128251840050022,3.82033423148096,6.41857330749432,0.855131836404325,0,82.0395278930664,11.4855327606201
2016,11,"71",20,0.0365677376686096,42.2666666666667,14.57,4.08356898228327,17.1131149927775,18.7453663349152,25.0014284451803,12.7660500407219,37.9319972991943,36.6764025688171,37.3622318903605,37.4787573814392,3.65655348201593,11.2987880706787,13.3365363677343,5.72993230447173,0,492.237152099609,78.9493713378906
2016,11,"72",92.0499992370605,0.0365677376686096,42.2615,15.325,5.57681453997089,15.9806722005208,13.9956818580627,14.2783461252848,14.3887714862823,38.7793877919515,38.6650156021118,38.6682298024495,38.7606842041016,-0.0808287819847465,-0.0979026954621077,-0.0284806653896036,-0.210343718528748,0,0,0
2016,11,"73",18.1999998092651,0.0365677376686096,42.0878333333333,14.8915,5.00768294906616,17.1164669195811,18.5046772956848,24.7621404329936,12.7723379135132,38.0275767644246,36.9084615707397,37.512690226237,37.6583291292191,2.85158793379863,9.05524748563766,11.0561386148135,3.43870336178225,0,875.088256835938,133.485336303711
2016,11,"74",15.25,0.0365677376686096,42.3208333333333,15.0843333333333,5.22090580368042,16.0834471384684,14.0294604301453,14.3502263228099,14.4212832450867,38.7877833048503,38.659252166748,38.6838409105937,38.7506500482559,-0.0785411449420887,-0.11943170032464,-0.0397610558429733,-0.21745481248945,27.346508026123,492.237152099609,76.9278182983398
2016,11,"75",68.4500007629395,0.0365677376686096,42.037,15.472,5.33770507280944,17.0996654033661,14.6509573459625,15.6801093419393,13.4276570081711,38.41521803538,38.5475404262543,38.6138270696004,38.2548717260361,-0.537528685837363,-0.0338965955888852,0.50752954914545,-0.537237033480778,0,0,0
2016,11,"76",19.6999998092651,0.0365677376686096,41.9973333333333,15.7073333333333,5.59669405905927,17.9006206724379,16.0265253384908,20.8016554514567,13.0549607276917,38.3186340332031,38.2040548324585,38.3403975168864,38.051282564799,0.105456292370541,1.60437349975109,3.56193172931671,-0.17381783373033,0,437.544128417969,63.6900177001953
2016,11,"8",9.60000038146973,0.0365677376686096,44.8281666666667,12.4753333333333,7.14385865864001,17.0619495709737,18.0666482448578,24.9004564285278,11.3985022306442,34.7349042892456,34.6251049041748,35.5212144851685,34.9744882583618,4.39985581239065,4.81892599910498,13.7682990922282,1.67448631348088,2324.453125,82.0395278930664,16.2002658843994
2016,11,"9",32.1500005722046,0.0365677376686096,45.3473333333333,12.9315,3.68107871152461,16.7840559005737,16.0727336883545,22.7416666666667,11.074597454071,37.8681730906169,38.0824766159058,38.0999223073324,37.9321791648865,0.148182908445597,2.1581590294838,4.82031802336375,0.57225367785577,0,984.474304199219,113.488014221191
2016,11,"45",23.1000003814697,0.00975043937835693,45.5698333333333,13.5341666666667,3.85396411582714,16.3975001017253,18.5886976242065,24.4520576477051,11.1639257907867,37.6964820861816,38.000364112854,38.1036862691244,37.7943326950073,1.70584880107393,5.17138459682465,7.98148345947266,1.72669770810753,0,0,0
2017,12,"1",17.25,0.0365677376686096,45.4191666666667,12.5475,4.83750599622726,15.692464934455,19.4659824371338,24.8735864427355,10.0933522383372,35.6054668426514,36.7576313018799,36.1526102489895,36.5197106997172,3.3869430107168,14.10398209095,13.1069246265623,4.83685019798577,0,2187.720703125,316.495910644531
2017,11,"10",34.6000003814697,0.0356702377258301,45.1206666666667,13.248,2.29506719759268,16.6564669079251,15.8670152028402,19.86738120185,10.3507401545842,38.1327539020114,38.2174156506856,38.0779763327705,38.1967822710673,0.474010657557907,1.53545221438011,3.29337402184804,0.512031079735607,28.034574508667,196.24201965332,28.1467113494873
2017,12,"13",35.25,0.0365677376686096,44.6083333333333,12.7473333333333,5.18419075012207,16.8026245435079,14.6075115203857,18.3909611701965,10.8929517865181,37.9226800600688,38.2425518035889,38.2441838582357,38.3015319108963,-0.367256289968888,0.800455176737159,1.25637722512086,-0.907169673824683,0,191.425552368164,24.3657379150391
2017,11,"14",42.2000007629395,0.0365677376686096,44.7365,13.166,3.06266880393925,16.6735821564992,15.0289342403412,17.9530553817749,10.6988828778267,38.2458483378092,38.3463690280914,38.2320888837179,38.4250487089157,-0.137695053165468,0.775827270001173,1.48603140811125,0.180664728599368,0,957.127807617188,122.567047119141
2017,11,"16",8.29999971389771,0.0365677376686096,44.285,12.3876666666667,4.48845156776571,14.2878407637278,22.3024730682373,26.0756549835205,10.7507883906364,33.9199299812317,34.4522280693054,35.2945448557536,34.114981174469,2.89827185046549,26.4634125963785,34.6550044218699,5.36582057643682,164.079055786133,0,0
2017,11,"17",20.8999996185303,0.0371780376296997,44.3426666666667,12.5605,6.16623707488179,17.5257880687714,17.3845473527908,23.3752261797587,11.0950198769569,36.4947052001953,37.7681090831757,37.294412612915,37.1752235889435,0.124013492837548,7.45709393918514,11.7913229862849,-1.75174119696021,672.440002441406,699.337585449219,87.5683135986328
2017,12,"18",40.8500003814697,0.0365677376686096,44.3905,12.8476666666667,4.85507369041443,16.85602906545,14.2323308944702,17.2949965159098,11.3509627819061,37.9979874928792,38.2820375442505,38.3071807861328,38.4515661239624,-0.0371433690190315,0.826722044590861,1.3265626390775,-0.367721729446203,0,0,0
2017,11,"2",14.0500001907349,0.0365677376686096,45.6226666666667,13.138,4.4179569054395,15.8659874598185,19.8470657348633,25.1442765553792,10.2721045255661,36.0013071695964,36.1014600753784,35.9478579203288,36.8645894050598,6.75885460376739,17.6414753437042,18.7815921147664,7.00769636929035,0,628.969665527344,95.0291137695312
2017,11,"21",19.3500003814697,0.0365677376686096,44.1463333333333,12.76,6.04646959528327,16.8915470759074,17.6012331962585,23.6309094746908,11.2331644058228,36.2819955190023,37.6428897857666,37.1231969197591,37.1059421539307,0.610834268728892,8.73480118513107,11.686966753006,0.115723093040287,1886.90905761719,1175.89990234375,159.321487426758
2017,11,"22",56.4500007629395,0.020721478678894,44.442,13.6658333333333,2.13232484780825,15.8079456488291,14.832928776741,16.5093056360881,12.1946205496788,38.244148572286,38.2895023822784,38.2931283315023,38.6301560401917,0.0466559802104409,1.74480267614126,1.67216396828492,0.251234882918652,0,193.036407470703,27.6042060852051
2017,11,"23",57.75,0.0164565589508057,44.3356666666667,14.0438333333333,2.18243584999671,15.1820232603285,14.7308099269867,15.8479338751899,12.5402912696203,38.2204806009928,38.2567795117696,38.2691723505656,38.6665630340576,-0.0382048318731702,1.25332141915957,1.34888062294987,0.0666982503607869,0,364.596252441406,86.5916061401367
2017,11,"24",14.5499997138977,0.0365677376686096,43.9183333333333,13.0245,4.79817003011703,15.6617875099182,20.1506021022797,25.4332707722982,11.1801564693451,35.5492609341939,36.4622831344604,36.4709021250407,35.8059206008911,1.67148442752659,15.1877241432667,19.4284734725952,3.92016213692841,1750.17651367188,492.237152099609,91.7212142944336
2017,11,"25",22.6499996185303,0.0292513181350708,43.9723333333333,13.0771666666667,5.76807312738328,16.9340524673462,16.7856673240662,22.5115695953369,11.5756128311157,36.5870115915934,37.756736946106,37.2939230600993,37.2715866088867,-0.169467442234357,7.10695796012878,9.33648370901744,0.926034540706314,34.1864929199219,478.610900878906,60.4141082763672
2017,11,"26",57.6499996185303,0.0353471377464294,44.0488333333333,13.3226666666667,3.78111383483166,15.7814100265503,13.8603031158447,15.3633139292399,11.7961810588837,38.199603398641,38.3886545181274,38.405597559611,38.5242541313171,-0.161576253051559,0.291039800830185,1.01662657558918,-0.178636423069111,56.5816688537598,594.107482910156,98.9330444335938
2017,11,"27",14.1999998092651,0.0365677376686096,43.8066666666667,13.1871666666667,5.03799609250801,15.4905045032501,20.4811506271362,25.5121477444967,11.2723404169083,35.776024500529,36.1868236064911,36.6495095888774,35.8249973058701,7.19207898899913,20.5677863359451,21.638121843338,6.74244957882911,1531.40441894531,765.702209472656,90.5894088745117
2017,11,"28",25.1499996185303,0.0353471377464294,43.792,13.3853333333333,5.83519431901357,16.8545034726461,16.2161537806193,21.8047389984131,12.0845305124919,36.85355981191,37.8518972396851,37.5557998021444,37.4847148259481,-0.0841441373858187,5.52460486690203,7.52082223362393,0.954817221907433,0,367.780853271484,38.1643333435059
2017,11,"29",43,0.0353471377464294,43.7301666666667,13.6075,5.4579148888588,16.5135616461436,14.0120792388916,16.2288891474406,12.5122330784798,38.1032630602519,38.3074657917023,38.3413066864014,38.3849264383316,-0.26564256194979,1.01612603076501,1.85942440479994,-0.236522944993339,0,480.944183349609,72.8206024169922
2017,11,"3",14.9000000953674,0.0109710393005371,45.6428333333333,13.4965,3.1148475300182,16.4544662634532,18.3697664737701,24.1158385276794,10.2287859320641,37.2245116233826,37.4151518344879,37.2572827339172,37.9629632234573,3.3212131477582,7.89138859510422,9.08869313200315,3.49670601822436,0,820.341613769531,128.975921630859
2017,11,"30",71.6500015258789,0.0402223574356079,43.9655,14.3206666666667,3.08663917151023,14.6819183985392,13.9392855644226,14.7754947662354,13.0814115047455,38.3703913370768,38.3740961074829,38.3128454844157,38.7206924438477,-0.10924721272119,0.457797482609749,0.930996215840181,-0.088603805936873,0,74.5853805541992,23.9170475006104
2017,11,"31",13.25,0.0365677376686096,43.5821666666667,13.6395,4.84997699280416,15.9692772229513,18.6970262527466,24.9261433283488,11.6743986606598,36.5381660461426,36.9518899917603,37.1275833447774,36.7021994590759,2.51190109948705,11.2775654196739,13.9680064916611,2.65192430093884,273.465087890625,574.276672363281,51.3751678466797
2017,11,"32",71.25,0.0402223574356079,44.049,14.487,2.72289506715673,14.8593966166178,14.0000560760498,14.9643798828125,13.0210398674011,38.362175877889,38.3642866134644,38.2982704162598,38.7072403907776,-0.0958606501109898,0.726838201284409,1.02997572769721,-0.0268145376350731,0,198.89436340332,49.7484474182129
2017,11,"33",11.6500000953674,0.0365677376686096,43.385,13.7353333333333,4.73641508669893,15.225746790568,20.6996200084686,25.8717079162598,11.5782206654549,36.6905779838562,36.6005690097809,37.196541150411,36.6402268409729,7.09952740371227,18.3655668497086,23.947230497996,6.8876481121406,437.544128417969,54.6930160522461,9.08783626556396
2017,11,"34",23.75,0.0341265378242493,43.3636666666667,13.9036666666667,5.78899963175664,16.5897362391154,15.8374947547913,21.2513811747233,12.3355673313141,37.2218928019206,37.9011596679687,37.8800280253092,37.7107814788818,0.910265506183108,4.27802895009518,6.60974875489871,0.917126063816249,0,351.632507324219,60.8324203491211
2017,11,"35",79.6500015258789,0.0402223574356079,43.4296666666667,14.2885,4.54682246155626,14.7288363774618,13.2336418628693,14.0639191468557,12.9555679559708,38.4772229194641,38.5529546737671,38.467098236084,38.7724324464798,-0.11086112819612,-0.0752297471044585,0.138654889344859,-0.18097877613036,0,0,0
2017,11,"36",52.75,0.0365677376686096,43.7045,13.7103333333333,5.79762237622188,16.265001879798,13.8506228923798,15.7840551800198,12.640439192454,38.2147648069594,38.3282101949056,38.3890926573012,38.4576909542084,-0.24901973319033,0.607876927863496,1.66136661637574,-0.28573662461713,0,246.118576049805,54.364860534668
2017,11,"37",16.4999995231628,0.0365677376686096,43.1053333333333,13.9265,5.33503403774528,15.708148320516,19.359228849411,25.4266535441081,11.757401227951,37.0275770823161,36.9747030735016,37.5130558013916,37.0161496400833,4.41745928403301,10.9649370610714,15.6881169478099,3.64926480781287,27.346508026123,601.623168945312,83.4861679077148
2017,11,"38",69.4500007629395,0.03900893751297,43.3788333333333,14.1416666666667,5.8074007071848,15.2577766577403,13.3405945301056,14.5860743522644,12.8295375704765,38.4739554723104,38.4707946777344,38.4538817405701,38.6865317821503,-0.135843535788202,0.22080758982338,0.388519383122912,-0.197557770814456,0,25.6351509094238,5.76790857315063
2017,12,"4",15.2999997138977,0.0372354776260376,45.099,12.3898333333333,5.30931272506714,16.1181328031752,18.443741162618,24.3769685957167,10.0336859623591,35.0365977817112,35.1058282852173,35.1279131571452,35.4347125689189,3.30106827947829,11.6581686536471,4.43524721927113,1.83299627527595,6069.47998046875,1047.38818359375,173.794631958008
2017,12,"43",8.80000019073486,0.0365677376686096,45.3838333333333,12.3931666666667,4.06553811670464,14.6771519978841,21.0057947635651,25.3729647000631,10.1254916787148,35.1743442217509,35.6837220191956,35.6946229934692,35.7997955083847,6.52051812782884,32.6180657744408,25.0668212771416,14.0904403980821,902.434753417969,519.583679199219,48.1091423034668
2017,12,"44",19,0.0365677376686096,45.469,12.7161666666667,5.34497103210567,16.6482764561971,18.2881514549255,24.4188954671224,10.1077858448029,36.6649389902751,37.2127599716187,36.746271387736,37.2635557174683,2.28793410845101,7.58836824893951,11.1106064796448,2.31694753915072,0,711.009216308594,101.182083129883
2017,11,"46",23.7999992370605,0.0365677376686096,44.908,12.6208333333333,6.35188354764666,17.0777517954508,16.093173789978,22.0846017201742,10.5648030757904,37.035270690918,37.5775058746338,37.4004994710286,37.4383978843689,-0.873165156443914,-1.04436082914472,-0.959331579009692,-1.91561321225017,3937.89721679688,1613.44396972656,255.752914428711
2017,11,"47",27.8500003814697,0.0353471377464294,44.5788333333333,12.5475,5.97489466145635,17.3982297579447,15.5086244742076,20.8895407782661,10.8328857421875,37.2160769568549,38.065115292867,37.9701048533122,37.800195535024,-1.25546077897565,1.92275684202711,3.26218396482161,-2.12816415354609,763.8525390625,1159.92419433594,135.210311889648
2017,11,"48",9.25,0.0365677376686096,44.0588333333333,12.6293333333333,4.68553413391113,14.6486829121908,21.9951343536377,25.9281771977743,10.534571647644,34.6900901794434,35.094500541687,35.974939028422,34.673574924469,9.13319151848555,35.9817259311676,30.5682247479757,12.6139208748937,218.772064208984,27.346508026123,4.8950252532959
2017,11,"49",28.6000003814697,0.030471918057251,43.5771666666667,13.7831666666667,5.42960433959961,16.8711767196655,15.1845972061157,19.8130032857259,12.5540976524353,37.4264399210612,38.0698848724365,37.9598650614421,37.9402061462402,0.301824645449718,3.71267892122269,5.28870575229327,0.568255302030593,32.8171005249023,131.268402099609,27.7960834503174
2017,12,"5",24.8500003814697,0.0347081177871704,45.15,12.5093333333333,3.64588834703431,16.6255353291829,15.9561524391174,22.219352722168,9.87816205620766,37.1314636866252,37.7820954322815,37.4727142651876,37.5656613111496,-0.574783742815877,0.447393220383674,4.4096869888405,-0.791431174817262,57.6234016418457,1440.58508300781,187.168762207031
2017,11,"50",28.0999994277954,0.0402223574356079,43.0563333333333,14.0243333333333,5.95908546447754,16.7272685368856,15.6354397535324,21.0891275405884,12.3786094784737,37.4214779535929,37.8844182491302,37.987485408783,37.8078194856644,0.36865843522052,3.68291195482016,5.35354852676392,0.522649171762168,0,223.756149291992,46.7401733398438
2017,11,"51",31,0.0231626785232544,45.337,13.0783333333333,3.86618884344746,16.3976485994127,15.2088127930959,20.7939969168769,10.1322617133458,38.0104386011759,37.8354221979777,37.9284140268962,38.263463973999,0.416711014798946,2.10882440209389,3.69127117262946,0.588607994606718,0,0,0
2017,11,"53",44.4499988555908,0.0182802788345337,44.5608333333333,13.5505,1.82487753665808,16.6366748015086,14.7740734815598,17.1569457054138,11.7811164259911,38.2519788742065,38.2946717739105,38.2655231157939,38.5939983129501,0.238338489842135,2.22111791372299,2.43112922211488,0.48039647389669,0,547.03759765625,92.7228775024414
2017,12,"54",47.6999988555908,0.03900893751297,44.2375,12.9758333333333,3.75245275423508,16.5081233183543,14.1173022985458,16.3610401948293,11.5736228227615,38.1151076952616,38.3351566791534,38.3529602686564,38.5275987386703,-0.16573826991953,0.713915153639391,1.1952978487437,-0.17436895731953,25.6351509094238,948.500549316406,114.545967102051
2017,12,"55",14.1500005722046,0.0341265378242493,45.3858333333333,12.4515,4.38908435197977,15.2945013046265,19.8980127334595,25.0646266937256,10.035578083992,35.4208913167318,36.5326871871948,36.0486913045247,36.3372152328491,3.54088501185179,15.7149955272675,15.6410488923391,4.97577612921596,1846.07055664062,1172.10827636719,127.975662231445
2017,11,"56",28.8999996185303,0.0182802788345337,45.3335,12.8896666666667,3.36288652094928,16.1623848279317,15.7755787372589,21.2434600194295,9.79721468687057,37.8256142934163,37.6805510520935,37.7812774976095,38.0926480293274,0.363260512667087,2.77811684459448,4.60421974460284,0.14656854030909,0,1422.29772949219,235.226181030273
2017,11,"57",29.8000001907349,0.0353471377464294,45.0765,12.7338333333333,3.45351228827522,16.459201335907,15.1198455095291,20.5076336860657,10.1009849905968,37.8105948766073,37.9587366580963,38.0144158999125,38.0192861557007,-0.258519561650852,-0.382192820310593,3.79775394002597,-0.828347125439905,56.5816688537598,1471.12341308594,168.241821289062
2017,11,"58",37.0499992370605,0.0381257975692749,45.0476666666667,13.2506666666667,1.96629731104924,16.7340156237284,15.7489460309347,19.3893343607585,10.4383708635966,38.1619875166151,38.2976422309875,38.1185450024075,38.2404191493988,0.166641828811003,1.25199067747841,2.48159130414327,0.242663968121633,0,314.747497558594,39.527042388916
2017,12,"59",33.7999992370605,0.0362302776901245,44.6896666666667,12.7608333333333,5.56156188018562,16.7537152767181,14.7628318071365,18.7440943717957,10.6590161323547,37.9037073453267,38.2270956039429,38.2193446159363,38.2115086317062,-0.566607058979571,0.782022700994276,1.28166957432404,-1.1826331615448,0,27.6012210845947,8.36316967010498
2017,11,"6",30,0.0182802788345337,45.2535,12.8845,3.80886270648749,16.2605500539144,15.6718479156494,20.9035755157471,9.86379299163818,37.9119848887126,37.7158809661865,37.8618357340495,38.1313026428223,0.223987710848451,1.81515204533935,4.39042640129725,0.0810151544515975,0,1148.77893066406,149.45068359375
2017,11,"60",43.0500011444092,0.0195008787567139,44.6726666666667,13.4961666666667,1.9055815648663,16.5254413286845,14.6126160621643,17.2366115781996,10.9754393498103,38.2684485117594,38.2730937004089,38.2565689086914,38.4633204936981,0.148523482804497,2.24948679904143,2.46834991375605,0.456813963091311,0,769.196044921875,117.943397521973
2017,12,"61",32.3500003814697,0.0353471377464294,44.4623333333333,12.6633333333333,5.82533407950586,17.3528773519728,14.5886353651683,19.0343929926554,11.154923081398,37.6763077841865,38.1921718915304,38.2182741165161,38.1918589274089,-0.598294269707468,1.77218841016293,2.20738848464357,-1.05846409515167,28.2908344268799,113.16333770752,14.5131978988647
2017,12,"62",35.6000003814697,0.0402223574356079,44.4486666666667,12.7341666666667,5.65717529528069,17.0587763468424,14.3267534255981,18.1151374816895,11.2265998840332,37.884231821696,38.2410402297974,38.2766695658366,38.3640960693359,-0.462068287469447,0.88107596449554,1.51876014471054,-0.807901610713452,0,74.5853805541992,12.4308977127075
2017,11,"63",14.3499999046326,0.0365677376686096,44.2093333333333,12.5988333333333,5.71139917373657,16.1855181852976,19.5512092113495,25.4279367129008,11.3165799975395,35.4144269625346,37.0389976501465,36.4286298751831,36.367714881897,-0.541410041352113,10.7767653465271,18.9388418197632,-0.589531720674131,656.316223144531,136.732543945312,24.8496646881104
2017,11,"64",9.65000009536743,0.030471918057251,44.15,12.5201666666667,4.11359920501709,14.541866461436,22.1648173332214,26.0680821736654,10.844371587038,34.4163641929626,35.0956728458405,35.7638211250305,34.5741312503815,7.16741543010964,29.457108259201,31.1534595489502,11.6488590426743,196.902603149414,0,0
2017,11,"65",14.9000005722046,0.0378960375839233,44.0866666666667,12.7626666666667,5.598453104496,15.996820640564,19.5108486175537,25.2963012695312,11.0712077140808,35.5058387756348,36.8340204238892,36.3585699717204,36.1418588638306,2.92261529378593,15.1086064815521,19.6908840497335,2.2374370098114,765.25146484375,211.103851318359,27.6020164489746
2017,11,"66",18.7000007629395,0.0365677376686096,43.5905,13.6805,5.07551293902927,16.2013463338216,17.8896114349365,24.2968631744385,11.8712148189545,36.6463658650716,37.2210048675537,37.2574184417725,36.931725025177,1.99241975814415,9.04383038282394,11.9176534970601,2.17524326352868,0,984.474304199219,121.801345825195
2017,11,"67",46.2000007629395,0.0356702377258301,43.3531666666667,13.9905,6.25096331825552,16.2538967768351,13.9082123756409,16.0342998504639,12.7659657001495,38.127273050944,38.3524118423462,38.3631502787272,38.42513256073,-0.31536598422875,1.23224001866765,1.39269050955772,-0.0860854350496083,0,168.207443237305,28.2868843078613
2017,11,"68",14.3499999046326,0.0365677376686096,42.9,13.9768333333333,4.3820026272633,15.7513372898102,19.5661654472351,25.6017378171285,11.8429305553436,37.0883143742879,36.9281008243561,37.5741661389669,37.0699161291122,3.75634142911683,10.7645427286625,14.6451792319616,3.64212030312046,54.6930160522461,875.088256835938,115.592864990234
2017,11,"69",64.4000015258789,0.0377883375907898,42.6723333333333,14.2505,5.89807401763068,15.8351177639431,13.7070951461792,15.1365026897854,13.2240582704544,38.2737611134847,38.3987065951029,38.4048188527425,38.5172893206278,-0.291459791847349,1.04588522183864,1.15921481168415,-0.131199362367624,0,52.9263801574707,9.42089557647705
2017,11,"70",24.75,0.0316925179794312,42.578,14.2336666666667,4.99083808517456,16.495791832606,16.1467323303223,21.4227821032206,12.57527166605,37.4950971603394,37.6998770236969,38.0324204762777,37.8285846710205,0.598530222040912,4.33924669772387,5.58505894243717,0.97530089232896,0,410.191436767578,69.4170150756836
2017,11,"71",14.6500000953674,0.0365677376686096,42.2671666666667,14.5656666666667,4.05373730262121,16.3772964477539,20.1538413365682,25.9800779554579,12.467483997345,37.4746545155843,37.0254265467326,37.7865922715929,37.4788815180461,5.8037052427729,10.3352723121643,12.7133612632751,6.49355382619736,0,437.544128417969,55.7595291137695
2017,11,"72",91.9000015258789,0.0341265378242493,42.2606666666667,15.3225,5.57548206896821,14.1499448140462,13.196994972229,13.5389605840047,13.6082741737366,38.488981628418,38.5436168670654,38.4950560251872,38.6734842300415,-0.0679911110239724,-0.114144035615027,-0.0313571896714469,-0.147283370234072,0,0,0
2017,11,"73",18.6499996185303,0.0365677376686096,42.0886666666667,14.8895,5.00861644744873,16.5448444684347,19.1668813228607,24.9731653531392,12.5313558578491,37.661453406016,37.3203630447388,37.9581529299418,37.7084605693817,3.11741546851893,7.15270748734474,10.4329605301221,3.37226557638496,0,546.93017578125,60.2717018127441
2017,11,"74",16.5499997138977,0.0365677376686096,42.3193333333333,15.0876666666667,5.20691691207886,14.2471018632253,13.2027851343155,13.6030039787292,13.5565937757492,38.4934051831563,38.5345730781555,38.4927889506022,38.6944025754929,-0.0893290529881294,-0.127016716171056,-0.0235188246657193,-0.206010825000703,0,246.118576049805,28.0848617553711
2017,11,"75",69.1000022888184,0.0353471377464294,42.0391666666667,15.4656666666667,5.33333349227905,15.7300553003947,14.0471797943115,15.0128224054972,12.7972754001617,38.2309775034587,38.4148197174072,38.4506855010986,38.1732495307922,-0.398337843641639,1.07334565594792,1.21293092436778,-0.321092933695763,0,0,0
2017,11,"76",19.6999998092651,0.0365677376686096,41.9966666666667,15.6995,5.59060436487198,17.2168343861898,16.1611075401306,18.9461669921875,12.5299903154373,37.9491914113363,37.9817261695862,38.2776317596436,38.0088338851929,-0.0350828375667334,2.88799054920673,3.09390260775884,-0.0845062376465648,0,273.465087890625,33.8549766540527
2017,11,"8",9.65000009536743,0.0426635572799683,44.826,12.4776666666667,7.12605985690807,16.538988272349,18.8520879745483,24.6875915527344,10.571933567524,34.6688985824585,34.4476749897003,34.9102640151978,35.0525765419006,6.50641957546274,10.2786122336984,16.5798092534145,1.17084749788046,726.615417480469,46.8784141540527,6.14079904556274
2017,11,"45",23.2000007629395,0.0109710393005371,45.5713333333333,13.5395,3.9050355715345,16.149395942688,17.2234037399292,23.0696520487467,9.93710932731628,37.5660322825114,37.6746706008911,37.5865656534831,38.1651299476624,1.82235853533881,3.15115525126457,4.79947808583577,1.73996046632528,0,546.894409179688,115.212425231934
2018,12,"1",18.1000003814697,0.0365677376686096,45.4231666666667,12.5548333333333,4.91013626318712,16.0726298014323,19.4533138275146,24.8228023529053,9.98594093322754,34.9239729563395,36.8273260116577,36.2722993214925,36.3731133460999,3.90556498679022,12.9598981142044,20.3698108832041,4.85196231752634,27.346508026123,3035.46240234375,417.280364990234
2018,11,"10",34.0499992370605,0.0365677376686096,45.113,13.2486666666667,2.23935420329754,16.9654454390208,14.7838929891586,18.6220993995667,10.3804021477699,37.8346338272095,37.7580239772797,37.8668244679769,38.0368412733078,0.00907496796511017,2.46372000873089,2.38139836490154,0.40774742764188,0,218.772064208984,22.8616809844971
2018,12,"12",20.25,0.0365677376686096,44.8405,12.5506666666667,6.86217019394154,17.5412115732829,16.1990200996399,22.2170298258464,10.2556698560715,35.900062306722,36.329792881012,36.6100081125895,36.3785733222961,1.34501564341287,4.63388024270535,5.82151151448488,-0.262065792828798,7028.052734375,1859.5625,200.067047119141
2018,12,"13",33.75,0.0365677376686096,44.6116666666667,12.7491666666667,5.17371570874774,16.9894762039185,13.1050094366074,16.6911689440409,10.7669249773026,37.8020925521851,37.9278242588043,38.0465636253357,37.899275302887,-0.609307095718881,0.211483814287931,2.22272259245316,-1.18194331414998,27.346508026123,382.851104736328,43.3442153930664
2018,11,"14",40.0999984741211,0.0371780376296997,44.7401666666667,13.1596666666667,3.13281831403417,16.9622221628825,13.5174360275269,16.5953721364339,10.8651960849762,38.0089822133382,37.8956008911133,38.0432117462158,38.1178953170776,-0.0864794920819501,1.37575099915266,2.10422701040904,0.0690557937225094,0,1775.24157714844,227.741973876953
2018,11,"16",6.85000014305115,0.0365677376686096,44.2725,12.3935,4.33037006089447,15.0414756139119,23.7067575454712,27.2339146931966,9.94719839096069,33.0446876949734,33.6258618036906,34.5091063181559,33.8575700124105,6.68841780556573,13.0309122800827,39.1080375247531,5.64086424807707,382.851104736328,82.0395278930664,6.426429271698
2018,11,"17",18.1499996185303,0.0365677376686096,44.3318333333333,12.5571666666667,6.2091047158317,17.902868270874,16.987099647522,23.4292632738749,10.2353248596191,36.4742967287699,37.3729393482208,37.3013362884521,36.8484315872192,0.273894131183624,1.02580985426903,10.9085182249546,-2.23311649635434,1066.51379394531,2379.14624023438,247.860610961914
2018,11,"18",39.8500003814697,0.0377883375907898,44.3895,12.852,4.79199495725334,16.7703028519948,13.0849230289459,15.535965124766,11.0381844639778,37.9028348922729,38.0052261352539,38.1032659212748,37.9239543676376,-0.460827012856801,0.937757694162428,2.95176311333974,-0.676045002182946,26.4631900787354,317.558288574219,50.4123802185059
2018,11,"19",45.5,0.020721478678894,44.46,13.1591666666667,2.0428957246965,16.5982314745585,13.6142511367798,15.3340157402886,11.6772099335988,38.0758191214667,38.0553983052572,38.1215380562676,38.2356723149618,-0.0681555424299505,1.35154848856231,2.34023393193881,0.0979783480482486,0,868.663818359375,173.829284667969
2018,12,"2",13.0500001907349,0.03900893751297,45.6186666666667,13.1406666666667,4.35180782154202,16.2748107274373,20.8578437805176,25.2376612345378,10.1268050193787,35.5009864807129,36.875506401062,35.9804912567139,36.7488144874573,7.00485523541768,14.1691630840302,20.2967702229818,4.90003149807453,0,2204.623046875,304.853210449219
2018,11,"21",19.6499996185303,0.0365677376686096,44.1471666666667,12.7611666666667,6.04718690738082,17.6711402734121,16.9456096887589,23.2881539662679,10.1903446912766,36.4493557612101,37.4005024433136,37.3734614054362,36.7291692495346,0.058623731136322,2.60848362371325,11.0112043817838,-1.74320866912603,246.118576049805,1230.59289550781,147.698486328125
2018,11,"22",55.0500011444092,0.0195008787567139,44.4056666666667,13.6495,2.24332353701958,16.3581320444743,14.0496612787247,14.8581273555756,12.0428369641304,38.1921396255493,38.0777058601379,38.1174368858337,38.2935454845428,0.148284891697889,1.5018761176616,1.56355510900418,-0.0620598496170714,0,615.356872558594,135.686187744141
2018,11,"23",56.9000015258789,0.0195008787567139,44.3455,14.0328333333333,2.14746087789536,16.5037671407064,13.666850566864,14.6310411453247,12.3550695419312,38.2782828013102,38.0732509613037,38.0793481190999,38.3145977020264,-0.0111657044539849,1.0631977699697,1.75622901320457,-0.149225345050218,0,461.517639160156,70.0481262207031
2018,11,"24",13,0.0366179976654053,43.9156666666667,13.0241666666667,4.77928349664134,16.3508811791738,20.9227323532104,26.5394643147786,10.081861615181,35.2875626881917,35.6603891849518,36.1731376647949,35.6137193441391,0.749873717625936,9.22788221947849,20.2037256161372,0.22103490435984,791.960266113281,1611.2294921875,205.984085083008
2018,11,"25",20.4499998092651,0.0365677376686096,43.9656666666667,13.0783333333333,5.71138353273273,17.3003676096598,16.4824339866638,22.3857950846354,10.383385181427,36.4987859090169,37.3977766036987,37.3035933176676,36.773046207428,0.29889746705691,5.15369625389576,10.4426013628642,-1.07259271122748,27.346508026123,1394.671875,181.881622314453
2018,11,"26",56.8500003814697,0.03900893751297,44.0421666666667,13.3353333333333,3.74286197312176,16.0057391590542,13.0836376349131,14.1773636606005,11.5332602659861,38.0738774405585,38.1192938486735,38.1675568686591,38.1110892295837,-0.251199801403952,-0.136415749089792,1.71200745635562,-0.35636740628009,0,281.986663818359,43.964282989502
2018,11,"27",14.8999996185303,0.0365677376686096,43.8041666666667,13.1956666666667,5.06165210536269,16.3441026051839,21.0196783065796,26.293395614624,10.2194823265076,35.6477516174316,35.366556930542,36.1776521046956,35.723348903656,3.14863045314948,16.6635081827641,22.1082642555237,4.52590766400099,820.395263671875,683.662719726562,77.2538833618164
2018,11,"28",26,0.0292513181350708,43.8,13.3901666666667,5.88546861604203,17.3090343475342,15.1613932609558,20.2752676645915,10.6606699943542,36.909575398763,37.6649164199829,37.6239899953206,37.0661619186401,0.195323082307974,5.14184056194499,7.47259606520335,-0.629546816227958,0,683.729858398438,94.4572830200195
2018,12,"29",43.2999992370605,0.0365677376686096,43.7293333333333,13.6091666666667,5.4610142477097,16.5867822170258,13.1999567747116,14.7004145781199,11.3246946334839,37.8498120307922,38.0429933071136,38.131445089976,37.7890073060989,-0.444083221140318,0.182856886647642,2.34653098260363,-0.57744379574433,0,519.583679199219,77.3632736206055
2018,12,"3",13.7999997138977,0.0134050591453552,45.6398333333333,13.4866666666667,3.01796854690269,16.8842779795329,18.6784461975098,23.6322649637858,10.010468006134,37.1031968434652,37.7559225082397,37.4470012664795,37.7474418640137,3.00295663326979,6.53866605758667,7.19172087510427,2.61791504751891,0,149.197402954102,31.1822566986084
2018,12,"30",70.9500007629395,0.0394899974822998,43.9615,14.3273333333333,3.08809389254844,16.4731176694234,12.8455128669739,13.8454734484355,12.7800949811935,38.3149800830417,38.1466868718465,38.0693254470825,38.3091131051381,-0.103996797316439,-0.00742370022150377,1.22326477451457,-0.244427581783384,0,25.3228664398193,8.73638916015625
2018,12,"31",11.6499996185303,0.0179499988555908,43.574,13.6145,4.75362226366997,16.5859034061432,20.9240264892578,26.2076436678569,10.4586628675461,36.2928164800008,35.6602544784546,36.4098528226217,36.1898622512817,2.88791405533751,12.014876187779,16.632045785586,1.50859397929162,779.944274902344,1782.72973632812,242.659484863281
2018,11,"32",69.8499984741211,0.0377883375907898,44.0523333333333,14.486,2.71825066566467,16.3780822753906,13.3125834465027,13.9186040878296,12.7019094467163,38.2581759134928,38.0998777389526,38.0871184031169,38.2504622459412,-0.0496878338356813,0.198253347631544,1.50652616024017,-0.234426530916244,0,158.779144287109,30.4326686859131
2018,12,"33",11.5,0.0243760984458923,43.3496666666667,13.7398333333333,4.85926456721324,16.1591608259413,22.7103576660156,26.8729718526204,10.400997320811,36.5724177890354,35.4877824783325,36.244102689955,36.1585268974304,9.06010206540426,25.3388803799947,24.9647245407104,5.69853809724251,82.0475769042969,410.237884521484,41.3109550476074
2018,12,"34",22.3000001907349,0.0365677376686096,43.3796666666667,13.8836666666667,5.62651378600324,17.103515179952,16.8840176582336,22.7708830515544,10.7382179260254,36.9448312123617,37.1746809005737,37.5043434143066,36.9175540924072,1.15195081879695,7.99398272633553,8.69178722699483,-0.011575220245868,0,82.0395278930664,11.9504241943359
2018,12,"35",78.9500007629395,0.0359574377075195,43.4331666666667,14.2138333333333,5.23298533757528,15.2095373471578,12.3670634031296,13.8027967611949,12.0305576324463,38.198384920756,38.1844792366028,38.3006488482157,38.3020552396774,-0.248820187523961,-0.157816520659253,0.543970070158442,-0.260122649371624,0,0,0
2018,12,"36",52.1499996185303,0.0365677376686096,43.6985,13.7103333333333,5.75613535396637,16.3402428944906,13.0752227783203,14.3701709111532,11.4067940711975,37.9173638661702,38.0687091827393,38.1494116465251,37.8493235588074,-0.453061873962482,-0.00759160360321403,1.73071227073669,-0.551946915872395,0,54.6930160522461,12.1965427398682
2018,12,"37",16.1000003814697,0.0365677376686096,43.1121666666667,13.9233333333333,5.33486523966151,16.6062081654867,20.7919120788574,26.0519494374593,10.4538020610809,36.9556112925212,36.1303907394409,36.9762419382731,36.5749750137329,3.360951727132,13.2218618631363,15.2144623438517,2.13859054651111,27.346508026123,793.048706054688,114.062286376953
2018,12,"38",69.1500015258789,0.0377883375907898,43.3755,14.1476666666667,5.77223199233413,15.4657511711121,12.50501537323,13.9843900203705,11.893988609314,38.1269536018372,38.1520910263062,38.2926516532898,38.2117401361465,-0.324708614964038,-0.181744497982436,0.905590998008847,-0.32947488874197,26.4631900787354,0,0
2018,12,"4",22.1000003814697,0.0365677376686096,45.083,12.4546666666667,5.22048262293025,17.5838010576036,16.1552735964457,21.7562884224786,10.3353235324224,36.2041456434462,36.8835174242655,36.8466709984673,36.8907749652863,0.422623866444661,6.4533857073014,4.69593826350239,-0.265758600110227,4949.7177734375,2625.26489257812,254.31462097168
2018,12,"43",13.3499999046326,0.0372354776260376,45.3821666666667,12.3796666666667,4.00222719983852,15.1076679229736,21.3394751548767,25.8032027880351,9.98021906614304,34.6895618438721,36.0137040615082,35.3104489644369,35.7781170606613,6.79951007974644,25.9552354216576,43.2158426443736,9.2573083397001,778.827087402344,402.841583251953,38.1893844604492
2018,12,"44",18,0.0365677376686096,45.4683333333333,12.7113333333333,5.34812359107557,17.1958865483602,18.3672768592834,23.8047509511312,10.1987944841385,35.9538375854492,37.4534421920776,36.924559656779,37.1155059814453,2.25417954077323,6.40838267803192,12.0419031620026,2.67985216751695,0,1175.89990234375,175.373153686523
2018,12,"46",24.5,0.0365677376686096,44.8975,12.6248333333333,6.32958933023306,17.8191764354706,14.2689183950424,20.072066783905,10.3946329951286,37.2294410069783,37.6588792800903,37.7371416091919,37.5220868587494,-1.67703092594941,-1.21267322450876,-0.672925318901737,-1.5513868201524,7588.31884765625,2279.275390625,219.716323852539
2018,11,"47",26.3000001907349,0.0365677376686096,44.5718333333333,12.5466666666667,5.96248873453292,17.6989690144857,14.2806929588318,19.376709874471,10.0072056293488,37.1788201649984,37.7920780181885,37.8075469970703,37.4135953903198,-0.933343104024728,0.17184292525053,3.09267201026281,-2.37604427933693,191.425552368164,902.434753417969,116.113265991211
2018,11,"48",8.45000028610229,0.0372354776260376,44.0631666666667,12.611,4.69324880579244,15.5424738989936,22.9750124613444,27.1031538645426,9.83282709121704,34.1069895426432,34.3031587600708,35.3220053778754,34.5923223495483,4.44202144940694,21.0572987794876,32.3801751666599,10.9891438670456,1154.81262207031,134.280532836914,17.563892364502
2018,12,"49",25.1000003814697,0.0365677376686096,43.5793333333333,13.7671666666667,5.40251691942292,17.1858555475871,14.677473783493,19.3515493869781,11.0501033067703,37.1458125114441,37.6951534748077,37.7847075462341,37.2251060009003,0.155943647027016,4.05152416508645,5.82114852468173,-0.593053936638171,0,519.583679199219,65.2487640380859
2018,12,"5",23.1499996185303,0.0377883375907898,45.1491666666667,12.5145,3.55546673199603,17.2287878036499,15.0394918441772,20.641411336263,10.0132473707199,36.6760437011719,37.5383083343506,37.6580445607503,37.4780674934387,-0.505598183472951,4.41958111226559,5.32696862220764,-0.519280198728666,79.3895721435547,2011.20239257812,248.568740844727
2018,12,"50",24.8000001907349,0.0365677376686096,43.0521666666667,14.0126666666667,5.80641327059366,16.9606847127279,16.8528421401978,21.8716920216878,10.8214751243591,37.2344113667806,37.2389095306396,37.7170393625895,37.1235516548157,0.76862943166246,4.97535083983094,7.3200049161911,-0.0930758171249181,27.346508026123,273.465087890625,42.1136245727539
2018,12,"51",29.3999996185303,0.0377883375907898,45.3363333333333,13.0848333333333,3.85444193633635,17.0906477504306,15.2506341139475,19.6326835420397,10.1359853744507,37.5364552603828,37.7956040700277,37.8140399720934,38.0133000214895,0.0318919418690105,3.15981172521909,3.52917380796538,0.485458673142906,0,344.021484375,48.9039764404297
2018,11,"53",40.4499988555908,0.0188905787956238,44.5621666666667,13.555,1.83598868514216,16.5912824630737,14.2654999732971,15.7234227498372,11.7748059272766,38.1483632405599,38.0920490264893,38.0915958404541,38.2870879173279,0.216656016170358,2.40600768923759,2.13586411078771,0.245134604652412,0,476.427917480469,75.1697387695312
2018,11,"54",46.8999996185303,0.03900893751297,44.2343333333333,12.986,3.68843501531161,16.6020830154419,13.2269982337952,14.8946299235026,11.5519315242767,37.9483665466309,38.0431999206543,38.1343827565511,38.1098799705505,-0.358480943242709,0.712676875921898,2.39091955820719,-0.419106992636807,76.9054489135742,794.689697265625,119.38289642334
2018,12,"55",16.1500000953674,0.0365677376686096,45.3826666666667,12.4495,4.35859128020026,15.682684135437,19.8557239532471,25.0461640675863,10.0406936168671,34.8615161895752,36.6200073242187,36.1394264221191,36.2244264602661,3.4824953439335,15.5094153642654,24.5338131904602,5.25230413228273,1767.51391601562,6784.97265625,779.51611328125
2018,12,"56",26.6499996185303,0.0377883375907898,45.3331666666667,12.8833333333333,3.28178087500639,17.0589927037557,15.3630034923553,20.080067952474,9.84792882204056,37.2358144124349,37.7607329686483,37.7398808797201,37.9554233551025,0.0468591126716799,2.90757192671299,4.36187863349915,0.381579333731982,0,635.116577148438,89.9748458862305
2018,12,"57",28.9500007629395,0.034909157774353,45.0803333333333,12.7261666666667,3.36639654455763,17.1992026170095,14.1351087093353,18.5862997372945,10.2014915347099,37.4202380180359,37.7592663764954,37.9183656374613,37.9255599975586,-0.393670889238517,3.17210306227207,3.42918582710748,-0.474488720239606,85.9373321533203,2492.1826171875,300.121826171875
2018,11,"58",36.1999988555908,0.0377883375907898,45.042,13.2526666666667,1.96126603802969,17.0094824367099,14.3271345297496,18.1188317404853,10.376725991567,37.8841364118788,37.7777589162191,37.8970611360338,38.0544434388479,-0.154209637290074,1.58177923162778,1.95105750030941,0.212405822218898,26.4631900787354,555.726989746094,64.1092834472656
2018,12,"59",32.9000005722046,0.0377883375907898,44.7008333333333,12.7575,5.62959736633301,17.0336691538493,13.1295754432678,17.0539182027181,10.7887403011322,37.8164009094238,37.8844003677368,38.0295082092285,37.9648211479187,-0.74428720548749,-0.974705791473389,2.56543827851613,-1.21574097722769,0,317.558288574219,46.3635101318359
2018,12,"6",29.1000003814697,0.0195008787567139,45.2593333333333,12.8895,3.88069502264261,17.1725842793783,14.8528346061707,19.4903024037679,9.8836653470993,37.4243406931559,37.7627067565918,37.8084256490072,38.0119235038757,-0.0284792254368464,2.7392887711525,4.14418382644653,0.134302683756687,0,256.398681640625,36.511173248291
2018,11,"60",40.8499984741211,0.020111178717804,44.6713333333333,13.5065,1.88966458712437,16.8578033977085,13.8127859433492,16.0143967204624,11.3900969823202,38.1133168538411,38.0242145856222,38.0847367180718,38.2114798227946,-0.030445778897653,2.13803285857042,2.16371685266495,0.27946244682001,0,745.853820800781,122.220581054688
2018,11,"61",31,0.0365677376686096,44.4485,12.673,5.86529038846493,17.3635548273722,13.5263412475586,17.0219055811564,10.1895448207855,37.6383076985677,37.9317949295044,38.0294144948324,37.6536752700806,-0.733507196605205,1.43485428094864,3.00977441867193,-1.88695011734962,27.346508026123,300.811584472656,46.3249855041504
2018,11,"62",33.3500003814697,0.0377883375907898,44.4456666666667,12.7408333333333,5.62438386306167,17.0115458170573,13.1784907341003,16.2649752934774,10.4883147239685,37.8042636871338,37.9720232009888,38.0695505777995,37.7764503479004,-0.618485981722673,1.17794734835625,2.95035576025645,-1.43337520956993,0,132.315948486328,23.6316299438477
2018,11,"63",13.2300000190735,0.0365677376686096,44.2038333333333,12.604,5.70938674926758,17.3385094801585,19.7370450496674,26.4340553283691,10.0884363055229,35.4106675783793,36.5924119949341,36.7446851730347,35.9630215167999,0.210771128535271,3.1316833794117,17.7352143923442,-0.789624498836929,2067.9384765625,1130.47302246094,120.569328308105
2018,11,"64",7.95000028610229,0.0365677376686096,44.139,12.524,4.18001576957353,15.3603622913361,23.2489330768585,27.3286217053731,9.94556528329849,33.8000454902649,34.1326549053192,35.1929492950439,34.3922607898712,5.27246935168902,21.2122651543468,36.3824939727783,16.4435972212814,355.504608154297,109.386032104492,9.98147487640381
2018,11,"65",15.3000001907349,0.0365677376686096,44.0896666666667,12.7568333333333,5.63071963583776,16.8303265889486,19.8490463256836,26.2438639322917,9.97183718681335,35.2342004140218,36.2718420028687,36.4725985209147,35.8611625671387,1.34901623725891,5.01249210983515,19.0057764371236,0.426124896854162,656.316223144531,1203.24633789062,146.417114257812
2018,12,"66",17.1499996185303,0.0365677376686096,43.589,13.682,5.07557196386399,16.9305175145467,18.5244392156601,24.631511370341,10.5811474919319,36.5255846977234,36.5876665115356,36.9416753451029,36.5342761278152,0.594182319318255,7.35317045263946,11.869347512722,0.165179724805057,27.346508026123,2543.22534179688,312.816711425781
2018,12,"67",45.4499988555908,0.0365677376686096,43.3581666666667,13.9841666666667,6.24013619911014,16.3643968582153,13.0598142623901,15.1075159708659,11.6020325660706,37.7990398406982,38.0602842330933,38.2535035451253,37.8095849990845,-0.577328239132961,0.667212914209813,2.49500234747926,-0.603238883987069,0,300.811584472656,47.8290405273438
2018,12,"68",14.4500002861023,0.0365677376686096,42.899,13.9776666666667,4.40113122541396,16.6061358451843,21.5899350643158,26.4826838175456,10.5039302110672,37.1099546750387,36.0435481071472,36.9194625218709,36.5488175153732,3.90193614674111,14.0505049824715,15.3527974685033,3.27004598127678,109.386032104492,628.969665527344,82.8599243164062
2018,12,"69",65.2999992370605,0.0365677376686096,42.6578333333333,14.2616666666667,5.81018067932129,16.3399297078451,12.9844034194946,14.4625710805257,12.064759349823,38.020948155721,38.0797748565674,38.3704344431559,37.9917894363403,-0.417371266459425,0.0848244681488723,0.957613126405825,-0.44681370742619,0,27.346508026123,3.58239245414734
2018,12,"70",25.4500007629395,0.0365677376686096,42.5736666666667,14.2395,5.01157996011159,17.0063140233358,16.224188041687,19.5467845916748,11.2567862510681,37.5488609313965,37.5506940841675,37.8494159698486,37.3714634895325,0.44260996542871,2.78442487344146,5.35356241464615,0.10115590733476,0,273.465087890625,39.433666229248
2018,12,"71",14.9499998092651,0.0377883375907898,42.266,14.5678333333333,4.08019100718138,17.3357048034668,20.9882854223251,26.0559616088867,11.4359295964241,37.5279200871785,36.6332497596741,37.2717498143514,37.0462003946304,4.15048899191121,13.4468009322882,11.5977490743001,4.29687626939267,0,211.705520629883,26.6748962402344
2018,12,"72",92.7999992370605,0.0365677376686096,42.2603333333333,15.3335,5.58340259458198,15.3578310807546,12.2914216518402,12.8010358810425,12.9364190101624,38.6660361289978,38.1200397014618,38.2593642870585,38.3209458589554,-0.0862173172645271,-0.0221531907081953,-0.017025179930594,-0.241906027542427,0,0,0
2018,12,"73",18.9499998092651,0.0365677376686096,42.09,14.8896666666667,5.00861644744873,17.3483265240987,20.5151567459106,25.789288520813,11.5239620804787,37.6460846265157,36.838743686676,37.4881776173909,37.2464838027954,2.6582542732358,10.2653217241168,10.4769592483838,2.17226993502118,27.346508026123,218.772064208984,26.2253017425537
2018,12,"74",13.2999997138977,0.00852983945617676,41.9696666666667,15.0953333333333,5.06698135194324,17.0839967727661,22.1637356281281,26.6777181625366,11.6248992681503,37.6949906349182,36.6855747699738,37.5104962984721,37.2451694011688,5.94140909612179,18.6918944716454,12.2605048616727,7.26947471546009,117.235496520996,117.235496520996,16.7646751403809
2018,12,"75",68.5,0.0365677376686096,42.0363333333333,15.4778333333333,5.34325083819303,15.9886696338654,13.3921613693237,14.2076858679454,12.1041365265846,38.1477915445964,38.0986430644989,38.2020780245463,37.8944102525711,-0.38164475094527,-0.132212413052912,1.58924395870417,-0.580621451605111,0,0,0
2018,12,"76",20,0.0365677376686096,41.9975,15.7041666666667,5.59598121958331,17.5796823501587,15.3977004686991,18.4502103593614,11.7698903083801,37.9601005978055,37.9297285079956,37.9218896230062,37.6779562632243,0.283190190378163,1.37693250675996,4.27102445231544,-0.448738771801194,0,82.0395278930664,12.7434720993042
2018,12,"8",8.84999990463257,0.0377883375907898,44.8315,12.4826666666667,7.13520720967075,17.1421448389689,19.308413028717,25.4964726765951,10.2727809548378,34.1775738398234,34.3801786899567,34.9759829839071,34.9410231113434,6.2488567304487,13.0326392054558,15.174217355748,2.21471167728305,3598.99389648438,502.800598144531,42.2617149353027
2018,12,"9",31.8000001907349,0.0377883375907898,45.3488333333333,12.9306666666667,3.6574912071228,17.0558465957642,15.2913096427917,19.8479705810547,9.90272400379181,37.2973239898682,37.774681854248,37.7719295501709,37.9893180847168,0.00923864617943764,2.76425102949142,4.02142899831136,0.333695198700298,26.4631900787354,899.748474121094,119.004974365234
2018,12,"45",20.25,0.00884575943603516,45.6083333333333,13.5288333333333,3.49849867092744,16.8301135381063,18.2045257568359,23.1331197102865,9.82627794742584,37.3077922821045,37.787689781189,37.5807969411214,37.8502583503723,1.84523343729476,5.14086837768555,5.09083276589712,1.84809595104307,0,904.388122558594,135.319076538086
2019,11,"1",18.0500001907349,0.0359933377052307,45.414,12.545,4.73579838382664,16.5694034894307,18.4409542878469,25.3393395741781,10.5860370198886,36.2381703058879,36.476659933726,36.6235890918308,35.9461169242859,3.68075911659333,8.95460378658026,18.5449801286062,6.62592089176178,0,889.053405761719,120.022201538086
2019,11,"10",35.5,0.0365677376686096,45.0845,13.2351666666667,2.18909642770309,18.0297030607859,15.2418609857559,19.9093974431356,11.0674968957901,38.2298409144084,38.101357460022,38.2617813746134,38.1287676095963,-0.182915891365459,1.62502579763532,3.03538424273332,0.388853986456525,0,546.93017578125,78.9767150878906
2019,11,"12",21.25,0.0365677376686096,44.8375,12.5456666666667,6.88699194879243,18.3366670608521,16.6345997651418,23.1833621131049,10.9469379981359,36.6294076707628,36.3714470068614,36.9115048514472,36.2545674641927,1.26554957650498,5.58107987294594,2.85536147804103,0.0125850202360501,2898.72973632812,902.434753417969,108.647674560547
2019,12,"13",34.4500007629395,0.0365677376686096,44.6106666666667,12.7511666666667,5.17072350795452,17.8421700000763,14.8137032985687,19.2983700434367,11.2212008237839,38.1833732922872,38.1915538311005,38.380567073822,37.9789716005325,-0.85376534521735,-0.9304667301476,2.02990408691888,-0.303409648691286,0,54.6930160522461,8.88761520385742
2019,11,"14",41.9500007629395,0.0365677376686096,44.7486666666667,13.172,3.06882886091868,18.0868867238363,14.8937110900879,18.538084242079,11.5682101249695,38.3409385681152,38.2114550272624,38.4759802288479,38.3372246424357,-0.347053562911848,0.220541414998782,2.18279297235939,0.178472053958103,0,1121.20678710938,136.595809936523
2019,12,"16",8.40000009536743,0.0365677376686096,44.2913333333333,12.3848333333333,4.55904830877598,15.7725466092428,20.9408345222473,27.2330516179403,10.2708354592323,34.6024761199951,34.0693864822388,34.7143398920695,33.8512446880341,4.35885437360654,13.8919179439545,37.9738439718882,4.86389197781682,1968.94860839844,54.6930160522461,3.7464714050293
2019,12,"17",20.5499992370605,0.0243760984458923,44.3296666666667,12.5661666666667,6.2323664251224,18.6167240937551,17.0703592300415,23.5624899864197,11.1900668740273,37.1103684107463,37.0881218910217,37.7845999399821,36.758424282074,1.29342467120538,-0.709361548622837,15.234468738238,0.933760394807905,1312.76123046875,738.42822265625,101.656959533691
2019,12,"18",40.25,0.0365677376686096,44.393,12.8506666666667,4.79677906516911,17.628028233846,14.5830142021179,18.057514444987,11.4956577301025,38.2558368682861,38.2670360565186,38.4650032043457,38.1129551887512,-0.733501157389643,-0.610687683918513,1.52243427634239,0.0221446458424907,0,382.851104736328,51.3020515441895
2019,11,"19",46.4500007629395,0.0182802788345337,44.4658333333333,13.1595,2.02723197327104,17.7121138890584,14.969370174408,17.2852723439535,11.9710780143738,38.5588359832764,38.3578125,38.5497669219971,38.3710510253906,-0.207982269084702,0.496151876449585,2.34508981307348,0.272409547353163,0,1531.70532226562,231.506301879883
2019,11,"2",14.25,0.0372354776260376,45.6123333333333,13.1266666666667,4.3570382711364,16.9243307113647,18.9575033187866,25.1979301770528,11.0316088795662,36.4411832491557,36.3739776611328,36.4361400604248,35.9278419017792,7.56077121694883,15.6266797482967,19.9179652531942,7.86655674874783,859.395385742188,1074.24426269531,134.173110961914
2019,12,"21",18.8999996185303,0.0365677376686096,44.1466666666667,12.7596666666667,6.04653435572982,17.9189851125081,16.9910642623901,23.8439886728923,11.1538358688354,36.8164348602295,36.9396434783936,37.5900995890299,36.6825240135193,0.841363513469696,1.7664318099618,16.0130457719167,3.08187081813812,738.355712890625,464.890625,57.345630645752
2019,11,"22",56.2999992370605,0.0182802788345337,44.4045,13.6511666666667,2.24219261169434,17.6434464772542,14.9343367576599,16.5620679219564,12.5202262878418,38.6331469217936,38.5199153900146,38.5927412668864,38.382926940918,0.0581259417037169,1.26994451880455,1.69341622392337,0.120951160951518,0,765.852661132812,156.398056030273
2019,11,"23",58.1000003814697,0.0182802788345337,44.3411666666667,14.0341666666667,2.16167973439524,17.3089997609456,14.736767578125,16.4018293380737,12.8210284233093,38.6544377644857,38.5238796234131,38.6035962422689,38.4075331687927,-0.0557546659062306,1.08186495900154,1.55823824206988,-0.0150108131114393,0,820.556396484375,154.483413696289
2019,12,"24",14.8000001907349,0.0365677376686096,43.9146666666667,13.0291666666667,4.83929208319957,16.5942556063334,18.6514233350754,25.9855268796285,10.6488645076752,36.1264638900757,35.7730584144592,36.3963087399801,35.378159403801,2.10726918652654,14.4217223525047,27.3868781725566,3.96091031469405,1039.16735839844,519.583679199219,78.4297866821289
2019,12,"25",21.9499998092651,0.0372354776260376,43.9718333333333,13.0748333333333,5.74994125673848,17.6297333399455,16.3833421707153,22.5457742055257,11.3639898300171,37.0188100179036,37.1861560821533,37.631828435262,36.8274230003357,0.632766380906105,3.85788484066725,12.5070012013117,1.40027694581077,53.7122116088867,617.6904296875,98.7499008178711
2019,11,"26",57.5999984741211,0.0365677376686096,44.0478333333333,13.3235,3.77985904033367,16.8437616984049,14.014052772522,15.0812021255493,12.0206907749176,38.438069152832,38.3575160980225,38.3442565917969,38.2775368690491,-0.402611139727136,-0.479030777513981,1.15251481135686,-0.128527191487228,0,546.93017578125,98.1739654541016
2019,12,"27",13.8500003814697,0.0378960375839233,43.7968333333333,13.1965,5.05638101365831,16.5799237569173,18.7685472488403,25.9265256245931,10.6096880912781,36.4101036071777,35.8254724502563,36.4613487243652,35.4510774612427,5.37729215696454,17.9901953697205,28.5209729830424,7.05142016112804,290.267791748047,211.103851318359,34.8849105834961
2019,12,"28",24.6999998092651,0.0365677376686096,43.7935,13.378,5.83662572479248,17.619113445282,15.9281897544861,21.5898394054837,11.5642863512039,37.2451734542847,37.3757268587748,37.7089168760512,36.957891146342,0.516199028326405,5.97507238388062,9.96301213237974,1.1468160781078,0,711.009216308594,117.097747802734
2019,12,"29",42.25,0.0372354776260376,43.7273333333333,13.6083333333333,5.44782785385374,17.4485351244609,14.4025489091873,17.0616865158081,12.211087346077,37.9621119499207,38.1227087974548,38.2854437828064,37.7510722875595,-0.581924645851056,0.920082256197929,2.5875916009148,0.128100935864495,0,107.424423217773,21.0283317565918
2019,11,"3",14.9499998092651,0.0124142192085266,45.6433333333333,13.4983333333333,3.12964708621685,17.4527469476064,17.7759006023407,24.102055867513,11.1545256376266,37.704124768575,37.7180082798004,37.8159600893656,37.5226194858551,3.29585997391647,7.77538925409317,9.37553928295771,4.22767547657713,0,483.316711425781,75.2363052368164
2019,11,"30",71.5,0.0365677376686096,43.9681666666667,14.3366666666667,3.06080408922331,17.3586292902629,14.8592047691345,14.9550865809123,13.2685547828674,38.700718053182,38.589670753479,38.5169905344645,38.4420478820801,-0.195297012773032,0.272101499512792,0.903903273399919,-0.167946656048298,0,0,0
2019,11,"31",13.0999999046326,0.0365677376686096,43.5786666666667,13.611,4.75765264277555,17.0091440412733,18.2162555058797,25.558559205797,10.8096742630005,36.9879239400228,36.2169497807821,36.7284829881456,35.8504193623861,4.10429808083508,18.8957708676656,25.7171063952976,4.97050918017824,191.425552368164,1148.55334472656,150.02294921875
2019,11,"32",71.5,0.0365677376686096,44.0495,14.4995,2.74742561162904,17.3126425213284,15.2564729054769,15.6803754700555,13.2654716968536,38.6958083046807,38.6120835940043,38.5943948957655,38.4370347658793,-0.127833026946367,0.576333951205015,1.16505622491241,-0.150516552918513,0,328.158111572266,62.4594230651855
2019,12,"33",11.25,0.0268172982902527,43.3841666666667,13.714,4.68037002285322,16.7411768171522,19.6811129252116,26.805563820733,10.8853181203206,37.1277425554064,36.2929563522339,36.5537232293023,35.7569537162781,8.74700990484821,24.7635753154755,32.148548550076,9.59028968789304,223.736175537109,74.578727722168,12.7156734466553
2019,12,"34",20.75,0.0365677376686096,43.3491666666667,13.889,5.65817967537911,17.6245882670085,16.8297807693481,23.6003318786621,11.4194267749786,37.4732214609782,37.0649328231812,37.5548890431722,36.696840763092,2.9027884443601,9.69283193349838,13.0787343184153,2.90838790982962,0,300.811584472656,45.6139755249023
2019,12,"35",79.3499984741211,0.0365677376686096,43.4583333333333,14.196,5.15327346231055,16.4351582527161,12.8702318668365,15.2544701894124,13.2779867649078,38.6192598342896,38.3234324455261,38.6751939455668,38.393510222435,-0.220278118271381,-0.175507047213614,-0.0437886008100274,-0.276585299056023,0,0,0
2019,11,"36",51.9500007629395,0.0358999977111816,43.6986666666667,13.7108333333333,5.75556092750369,17.1041280110677,13.9280544281006,15.7080651601156,12.3367298126221,38.2080301920573,38.2411079406738,38.3674110412598,37.963745880127,-0.62508627337714,-0.0650007128249854,0.851845260709524,-0.148591687483713,0,222.841217041016,48.6350975036621
2019,12,"37",16.7999997138977,0.0365677376686096,43.1088333333333,13.9338333333333,5.44050883865356,17.6526472568512,17.6643542051315,25.3014003435771,11.2675755023956,37.5865635871887,36.8072471618652,37.4220960934957,36.5025938749313,3.52505280574163,11.934203773737,16.8816346724828,3.40771331451833,0,191.425552368164,27.7020130157471
2019,12,"38",70.4499969482422,0.0365677376686096,43.3793333333333,14.1595,5.68726737712457,16.6353602091471,12.9942817687988,15.6480959574382,13.1482238769531,38.5720556894938,38.2984636306763,38.6728486378988,38.3267371177673,-0.303942231461406,-0.238343661651015,0.0604468810061614,-0.338741146959364,0,54.6930160522461,14.8218069076538
2019,11,"4",14.5999999046326,0.0372354776260376,45.1056666666667,12.3828333333333,5.27640773836246,17.2803700764974,17.6914728482564,25.0728969573975,10.4912339846293,35.6860188378228,35.2274462381999,35.8845272064209,35.324473063151,1.91705225904783,2.1568348283569,6.02939809362094,3.57171656936407,2927.31567382812,375.985473632812,40.4452934265137
2019,11,"43",9.14999985694885,0.0310247780220032,45.3866666666667,12.3996666666667,4.0648999147945,15.4656598409017,19.5809423446655,25.8954992930094,10.239421248436,35.8284341176351,35.7397884368896,36.2844937642415,35.4692746162415,6.51441813533505,19.8694779157639,28.2622675259908,10.9743984997272,676.878295898438,354.555297851562,34.939811706543
2019,11,"44",20.25,0.0372354776260376,45.4641666666667,12.712,5.24863068262736,17.6341050465902,17.5728847185771,24.7814585367839,10.8174963792165,37.1526020897759,37.0558241208394,37.2477135128445,36.7196633815765,2.58108420297503,4.11887199571356,13.792105489307,3.91609985940158,26.8561058044434,644.546569824219,95.2854690551758
2019,11,"46",23.1000003814697,0.0365677376686096,44.9085,12.62,6.35435695118374,18.5024446487427,15.9238067626953,22.2324153900146,11.1057542324066,37.4198417663574,37.3598861694336,37.7244164784749,37.1012128829956,-1.19587749565641,-1.28357699066401,-1.54164039380848,-1.47467739833519,3390.96704101562,793.048706054688,89.5051193237305
2019,11,"47",27.5500001907349,0.0365677376686096,44.579,12.538,6.01061752230622,18.2539037598504,15.6465616226196,21.1066916783651,10.9175097942352,37.6870549519857,37.7321151097616,38.142294353909,37.3048670291901,-0.963713115702073,-1.53938823193312,4.3912410305606,-1.60582801699638,875.088256835938,793.048706054688,102.303291320801
2019,12,"48",8.29999971389771,0.0243760984458923,44.0646666666667,12.6236666666667,4.72112912113227,15.8641019397312,20.2418826421102,27.0611527760824,10.145189166069,35.293052037557,34.6401920318604,35.4313791063097,34.4263361295064,5.24067048976819,29.3268195788066,39.9849231508043,8.3727653088669,205.118942260742,41.0237884521484,8.40987682342529
2019,11,"49",27.1999998092651,0.0365677376686096,43.5806666666667,13.773,5.41756520843506,17.6583352088928,15.2467008829117,20.1399728457133,11.9877163767815,37.6251997947693,37.7169950008392,37.9843405087789,37.2422804832458,0.270436810019116,4.79562386590987,6.64905864993731,1.40706755477004,0,191.425552368164,28.2489433288574
2019,11,"5",25.2000007629395,0.0372354776260376,45.1425,12.5183333333333,3.55280001958211,17.7172016143799,15.8720344543457,22.4103145599365,10.7982484817505,37.5251052856445,37.6042358398438,37.8665414174398,37.3240648269653,-0.516830174811184,-1.57511975355446,5.88248415986697,0.568497111834586,187.992736816406,1369.66137695312,166.400436401367
2019,12,"50",25.0500001907349,0.0365677376686096,43.0481666666667,14.0161666666667,5.79714972578634,17.8755702177684,15.4148516654968,21.3815854390462,12.0032287240028,37.8923052151998,37.638281583786,38.1745106379191,37.3009260892868,0.788766897593935,3.46506081987172,6.10875368614991,0.885552975989413,0,82.0395278930664,25.3228664398193
2019,11,"51",31.5,0.0365677376686096,45.3343333333333,13.0573333333333,3.91153387228648,17.7309235731761,15.7045497894287,20.7776543299357,10.6983237266541,38.088033358256,38.0077958106995,38.0721127192179,37.9071881771088,0.110209414580216,2.09551785886288,3.89192455013593,0.887361796572804,109.386032104492,628.969665527344,96.4784774780273
2019,11,"53",43.9500007629395,0.0182802788345337,44.565,13.5541666666667,1.82901503226554,17.858403523763,15.3940703868866,18.2828316688538,12.2794778347015,38.6132157643636,38.473046541214,38.6396088600159,38.3915494680405,0.15403109457111,2.09320339560509,2.6762533634901,0.338784316496458,0,547.03759765625,97.0991821289062
2019,12,"54",46.7999992370605,0.0365677376686096,44.2435,12.9751666666667,3.66623258401477,17.4461164474487,14.4696006774902,16.7128988901774,11.8138555884361,38.3542408943176,38.3150408267975,38.4245298703512,38.213808298111,-0.52362154579411,-0.548851339612156,1.47861535971363,0.0668196860933676,27.346508026123,1066.51379394531,129.786529541016
2019,11,"55",15.6499996185303,0.0365677376686096,45.386,12.4706666666667,4.3809839120278,16.1570288976034,18.5543899536133,25.4044974009196,10.5167181968689,36.0969262440999,36.3297494888306,36.6598206837972,35.8931883811951,3.2184239556392,8.93900461792946,20.3345429738363,6.3889257401228,2488.5322265625,4375.44140625,436.778442382812
2019,11,"56",28,0.0365677376686096,45.327,12.8693333333333,3.11633360475526,17.5552928182814,15.8036239147186,21.5536076227824,10.5823916196823,38.0198471281264,37.9034783045451,37.9873739878337,37.6814092795054,0.381246912914018,2.37891132136186,5.15189048316744,1.21401501982473,0,1394.671875,216.14680480957
2019,11,"57",29.6999998092651,0.0372354776260376,45.0758333333333,12.7341666666667,3.45351228827522,17.9187002182007,15.3380239486694,20.6860958099365,10.7660856723785,37.9316949208578,37.9746185302734,38.0887794494629,37.752347278595,-0.365907836208741,0.186159219511319,4.47117147048314,0.156968326505739,53.7122116088867,1477.08581542969,192.28971862793
2019,11,"58",37.5,0.0372354776260376,45.0286666666667,13.2446666666667,2.00572065985392,18.0734724680583,15.0976135253906,19.6565246582031,11.0977876186371,38.2510213216146,38.1130540847778,38.2862550099691,38.1494239807129,-0.396396344527602,1.21990612000227,2.48091055750847,0.219581570115406,0,644.546569824219,91.6598968505859
2019,12,"59",33.2999992370605,0.0365677376686096,44.7015,12.7585,5.63326998054981,17.8637582778931,14.836331653595,19.5661137898763,11.1601461410522,38.1572265625,38.163783454895,38.332297261556,37.9751254081726,-1.01238070105513,-1.06433674693108,1.07235421544562,-0.664540352765471,0,82.0395278930664,16.4625968933105
2019,11,"6",29.6499996185303,0.0182802788345337,45.2575,12.872,3.63212793423579,17.6693932215373,15.6575233141581,21.3610810173882,10.6052023967107,38.0221413506402,37.9531906445821,38.0009770923191,37.7926926612854,0.228282191195629,1.746879187723,4.99469611379835,0.932492688298225,0,437.630096435547,65.316291809082
2019,11,"60",42.6499996185303,0.0186177388130188,44.6775,13.4861666666667,1.92975500784814,18.0188067118327,15.2789719581604,18.2739495595296,11.9514934062958,38.5356557210286,38.3468723297119,38.5920486450195,38.3245676040649,-0.0338341489026789,2.28848910331726,2.9469282190005,0.369075706601143,53.7122116088867,2041.06408691406,355.521118164062
2019,12,"61",31.8000001907349,0.0365677376686096,44.4613333333333,12.6538333333333,5.82149154182494,17.9733042399089,15.0474236488342,19.6029571533203,11.1293566703796,37.9766404469808,38.0567958831787,38.3468240102132,37.7216160774231,-0.967257325847944,-1.03545260429382,3.19967401425044,-0.962757356371731,54.6930160522461,492.237152099609,85.977424621582
2019,12,"62",35.1500015258789,0.0365677376686096,44.4415,12.7298333333333,5.70686423684668,17.8168173631032,14.7476727962494,18.9035752614339,11.2710268497467,38.1345070203145,38.1949071884155,38.4150554339091,37.9415820837021,-0.821646874770522,-0.863408718258142,2.24160664652785,-0.600318368175067,0,82.0395278930664,9.29781246185303
2019,12,"63",14.9499998092651,0.0365677376686096,44.201,12.606,5.6936366558075,17.5829470157623,18.2440730333328,25.8680141766866,11.1487304568291,36.1089366277059,36.171511888504,37.0055686632792,35.9194285869598,1.2014839053154,2.72095227672253,23.2610077063243,4.86289592832327,1832.21606445312,273.465087890625,42.250358581543
2019,12,"64",8.80000019073486,0.0243760984458923,44.1533333333333,12.5126666666667,4.03605536052159,15.9814016024272,20.4869244098663,27.2890149752299,10.3805255293846,35.0965078671773,34.5338680744171,35.2997881571452,34.2882714271545,7.42104272451252,30.8143281638622,42.8451269467672,8.55315911024809,410.237884521484,0,0
2019,12,"65",14.6500000953674,0.030471918057251,44.0871666666667,12.7615,5.60596654528663,17.0350489298503,18.1106190681458,25.6581624348958,10.9657385826111,36.0852038065592,36.0427667617798,36.7158671061198,35.807700252533,2.41709308127562,7.83512504566461,26.2033409754435,5.17505672872066,590.707763671875,393.805206298828,43.4170227050781
2019,11,"66",18.75,0.0365677376686096,43.5718333333333,13.6846666666667,5.02978400039673,17.3751995563507,17.0072923898697,23.9250273704529,11.2383971810341,37.1594613393148,36.829897403717,37.2122470537821,36.3570884466171,2.12772237043828,12.1103269159794,16.4205267031987,2.91352463024668,0,1613.44396972656,204.907379150391
2019,12,"67",48.6500015258789,0.0365677376686096,43.3513333333333,14.3323333333333,4.4391243159771,16.5177326997121,13.0552196502686,15.3636501630147,13.4846492409706,38.7214744885763,38.3882336616516,38.7549409866333,38.4770628213882,-0.153101856277014,-0.0710603786574211,0.208707854326349,-0.260063959984109,0,27.346508026123,4.37544107437134
2019,12,"68",14.4499998092651,0.0365677376686096,42.8986666666667,13.9773333333333,4.40113122541396,17.5352250734965,18.6739202737808,26.0775982538859,11.1942045092583,37.6714100837708,36.6617655754089,37.3035403887431,36.3252892494202,4.49170113292833,16.1940622329712,21.8116190433502,6.08664839837002,27.346508026123,82.0395278930664,14.0014123916626
2019,12,"69",66.4500007629395,0.0365677376686096,42.661,14.2626666666667,5.83468735314966,17.0028480529785,14.0924470901489,16.1276553471883,13.2764434814453,38.4210755666097,38.3636905670166,38.7071446736654,38.21116065979,-0.446552303060889,0.0766849484294653,0.637182213738561,-0.355011658556759,0,0,0
2019,12,"70",26.8999996185303,0.0365677376686096,42.5878333333333,14.2315,5.08590029888466,17.9629803498586,15.9613791704178,21.4604651133219,12.1112238764763,37.9991175333659,37.5493202209473,38.1817928949992,37.255660533905,1.16546319060338,4.18104963074438,7.17193296551704,1.7386901206919,0,82.0395278930664,12.278582572937
2019,12,"71",16.6499996185303,0.0243760984458923,42.2726666666667,14.573,4.09992667228456,18.2218160629272,17.5366843938828,24.304624080658,11.6987083554268,37.9867572784424,37.103836774826,37.780225276947,37.0245342254639,2.91551757153744,9.58602118492126,13.2725629607836,4.19902343774447,0,410.237884521484,106.415702819824
2019,12,"72",91.8500022888184,0.0365677376686096,42.2616666666667,15.3155,5.57073624801636,16.1575714747111,13.9813008308411,14.1815971533457,13.8690202832222,38.8135058085124,38.6096103191376,38.7158335049947,38.578587770462,-0.143277792153337,-0.105364682152867,-0.0107279706571717,-0.218996341573074,0,0,0
2019,12,"73",18.3999996185303,0.0365677376686096,42.096,14.8765,5.00861644744873,18.1256861686707,18.1308072805405,25.4929706255595,11.7013651132584,38.0672605832418,36.9978201389313,37.7585207621257,37.1352795362473,5.09205322157747,12.3715333044529,15.9364277323087,5.02939606038854,0,464.890625,52.0130615234375
2019,12,"74",15.3500003814697,0.0365677376686096,41.9803333333333,15.0883333333333,5.0669770765742,18.0410990715027,18.7141017913818,26.0374080340068,11.6212562322617,38.1315418879191,36.9929103851318,37.7729651133219,37.1796498298645,6.51614419681331,15.1109356284142,17.1233855287234,6.71485512005165,27.346508026123,300.811584472656,37.3553276062012
2019,12,"75",69.2000007629395,0.0365677376686096,42.038,15.4818333333333,5.34525760014852,16.8234342734019,14.6049731969833,15.7165166536967,12.6233193278313,38.5672477086385,38.4721293449402,38.6683076222738,37.9384359121323,-0.462848245011022,-0.108321068575606,0.594142072523634,-0.563831470673904,0,0,0
2019,12,"76",19.8500003814697,0.0365677376686096,41.9963333333333,15.6978333333333,5.59024660126502,18.3596053123474,15.8557965755463,19.5967798233032,12.0586661100388,38.4178365071615,38.1559448242188,38.5735546747843,37.6196992397308,0.317314369914432,1.9780346006155,3.55916007359823,-0.248462953604758,0,136.732543945312,12.5793933868408
2019,11,"8",9.94999980926514,0.0372354776260376,44.8288333333333,12.479,7.13642407307583,17.8258423805237,17.8918809890747,24.9423398971558,10.7572247982025,35.0997568766276,34.3847320079803,35.1980463663737,34.7084279060364,6.64333671828111,20.7535913437605,11.3881070278585,3.80703770183027,18960.41015625,510.266021728516,61.8764724731445
2019,11,"9",32.7999992370605,0.0365677376686096,45.3478333333333,12.9288333333333,3.65533535182476,17.5667034784953,15.7131506919861,21.2378049214681,10.5989171504974,38.0421568552653,37.9480533599854,38.0182721455892,37.744730091095,0.350623180841406,2.06067486405373,4.45078202088674,1.01015921123326,54.6930160522461,711.009216308594,97.0801086425781
2019,11,"45",23.75,0.00609581961135864,45.571,13.533,3.83119321808102,17.1973503748576,17.0800104141235,23.174787012736,10.8107650279999,37.9950532277425,37.8573692321777,38.0565821329753,37.811948299408,1.54826533027614,4.67486974000931,5.32219432195028,2.28390156365931,0,328.093688964844,50.1983337402344
2019,11,"45bis",23.5999994277954,0.00620351960449219,45.5713333333333,13.5235,3.71435599733693,17.1973503748576,17.0800104141235,23.174787012736,10.8107650279999,37.9950532277425,37.8573692321777,38.0565821329753,37.811948299408,1.54826533027614,4.67486974000931,5.32219432195028,2.28390156365931,0,322.397613525391,44.9744720458984
